ISO-10303-21;
HEADER;
/* Generated by software containing ST-Developer
 * from STEP Tools, Inc. (www.steptools.com) 
 */

FILE_DESCRIPTION(
/* description */ (''),
/* implementation_level */ '2;1');

FILE_NAME(
/* name */ 'PySpectrometer2 Pocket Spectrometer Frame Rev 1.step',
/* time_stamp */ '2024-10-22T19:01:03-06:00',
/* author */ (''),
/* organization */ (''),
/* preprocessor_version */ 'ST-DEVELOPER v20',
/* originating_system */ 'Autodesk Translation Framework v13.20.0.188',

/* authorisation */ '');

FILE_SCHEMA (('AUTOMOTIVE_DESIGN { 1 0 10303 214 3 1 1 }'));
ENDSEC;

DATA;
#10=MECHANICAL_DESIGN_GEOMETRIC_PRESENTATION_REPRESENTATION('',(#13),#5358);
#11=SHAPE_REPRESENTATION_RELATIONSHIP('SRR','None',#5365,#12);
#12=ADVANCED_BREP_SHAPE_REPRESENTATION('',(#14),#5357);
#13=STYLED_ITEM('',(#5375),#14);
#14=MANIFOLD_SOLID_BREP('Body1',#3076);
#15=B_SPLINE_SURFACE_WITH_KNOTS('',3,1,((#5186,#5187),(#5188,#5189),(#5190,
#5191),(#5192,#5193),(#5194,#5195),(#5196,#5197),(#5198,#5199),(#5200,#5201),
(#5202,#5203),(#5204,#5205)),.UNSPECIFIED.,.F.,.F.,.F.,(4,2,2,2,4),(2,2),
(0.402510933297408,0.403288005559439,0.404215467058861,0.405142928558284,
0.405919885278955),(0.,0.300000000000001),.UNSPECIFIED.);
#16=B_SPLINE_SURFACE_WITH_KNOTS('',3,1,((#5218,#5219),(#5220,#5221),(#5222,
#5223),(#5224,#5225),(#5226,#5227),(#5228,#5229),(#5230,#5231),(#5232,#5233),
(#5234,#5235),(#5236,#5237)),.UNSPECIFIED.,.F.,.F.,.F.,(4,2,2,2,4),(2,2),
(0.402510933297408,0.403288005559439,0.404215467058861,0.405142928558284,
0.405919885278955),(0.,0.300000000000001),.UNSPECIFIED.);
#17=B_SPLINE_SURFACE_WITH_KNOTS('',3,1,((#5290,#5291),(#5292,#5293),(#5294,
#5295),(#5296,#5297),(#5298,#5299),(#5300,#5301),(#5302,#5303),(#5304,#5305),
(#5306,#5307),(#5308,#5309),(#5310,#5311),(#5312,#5313),(#5314,#5315),(#5316,
#5317),(#5318,#5319),(#5320,#5321),(#5322,#5323),(#5324,#5325),(#5326,#5327),
(#5328,#5329),(#5330,#5331),(#5332,#5333),(#5334,#5335),(#5336,#5337),(#5338,
#5339),(#5340,#5341),(#5342,#5343),(#5344,#5345)),.UNSPECIFIED.,.F.,.F.,
 .F.,(4,2,2,2,2,2,2,2,2,2,2,2,2,4),(2,2),(-0.405919885278955,-0.405142928558284,
-0.404215467058861,-0.403288005559439,-0.402360544060016,-0.400505621061171,
-0.39679577506348,-0.389376083068098,-0.374536699077335,-0.344857931095808,
-0.285500395132754,-0.24418276795195,-0.223523954361548,-0.204030740781443),
(-1.6,1.6),.UNSPECIFIED.);
#18=(
BOUNDED_CURVE()
B_SPLINE_CURVE(2,(#5150,#5151,#5152),.UNSPECIFIED.,.F.,.F.)
B_SPLINE_CURVE_WITH_KNOTS((3,3),(0.,0.233029722474472),.UNSPECIFIED.)
CURVE()
GEOMETRIC_REPRESENTATION_ITEM()
RATIONAL_B_SPLINE_CURVE((1.,1.,1.))
REPRESENTATION_ITEM('')
);
#19=CONICAL_SURFACE('',#3336,1.40000000000003,0.785398163397771);
#20=B_SPLINE_CURVE_WITH_KNOTS('',3,(#4917,#4918,#4919,#4920,#4921,#4922,
#4923,#4924,#4925,#4926),.UNSPECIFIED.,.F.,.F.,(4,2,2,2,4),(0.188858192944553,
0.236071577653451,0.28328496236235,0.330500674125728,0.377716385889106),
 .UNSPECIFIED.);
#21=B_SPLINE_CURVE_WITH_KNOTS('',3,(#4928,#4929,#4930,#4931,#4932,#4933,
#4934,#4935,#4936,#4937),.UNSPECIFIED.,.F.,.F.,(4,2,2,2,4),(0.,0.0472157117633779,
0.0944314235267558,0.141644808235654,0.188858192944553),.UNSPECIFIED.);
#22=B_SPLINE_CURVE_WITH_KNOTS('',3,(#4939,#4940,#4941,#4942,#4943,#4944,
#4945,#4946,#4947,#4948),.UNSPECIFIED.,.F.,.F.,(4,2,2,2,4),(0.566574578833654,
0.613787963542551,0.661001348251448,0.708217060014825,0.755432771778202),
 .UNSPECIFIED.);
#23=B_SPLINE_CURVE_WITH_KNOTS('',3,(#4949,#4950,#4951,#4952,#4953,#4954,
#4955,#4956,#4957,#4958),.UNSPECIFIED.,.F.,.F.,(4,2,2,2,4),(0.377716385889106,
0.424932097652483,0.47214780941586,0.519361194124757,0.566574578833654),
 .UNSPECIFIED.);
#24=B_SPLINE_CURVE_WITH_KNOTS('',3,(#4987,#4988,#4989,#4990,#4991,#4992,
#4993,#4994,#4995,#4996),.UNSPECIFIED.,.F.,.F.,(4,2,2,2,4),(0.402510933297408,
0.403288005559439,0.404215467058861,0.405142928558284,0.405919885278955),
 .UNSPECIFIED.);
#25=B_SPLINE_CURVE_WITH_KNOTS('',3,(#5030,#5031,#5032,#5033,#5034,#5035,
#5036,#5037,#5038,#5039),.UNSPECIFIED.,.F.,.F.,(4,2,2,2,4),(0.402510933297408,
0.403288005559439,0.404215467058861,0.405142928558284,0.405919885278955),
 .UNSPECIFIED.);
#26=B_SPLINE_CURVE_WITH_KNOTS('',3,(#5105,#5106,#5107,#5108,#5109,#5110,
#5111,#5112,#5113,#5114,#5115,#5116,#5117,#5118,#5119,#5120,#5121,#5122,
#5123),.UNSPECIFIED.,.F.,.F.,(4,2,2,2,3,2,2,2,4),(0.716610695492201,0.71918723056029,
0.727229432919648,0.731250534099328,0.735271635279007,0.739292736458686,
0.743313837638366,0.751356039997725,0.75393257506583),.UNSPECIFIED.);
#27=B_SPLINE_CURVE_WITH_KNOTS('',3,(#5128,#5129,#5130,#5131,#5132,#5133,
#5134,#5135,#5136,#5137,#5138,#5139,#5140,#5141,#5142,#5143,#5144,#5145),
 .UNSPECIFIED.,.F.,.F.,(4,2,2,2,2,2,2,2,4),(0.348974877852682,0.351551412920786,
0.359593615280145,0.363614716459824,0.367635817639504,0.371656918819183,
0.375678019998862,0.383720222358221,0.386296757426323),.UNSPECIFIED.);
#28=B_SPLINE_CURVE_WITH_KNOTS('',3,(#5156,#5157,#5158,#5159,#5160,#5161,
#5162,#5163,#5164,#5165,#5166,#5167,#5168,#5169,#5170,#5171,#5172,#5173,
#5174,#5175,#5176,#5177),.UNSPECIFIED.,.F.,.F.,(4,2,2,2,2,2,2,2,2,2,4),
(-0.402510933297408,-0.402360544060016,-0.400505621061171,-0.39679577506348,
-0.389376083068098,-0.374536699077335,-0.344857931095808,-0.285500395132754,
-0.24418276795195,-0.223523954361548,-0.204030740781443),.UNSPECIFIED.);
#29=B_SPLINE_CURVE_WITH_KNOTS('',3,(#5207,#5208,#5209,#5210,#5211,#5212,
#5213,#5214,#5215,#5216),.UNSPECIFIED.,.F.,.F.,(4,2,2,2,4),(-0.405919885278955,
-0.405142928558284,-0.404215467058861,-0.403288005559439,-0.402510933297408),
 .UNSPECIFIED.);
#30=B_SPLINE_CURVE_WITH_KNOTS('',3,(#5239,#5240,#5241,#5242,#5243,#5244,
#5245,#5246,#5247,#5248),.UNSPECIFIED.,.F.,.F.,(4,2,2,2,4),(0.402510933297408,
0.403288005559439,0.404215467058861,0.405142928558284,0.405919885278955),
 .UNSPECIFIED.);
#31=B_SPLINE_CURVE_WITH_KNOTS('',3,(#5260,#5261,#5262,#5263,#5264,#5265,
#5266,#5267,#5268,#5269,#5270,#5271,#5272,#5273,#5274,#5275,#5276,#5277,
#5278,#5279,#5280,#5281),.UNSPECIFIED.,.F.,.F.,(4,2,2,2,2,2,2,2,2,2,4),
(0.204030740781443,0.223523954361548,0.24418276795195,0.285500395132754,
0.344857931095808,0.374536699077335,0.389376083068098,0.39679577506348,
0.400505621061171,0.402360544060016,0.402510933297408),.UNSPECIFIED.);
#32=ELLIPSE('',#3100,6.36396103067876,4.49999999999989);
#33=ELLIPSE('',#3122,29.6984848046211,21.0000000000004);
#34=ELLIPSE('',#3132,29.6984848046232,21.0000000000004);
#35=ELLIPSE('',#3134,29.6984848150477,21.0000000000004);
#36=ELLIPSE('',#3143,29.6984848150569,21.0000000000004);
#37=ELLIPSE('',#3275,6.36396103067891,4.49999999999999);
#38=ELLIPSE('',#3312,1.41421356237306,1.);
#39=ELLIPSE('',#3313,1.41421356237306,1.);
#40=ELLIPSE('',#3315,1.41421356237352,1.);
#41=ELLIPSE('',#3316,2.82842712474706,2.00000000000001);
#42=ELLIPSE('',#3318,1.41421356237315,1.);
#43=ELLIPSE('',#3319,1.41421356237266,1.);
#44=ELLIPSE('',#3321,1.41421356237315,1.);
#45=ELLIPSE('',#3329,2.82842712474702,2.00000000000001);
#46=ELLIPSE('',#3330,2.828427124747,2.);
#47=ELLIPSE('',#3335,2.82842712474525,2.);
#48=ELLIPSE('',#3347,1.33975800140208,1.00000000000001);
#49=ELLIPSE('',#3349,1.33975800140208,1.00000000000001);
#50=CYLINDRICAL_SURFACE('',#3097,4.49999999999989);
#51=CYLINDRICAL_SURFACE('',#3101,4.49999999999992);
#52=CYLINDRICAL_SURFACE('',#3119,21.0000000000004);
#53=CYLINDRICAL_SURFACE('',#3147,3.);
#54=CYLINDRICAL_SURFACE('',#3155,3.);
#55=CYLINDRICAL_SURFACE('',#3157,3.);
#56=CYLINDRICAL_SURFACE('',#3172,3.);
#57=CYLINDRICAL_SURFACE('',#3175,3.);
#58=CYLINDRICAL_SURFACE('',#3177,3.);
#59=CYLINDRICAL_SURFACE('',#3199,4.50000000000005);
#60=CYLINDRICAL_SURFACE('',#3202,2.50000000000002);
#61=CYLINDRICAL_SURFACE('',#3205,1.);
#62=CYLINDRICAL_SURFACE('',#3209,3.);
#63=CYLINDRICAL_SURFACE('',#3214,3.);
#64=CYLINDRICAL_SURFACE('',#3216,1.);
#65=CYLINDRICAL_SURFACE('',#3220,1.);
#66=CYLINDRICAL_SURFACE('',#3227,1.);
#67=CYLINDRICAL_SURFACE('',#3237,1.00000000000001);
#68=CYLINDRICAL_SURFACE('',#3238,1.00000000000001);
#69=CYLINDRICAL_SURFACE('',#3239,1.00000000000001);
#70=CYLINDRICAL_SURFACE('',#3240,1.00000000000001);
#71=CYLINDRICAL_SURFACE('',#3242,2.50000000000014);
#72=CYLINDRICAL_SURFACE('',#3249,3.675);
#73=CYLINDRICAL_SURFACE('',#3252,3.);
#74=CYLINDRICAL_SURFACE('',#3254,2.5);
#75=CYLINDRICAL_SURFACE('',#3255,2.50000000000011);
#76=CYLINDRICAL_SURFACE('',#3264,3.);
#77=CYLINDRICAL_SURFACE('',#3274,4.49999999999999);
#78=CYLINDRICAL_SURFACE('',#3288,3.24999999999999);
#79=CYLINDRICAL_SURFACE('',#3292,1.25);
#80=CYLINDRICAL_SURFACE('',#3299,6.45);
#81=CYLINDRICAL_SURFACE('',#3317,1.);
#82=CYLINDRICAL_SURFACE('',#3323,1.);
#83=CYLINDRICAL_SURFACE('',#3326,1.);
#84=CYLINDRICAL_SURFACE('',#3332,2.00000000000001);
#85=CYLINDRICAL_SURFACE('',#3345,1.);
#86=CYLINDRICAL_SURFACE('',#3350,1.00000000000001);
#87=CYLINDRICAL_SURFACE('',#3351,1.00000000000001);
#88=CYLINDRICAL_SURFACE('',#3352,1.);
#89=CYLINDRICAL_SURFACE('',#3354,2.);
#90=FACE_BOUND('',#359,.T.);
#91=FACE_BOUND('',#376,.T.);
#92=FACE_BOUND('',#386,.T.);
#93=FACE_BOUND('',#426,.T.);
#94=FACE_BOUND('',#434,.T.);
#95=FACE_BOUND('',#438,.T.);
#96=FACE_BOUND('',#451,.T.);
#97=FACE_BOUND('',#464,.T.);
#98=FACE_BOUND('',#472,.T.);
#99=FACE_BOUND('',#479,.T.);
#100=FACE_BOUND('',#490,.T.);
#101=FACE_BOUND('',#507,.T.);
#102=FACE_BOUND('',#508,.T.);
#103=CIRCLE('',#3095,3.24999999999999);
#104=CIRCLE('',#3098,4.49999999999992);
#105=CIRCLE('',#3099,4.49999999999989);
#106=CIRCLE('',#3102,4.49999999999992);
#107=CIRCLE('',#3104,21.0000000000004);
#108=CIRCLE('',#3105,2.50000000000014);
#109=CIRCLE('',#3108,1.00000000000001);
#110=CIRCLE('',#3110,1.00000000000001);
#111=CIRCLE('',#3112,1.00000000000001);
#112=CIRCLE('',#3114,1.00000000000001);
#113=CIRCLE('',#3116,3.00000000000001);
#114=CIRCLE('',#3118,3.00000000000001);
#115=CIRCLE('',#3120,21.0000000000004);
#116=CIRCLE('',#3121,21.0000000000004);
#117=CIRCLE('',#3123,21.0000000000004);
#118=CIRCLE('',#3124,21.0000000000004);
#119=CIRCLE('',#3125,21.0000000000004);
#120=CIRCLE('',#3126,21.0000000000004);
#121=CIRCLE('',#3127,21.0000000000004);
#122=CIRCLE('',#3128,21.0000000000004);
#123=CIRCLE('',#3129,21.0000000000004);
#124=CIRCLE('',#3130,21.0000000000004);
#125=CIRCLE('',#3131,21.0000000000004);
#126=CIRCLE('',#3133,21.0000000000004);
#127=CIRCLE('',#3135,21.0000000000004);
#128=CIRCLE('',#3136,21.0000000000004);
#129=CIRCLE('',#3137,21.0000000000004);
#130=CIRCLE('',#3138,21.0000000000004);
#131=CIRCLE('',#3139,21.0000000000004);
#132=CIRCLE('',#3140,21.0000000000004);
#133=CIRCLE('',#3141,21.0000000000004);
#134=CIRCLE('',#3142,21.0000000000004);
#135=CIRCLE('',#3144,21.0000000000004);
#136=CIRCLE('',#3148,3.);
#137=CIRCLE('',#3149,3.00000000000004);
#138=CIRCLE('',#3151,3.);
#139=CIRCLE('',#3152,2.5);
#140=CIRCLE('',#3153,3.);
#141=CIRCLE('',#3154,1.);
#142=CIRCLE('',#3156,3.00000000000001);
#143=CIRCLE('',#3158,3.00000000000001);
#144=CIRCLE('',#3161,2.5);
#145=CIRCLE('',#3165,2.50000000000011);
#146=CIRCLE('',#3168,3.);
#147=CIRCLE('',#3169,2.50000000000011);
#148=CIRCLE('',#3170,3.);
#149=CIRCLE('',#3171,1.);
#150=CIRCLE('',#3173,3.);
#151=CIRCLE('',#3174,3.00000000000004);
#152=CIRCLE('',#3176,3.00000000000001);
#153=CIRCLE('',#3178,3.00000000000001);
#154=CIRCLE('',#3189,3.00000000000004);
#155=CIRCLE('',#3193,3.00000000000004);
#156=CIRCLE('',#3196,4.50000000000005);
#157=CIRCLE('',#3197,2.50000000000002);
#158=CIRCLE('',#3200,4.50000000000001);
#159=CIRCLE('',#3203,2.50000000000002);
#160=CIRCLE('',#3206,1.);
#161=CIRCLE('',#3207,1.00000000000001);
#162=CIRCLE('',#3208,1.00000000000001);
#163=CIRCLE('',#3210,3.);
#164=CIRCLE('',#3215,3.);
#165=CIRCLE('',#3217,1.);
#166=CIRCLE('',#3218,1.);
#167=CIRCLE('',#3219,1.);
#168=CIRCLE('',#3221,1.00000000000001);
#169=CIRCLE('',#3222,1.00000000000001);
#170=CIRCLE('',#3223,1.00000000000001);
#171=CIRCLE('',#3228,1.);
#172=CIRCLE('',#3229,1.);
#173=CIRCLE('',#3234,2.50000000000014);
#174=CIRCLE('',#3245,3.675);
#175=CIRCLE('',#3250,3.675);
#176=CIRCLE('',#3253,3.);
#177=CIRCLE('',#3260,3.);
#178=CIRCLE('',#3273,6.45);
#179=CIRCLE('',#3276,4.49999999999999);
#180=CIRCLE('',#3283,6.45);
#181=CIRCLE('',#3289,3.24999999999999);
#182=CIRCLE('',#3291,1.25);
#183=CIRCLE('',#3305,1.99999999999999);
#184=CIRCLE('',#3306,0.800000000000045);
#185=CIRCLE('',#3309,2.00000000000001);
#186=CIRCLE('',#3310,1.99999999999999);
#187=CIRCLE('',#3324,1.);
#188=CIRCLE('',#3327,1.);
#189=CIRCLE('',#3333,2.00000000000001);
#190=CIRCLE('',#3339,1.00000000000001);
#191=CIRCLE('',#3340,1.00000000001064);
#192=CIRCLE('',#3342,1.00000000001064);
#193=CIRCLE('',#3343,1.00000000000001);
#194=FACE_OUTER_BOUND('',#354,.T.);
#195=FACE_OUTER_BOUND('',#355,.T.);
#196=FACE_OUTER_BOUND('',#356,.T.);
#197=FACE_OUTER_BOUND('',#357,.T.);
#198=FACE_OUTER_BOUND('',#358,.T.);
#199=FACE_OUTER_BOUND('',#360,.T.);
#200=FACE_OUTER_BOUND('',#361,.T.);
#201=FACE_OUTER_BOUND('',#362,.T.);
#202=FACE_OUTER_BOUND('',#363,.T.);
#203=FACE_OUTER_BOUND('',#364,.T.);
#204=FACE_OUTER_BOUND('',#365,.T.);
#205=FACE_OUTER_BOUND('',#366,.T.);
#206=FACE_OUTER_BOUND('',#367,.T.);
#207=FACE_OUTER_BOUND('',#368,.T.);
#208=FACE_OUTER_BOUND('',#369,.T.);
#209=FACE_OUTER_BOUND('',#370,.T.);
#210=FACE_OUTER_BOUND('',#371,.T.);
#211=FACE_OUTER_BOUND('',#372,.T.);
#212=FACE_OUTER_BOUND('',#373,.T.);
#213=FACE_OUTER_BOUND('',#374,.T.);
#214=FACE_OUTER_BOUND('',#375,.T.);
#215=FACE_OUTER_BOUND('',#377,.T.);
#216=FACE_OUTER_BOUND('',#378,.T.);
#217=FACE_OUTER_BOUND('',#379,.T.);
#218=FACE_OUTER_BOUND('',#380,.T.);
#219=FACE_OUTER_BOUND('',#381,.T.);
#220=FACE_OUTER_BOUND('',#382,.T.);
#221=FACE_OUTER_BOUND('',#383,.T.);
#222=FACE_OUTER_BOUND('',#384,.T.);
#223=FACE_OUTER_BOUND('',#385,.T.);
#224=FACE_OUTER_BOUND('',#387,.T.);
#225=FACE_OUTER_BOUND('',#388,.T.);
#226=FACE_OUTER_BOUND('',#389,.T.);
#227=FACE_OUTER_BOUND('',#390,.T.);
#228=FACE_OUTER_BOUND('',#391,.T.);
#229=FACE_OUTER_BOUND('',#392,.T.);
#230=FACE_OUTER_BOUND('',#393,.T.);
#231=FACE_OUTER_BOUND('',#394,.T.);
#232=FACE_OUTER_BOUND('',#395,.T.);
#233=FACE_OUTER_BOUND('',#396,.T.);
#234=FACE_OUTER_BOUND('',#397,.T.);
#235=FACE_OUTER_BOUND('',#398,.T.);
#236=FACE_OUTER_BOUND('',#399,.T.);
#237=FACE_OUTER_BOUND('',#400,.T.);
#238=FACE_OUTER_BOUND('',#401,.T.);
#239=FACE_OUTER_BOUND('',#402,.T.);
#240=FACE_OUTER_BOUND('',#403,.T.);
#241=FACE_OUTER_BOUND('',#404,.T.);
#242=FACE_OUTER_BOUND('',#405,.T.);
#243=FACE_OUTER_BOUND('',#406,.T.);
#244=FACE_OUTER_BOUND('',#407,.T.);
#245=FACE_OUTER_BOUND('',#408,.T.);
#246=FACE_OUTER_BOUND('',#409,.T.);
#247=FACE_OUTER_BOUND('',#410,.T.);
#248=FACE_OUTER_BOUND('',#411,.T.);
#249=FACE_OUTER_BOUND('',#412,.T.);
#250=FACE_OUTER_BOUND('',#413,.T.);
#251=FACE_OUTER_BOUND('',#414,.T.);
#252=FACE_OUTER_BOUND('',#415,.T.);
#253=FACE_OUTER_BOUND('',#416,.T.);
#254=FACE_OUTER_BOUND('',#417,.T.);
#255=FACE_OUTER_BOUND('',#418,.T.);
#256=FACE_OUTER_BOUND('',#419,.T.);
#257=FACE_OUTER_BOUND('',#420,.T.);
#258=FACE_OUTER_BOUND('',#421,.T.);
#259=FACE_OUTER_BOUND('',#422,.T.);
#260=FACE_OUTER_BOUND('',#423,.T.);
#261=FACE_OUTER_BOUND('',#424,.T.);
#262=FACE_OUTER_BOUND('',#425,.T.);
#263=FACE_OUTER_BOUND('',#427,.T.);
#264=FACE_OUTER_BOUND('',#428,.T.);
#265=FACE_OUTER_BOUND('',#429,.T.);
#266=FACE_OUTER_BOUND('',#430,.T.);
#267=FACE_OUTER_BOUND('',#431,.T.);
#268=FACE_OUTER_BOUND('',#432,.T.);
#269=FACE_OUTER_BOUND('',#433,.T.);
#270=FACE_OUTER_BOUND('',#435,.T.);
#271=FACE_OUTER_BOUND('',#436,.T.);
#272=FACE_OUTER_BOUND('',#437,.T.);
#273=FACE_OUTER_BOUND('',#439,.T.);
#274=FACE_OUTER_BOUND('',#440,.T.);
#275=FACE_OUTER_BOUND('',#441,.T.);
#276=FACE_OUTER_BOUND('',#442,.T.);
#277=FACE_OUTER_BOUND('',#443,.T.);
#278=FACE_OUTER_BOUND('',#444,.T.);
#279=FACE_OUTER_BOUND('',#445,.T.);
#280=FACE_OUTER_BOUND('',#446,.T.);
#281=FACE_OUTER_BOUND('',#447,.T.);
#282=FACE_OUTER_BOUND('',#448,.T.);
#283=FACE_OUTER_BOUND('',#449,.T.);
#284=FACE_OUTER_BOUND('',#450,.T.);
#285=FACE_OUTER_BOUND('',#452,.T.);
#286=FACE_OUTER_BOUND('',#453,.T.);
#287=FACE_OUTER_BOUND('',#454,.T.);
#288=FACE_OUTER_BOUND('',#455,.T.);
#289=FACE_OUTER_BOUND('',#456,.T.);
#290=FACE_OUTER_BOUND('',#457,.T.);
#291=FACE_OUTER_BOUND('',#458,.T.);
#292=FACE_OUTER_BOUND('',#459,.T.);
#293=FACE_OUTER_BOUND('',#460,.T.);
#294=FACE_OUTER_BOUND('',#461,.T.);
#295=FACE_OUTER_BOUND('',#462,.T.);
#296=FACE_OUTER_BOUND('',#463,.T.);
#297=FACE_OUTER_BOUND('',#465,.T.);
#298=FACE_OUTER_BOUND('',#466,.T.);
#299=FACE_OUTER_BOUND('',#467,.T.);
#300=FACE_OUTER_BOUND('',#468,.T.);
#301=FACE_OUTER_BOUND('',#469,.T.);
#302=FACE_OUTER_BOUND('',#470,.T.);
#303=FACE_OUTER_BOUND('',#471,.T.);
#304=FACE_OUTER_BOUND('',#473,.T.);
#305=FACE_OUTER_BOUND('',#474,.T.);
#306=FACE_OUTER_BOUND('',#475,.T.);
#307=FACE_OUTER_BOUND('',#476,.T.);
#308=FACE_OUTER_BOUND('',#477,.T.);
#309=FACE_OUTER_BOUND('',#478,.T.);
#310=FACE_OUTER_BOUND('',#480,.T.);
#311=FACE_OUTER_BOUND('',#481,.T.);
#312=FACE_OUTER_BOUND('',#482,.T.);
#313=FACE_OUTER_BOUND('',#483,.T.);
#314=FACE_OUTER_BOUND('',#484,.T.);
#315=FACE_OUTER_BOUND('',#485,.T.);
#316=FACE_OUTER_BOUND('',#486,.T.);
#317=FACE_OUTER_BOUND('',#487,.T.);
#318=FACE_OUTER_BOUND('',#488,.T.);
#319=FACE_OUTER_BOUND('',#489,.T.);
#320=FACE_OUTER_BOUND('',#491,.T.);
#321=FACE_OUTER_BOUND('',#492,.T.);
#322=FACE_OUTER_BOUND('',#493,.T.);
#323=FACE_OUTER_BOUND('',#494,.T.);
#324=FACE_OUTER_BOUND('',#495,.T.);
#325=FACE_OUTER_BOUND('',#496,.T.);
#326=FACE_OUTER_BOUND('',#497,.T.);
#327=FACE_OUTER_BOUND('',#498,.T.);
#328=FACE_OUTER_BOUND('',#499,.T.);
#329=FACE_OUTER_BOUND('',#500,.T.);
#330=FACE_OUTER_BOUND('',#501,.T.);
#331=FACE_OUTER_BOUND('',#502,.T.);
#332=FACE_OUTER_BOUND('',#503,.T.);
#333=FACE_OUTER_BOUND('',#504,.T.);
#334=FACE_OUTER_BOUND('',#505,.T.);
#335=FACE_OUTER_BOUND('',#506,.T.);
#336=FACE_OUTER_BOUND('',#509,.T.);
#337=FACE_OUTER_BOUND('',#510,.T.);
#338=FACE_OUTER_BOUND('',#511,.T.);
#339=FACE_OUTER_BOUND('',#512,.T.);
#340=FACE_OUTER_BOUND('',#513,.T.);
#341=FACE_OUTER_BOUND('',#514,.T.);
#342=FACE_OUTER_BOUND('',#515,.T.);
#343=FACE_OUTER_BOUND('',#516,.T.);
#344=FACE_OUTER_BOUND('',#517,.T.);
#345=FACE_OUTER_BOUND('',#518,.T.);
#346=FACE_OUTER_BOUND('',#519,.T.);
#347=FACE_OUTER_BOUND('',#520,.T.);
#348=FACE_OUTER_BOUND('',#521,.T.);
#349=FACE_OUTER_BOUND('',#522,.T.);
#350=FACE_OUTER_BOUND('',#523,.T.);
#351=FACE_OUTER_BOUND('',#524,.T.);
#352=FACE_OUTER_BOUND('',#525,.T.);
#353=FACE_OUTER_BOUND('',#526,.T.);
#354=EDGE_LOOP('',(#1910,#1911,#1912,#1913,#1914));
#355=EDGE_LOOP('',(#1915,#1916,#1917,#1918,#1919));
#356=EDGE_LOOP('',(#1920,#1921,#1922,#1923));
#357=EDGE_LOOP('',(#1924,#1925,#1926,#1927));
#358=EDGE_LOOP('',(#1928,#1929,#1930,#1931,#1932,#1933,#1934));
#359=EDGE_LOOP('',(#1935));
#360=EDGE_LOOP('',(#1936,#1937,#1938,#1939,#1940,#1941,#1942,#1943));
#361=EDGE_LOOP('',(#1944,#1945,#1946,#1947,#1948));
#362=EDGE_LOOP('',(#1949,#1950,#1951,#1952));
#363=EDGE_LOOP('',(#1953,#1954,#1955,#1956,#1957,#1958,#1959,#1960,#1961));
#364=EDGE_LOOP('',(#1962,#1963,#1964,#1965));
#365=EDGE_LOOP('',(#1966));
#366=EDGE_LOOP('',(#1967));
#367=EDGE_LOOP('',(#1968));
#368=EDGE_LOOP('',(#1969));
#369=EDGE_LOOP('',(#1970,#1971,#1972,#1973,#1974,#1975,#1976,#1977));
#370=EDGE_LOOP('',(#1978,#1979,#1980,#1981,#1982,#1983,#1984,#1985));
#371=EDGE_LOOP('',(#1986,#1987,#1988,#1989,#1990,#1991,#1992,#1993,#1994,
#1995,#1996,#1997,#1998,#1999,#2000,#2001,#2002,#2003,#2004,#2005,#2006,
#2007,#2008,#2009,#2010,#2011,#2012,#2013,#2014,#2015,#2016,#2017,#2018,
#2019,#2020,#2021,#2022,#2023,#2024,#2025,#2026,#2027,#2028,#2029,#2030,
#2031,#2032,#2033,#2034));
#372=EDGE_LOOP('',(#2035,#2036,#2037,#2038,#2039));
#373=EDGE_LOOP('',(#2040,#2041,#2042,#2043,#2044,#2045,#2046));
#374=EDGE_LOOP('',(#2047,#2048,#2049,#2050));
#375=EDGE_LOOP('',(#2051,#2052,#2053,#2054,#2055,#2056,#2057,#2058));
#376=EDGE_LOOP('',(#2059));
#377=EDGE_LOOP('',(#2060,#2061,#2062,#2063));
#378=EDGE_LOOP('',(#2064,#2065,#2066,#2067));
#379=EDGE_LOOP('',(#2068,#2069,#2070,#2071,#2072,#2073));
#380=EDGE_LOOP('',(#2074,#2075,#2076,#2077,#2078,#2079,#2080,#2081,#2082));
#381=EDGE_LOOP('',(#2083,#2084,#2085,#2086,#2087));
#382=EDGE_LOOP('',(#2088,#2089,#2090,#2091,#2092));
#383=EDGE_LOOP('',(#2093,#2094,#2095,#2096,#2097,#2098,#2099,#2100));
#384=EDGE_LOOP('',(#2101,#2102,#2103,#2104,#2105,#2106));
#385=EDGE_LOOP('',(#2107,#2108,#2109,#2110,#2111,#2112,#2113,#2114));
#386=EDGE_LOOP('',(#2115));
#387=EDGE_LOOP('',(#2116,#2117,#2118,#2119));
#388=EDGE_LOOP('',(#2120,#2121,#2122,#2123));
#389=EDGE_LOOP('',(#2124,#2125,#2126,#2127));
#390=EDGE_LOOP('',(#2128,#2129,#2130,#2131,#2132,#2133,#2134));
#391=EDGE_LOOP('',(#2135,#2136,#2137,#2138,#2139));
#392=EDGE_LOOP('',(#2140,#2141,#2142,#2143));
#393=EDGE_LOOP('',(#2144,#2145,#2146,#2147));
#394=EDGE_LOOP('',(#2148,#2149,#2150,#2151));
#395=EDGE_LOOP('',(#2152,#2153,#2154,#2155));
#396=EDGE_LOOP('',(#2156,#2157,#2158,#2159));
#397=EDGE_LOOP('',(#2160,#2161,#2162,#2163,#2164));
#398=EDGE_LOOP('',(#2165,#2166,#2167,#2168));
#399=EDGE_LOOP('',(#2169,#2170,#2171,#2172));
#400=EDGE_LOOP('',(#2173,#2174,#2175,#2176));
#401=EDGE_LOOP('',(#2177,#2178,#2179,#2180));
#402=EDGE_LOOP('',(#2181,#2182,#2183,#2184));
#403=EDGE_LOOP('',(#2185,#2186,#2187,#2188));
#404=EDGE_LOOP('',(#2189,#2190,#2191,#2192,#2193,#2194,#2195,#2196,#2197));
#405=EDGE_LOOP('',(#2198,#2199,#2200,#2201));
#406=EDGE_LOOP('',(#2202,#2203,#2204,#2205));
#407=EDGE_LOOP('',(#2206,#2207,#2208,#2209,#2210,#2211,#2212));
#408=EDGE_LOOP('',(#2213,#2214,#2215,#2216));
#409=EDGE_LOOP('',(#2217,#2218,#2219,#2220,#2221,#2222));
#410=EDGE_LOOP('',(#2223,#2224,#2225,#2226,#2227));
#411=EDGE_LOOP('',(#2228,#2229,#2230,#2231));
#412=EDGE_LOOP('',(#2232,#2233,#2234,#2235));
#413=EDGE_LOOP('',(#2236,#2237,#2238,#2239));
#414=EDGE_LOOP('',(#2240,#2241,#2242,#2243));
#415=EDGE_LOOP('',(#2244,#2245,#2246,#2247));
#416=EDGE_LOOP('',(#2248,#2249,#2250,#2251,#2252));
#417=EDGE_LOOP('',(#2253,#2254,#2255,#2256,#2257,#2258));
#418=EDGE_LOOP('',(#2259,#2260,#2261,#2262));
#419=EDGE_LOOP('',(#2263,#2264,#2265,#2266));
#420=EDGE_LOOP('',(#2267,#2268,#2269,#2270));
#421=EDGE_LOOP('',(#2271,#2272,#2273,#2274,#2275));
#422=EDGE_LOOP('',(#2276,#2277,#2278,#2279));
#423=EDGE_LOOP('',(#2280,#2281,#2282,#2283));
#424=EDGE_LOOP('',(#2284,#2285,#2286,#2287,#2288,#2289));
#425=EDGE_LOOP('',(#2290,#2291,#2292,#2293,#2294,#2295,#2296,#2297));
#426=EDGE_LOOP('',(#2298));
#427=EDGE_LOOP('',(#2299,#2300,#2301,#2302,#2303,#2304,#2305));
#428=EDGE_LOOP('',(#2306,#2307,#2308,#2309));
#429=EDGE_LOOP('',(#2310,#2311,#2312,#2313,#2314));
#430=EDGE_LOOP('',(#2315,#2316,#2317,#2318,#2319,#2320));
#431=EDGE_LOOP('',(#2321,#2322,#2323,#2324,#2325));
#432=EDGE_LOOP('',(#2326,#2327,#2328,#2329,#2330));
#433=EDGE_LOOP('',(#2331,#2332,#2333,#2334,#2335,#2336,#2337,#2338));
#434=EDGE_LOOP('',(#2339));
#435=EDGE_LOOP('',(#2340,#2341,#2342,#2343));
#436=EDGE_LOOP('',(#2344,#2345,#2346,#2347));
#437=EDGE_LOOP('',(#2348,#2349,#2350,#2351));
#438=EDGE_LOOP('',(#2352));
#439=EDGE_LOOP('',(#2353,#2354,#2355,#2356));
#440=EDGE_LOOP('',(#2357,#2358,#2359,#2360));
#441=EDGE_LOOP('',(#2361,#2362,#2363,#2364));
#442=EDGE_LOOP('',(#2365,#2366,#2367,#2368));
#443=EDGE_LOOP('',(#2369,#2370,#2371,#2372));
#444=EDGE_LOOP('',(#2373,#2374,#2375,#2376));
#445=EDGE_LOOP('',(#2377,#2378,#2379,#2380));
#446=EDGE_LOOP('',(#2381,#2382,#2383,#2384));
#447=EDGE_LOOP('',(#2385,#2386,#2387,#2388,#2389,#2390));
#448=EDGE_LOOP('',(#2391,#2392,#2393,#2394));
#449=EDGE_LOOP('',(#2395,#2396,#2397,#2398));
#450=EDGE_LOOP('',(#2399,#2400,#2401,#2402,#2403,#2404,#2405,#2406,#2407,
#2408,#2409,#2410,#2411,#2412,#2413,#2414,#2415,#2416));
#451=EDGE_LOOP('',(#2417,#2418,#2419,#2420));
#452=EDGE_LOOP('',(#2421,#2422,#2423,#2424));
#453=EDGE_LOOP('',(#2425,#2426,#2427,#2428));
#454=EDGE_LOOP('',(#2429,#2430,#2431,#2432));
#455=EDGE_LOOP('',(#2433,#2434,#2435,#2436));
#456=EDGE_LOOP('',(#2437,#2438,#2439,#2440));
#457=EDGE_LOOP('',(#2441,#2442,#2443,#2444));
#458=EDGE_LOOP('',(#2445,#2446,#2447,#2448,#2449));
#459=EDGE_LOOP('',(#2450,#2451,#2452,#2453,#2454));
#460=EDGE_LOOP('',(#2455,#2456,#2457,#2458,#2459));
#461=EDGE_LOOP('',(#2460,#2461,#2462,#2463,#2464,#2465,#2466,#2467,#2468,
#2469,#2470,#2471,#2472,#2473,#2474));
#462=EDGE_LOOP('',(#2475,#2476,#2477,#2478,#2479));
#463=EDGE_LOOP('',(#2480));
#464=EDGE_LOOP('',(#2481));
#465=EDGE_LOOP('',(#2482,#2483,#2484,#2485,#2486));
#466=EDGE_LOOP('',(#2487,#2488,#2489,#2490,#2491));
#467=EDGE_LOOP('',(#2492,#2493,#2494,#2495,#2496,#2497,#2498));
#468=EDGE_LOOP('',(#2499,#2500,#2501,#2502,#2503,#2504,#2505,#2506,#2507,
#2508,#2509,#2510));
#469=EDGE_LOOP('',(#2511,#2512,#2513,#2514));
#470=EDGE_LOOP('',(#2515,#2516,#2517,#2518));
#471=EDGE_LOOP('',(#2519,#2520,#2521,#2522,#2523,#2524));
#472=EDGE_LOOP('',(#2525));
#473=EDGE_LOOP('',(#2526,#2527,#2528,#2529,#2530,#2531));
#474=EDGE_LOOP('',(#2532,#2533,#2534,#2535));
#475=EDGE_LOOP('',(#2536,#2537,#2538,#2539));
#476=EDGE_LOOP('',(#2540,#2541,#2542,#2543,#2544));
#477=EDGE_LOOP('',(#2545,#2546,#2547,#2548));
#478=EDGE_LOOP('',(#2549));
#479=EDGE_LOOP('',(#2550));
#480=EDGE_LOOP('',(#2551,#2552,#2553,#2554,#2555,#2556,#2557));
#481=EDGE_LOOP('',(#2558,#2559,#2560,#2561));
#482=EDGE_LOOP('',(#2562,#2563,#2564,#2565));
#483=EDGE_LOOP('',(#2566,#2567,#2568,#2569,#2570,#2571,#2572));
#484=EDGE_LOOP('',(#2573,#2574,#2575,#2576));
#485=EDGE_LOOP('',(#2577,#2578,#2579,#2580));
#486=EDGE_LOOP('',(#2581,#2582,#2583,#2584,#2585));
#487=EDGE_LOOP('',(#2586,#2587,#2588,#2589,#2590,#2591,#2592,#2593,#2594,
#2595));
#488=EDGE_LOOP('',(#2596,#2597,#2598,#2599,#2600,#2601,#2602,#2603,#2604));
#489=EDGE_LOOP('',(#2605,#2606,#2607,#2608));
#490=EDGE_LOOP('',(#2609));
#491=EDGE_LOOP('',(#2610,#2611,#2612,#2613,#2614));
#492=EDGE_LOOP('',(#2615,#2616,#2617,#2618,#2619,#2620,#2621,#2622,#2623,
#2624,#2625,#2626,#2627));
#493=EDGE_LOOP('',(#2628,#2629,#2630,#2631,#2632,#2633,#2634,#2635));
#494=EDGE_LOOP('',(#2636,#2637,#2638,#2639,#2640,#2641,#2642,#2643,#2644,
#2645));
#495=EDGE_LOOP('',(#2646,#2647,#2648,#2649,#2650,#2651,#2652,#2653));
#496=EDGE_LOOP('',(#2654,#2655,#2656,#2657,#2658,#2659));
#497=EDGE_LOOP('',(#2660,#2661,#2662,#2663,#2664));
#498=EDGE_LOOP('',(#2665,#2666,#2667,#2668,#2669,#2670,#2671,#2672));
#499=EDGE_LOOP('',(#2673,#2674,#2675,#2676,#2677,#2678));
#500=EDGE_LOOP('',(#2679,#2680,#2681,#2682,#2683,#2684,#2685,#2686,#2687,
#2688));
#501=EDGE_LOOP('',(#2689,#2690,#2691,#2692));
#502=EDGE_LOOP('',(#2693,#2694,#2695,#2696));
#503=EDGE_LOOP('',(#2697,#2698,#2699,#2700));
#504=EDGE_LOOP('',(#2701,#2702,#2703,#2704));
#505=EDGE_LOOP('',(#2705,#2706,#2707,#2708));
#506=EDGE_LOOP('',(#2709,#2710,#2711,#2712,#2713,#2714));
#507=EDGE_LOOP('',(#2715,#2716));
#508=EDGE_LOOP('',(#2717,#2718));
#509=EDGE_LOOP('',(#2719,#2720,#2721,#2722));
#510=EDGE_LOOP('',(#2723,#2724,#2725,#2726));
#511=EDGE_LOOP('',(#2727,#2728,#2729,#2730,#2731));
#512=EDGE_LOOP('',(#2732,#2733,#2734,#2735,#2736,#2737,#2738,#2739,#2740));
#513=EDGE_LOOP('',(#2741,#2742,#2743,#2744));
#514=EDGE_LOOP('',(#2745,#2746,#2747,#2748));
#515=EDGE_LOOP('',(#2749,#2750,#2751,#2752,#2753,#2754,#2755,#2756,#2757));
#516=EDGE_LOOP('',(#2758,#2759,#2760,#2761));
#517=EDGE_LOOP('',(#2762,#2763,#2764,#2765));
#518=EDGE_LOOP('',(#2766,#2767));
#519=EDGE_LOOP('',(#2768,#2769));
#520=EDGE_LOOP('',(#2770,#2771,#2772,#2773,#2774,#2775));
#521=EDGE_LOOP('',(#2776,#2777));
#522=EDGE_LOOP('',(#2778,#2779));
#523=EDGE_LOOP('',(#2780,#2781,#2782,#2783));
#524=EDGE_LOOP('',(#2784,#2785,#2786,#2787));
#525=EDGE_LOOP('',(#2788,#2789,#2790,#2791,#2792,#2793,#2794,#2795));
#526=EDGE_LOOP('',(#2796,#2797,#2798,#2799));
#527=LINE('',#4217,#850);
#528=LINE('',#4219,#851);
#529=LINE('',#4221,#852);
#530=LINE('',#4223,#853);
#531=LINE('',#4224,#854);
#532=LINE('',#4228,#855);
#533=LINE('',#4230,#856);
#534=LINE('',#4232,#857);
#535=LINE('',#4234,#858);
#536=LINE('',#4235,#859);
#537=LINE('',#4238,#860);
#538=LINE('',#4240,#861);
#539=LINE('',#4241,#862);
#540=LINE('',#4244,#863);
#541=LINE('',#4246,#864);
#542=LINE('',#4247,#865);
#543=LINE('',#4250,#866);
#544=LINE('',#4252,#867);
#545=LINE('',#4254,#868);
#546=LINE('',#4256,#869);
#547=LINE('',#4258,#870);
#548=LINE('',#4259,#871);
#549=LINE('',#4263,#872);
#550=LINE('',#4265,#873);
#551=LINE('',#4267,#874);
#552=LINE('',#4269,#875);
#553=LINE('',#4270,#876);
#554=LINE('',#4274,#877);
#555=LINE('',#4278,#878);
#556=LINE('',#4284,#879);
#557=LINE('',#4287,#880);
#558=LINE('',#4290,#881);
#559=LINE('',#4292,#882);
#560=LINE('',#4296,#883);
#561=LINE('',#4300,#884);
#562=LINE('',#4302,#885);
#563=LINE('',#4303,#886);
#564=LINE('',#4306,#887);
#565=LINE('',#4308,#888);
#566=LINE('',#4309,#889);
#567=LINE('',#4325,#890);
#568=LINE('',#4327,#891);
#569=LINE('',#4329,#892);
#570=LINE('',#4331,#893);
#571=LINE('',#4335,#894);
#572=LINE('',#4337,#895);
#573=LINE('',#4338,#896);
#574=LINE('',#4342,#897);
#575=LINE('',#4344,#898);
#576=LINE('',#4346,#899);
#577=LINE('',#4348,#900);
#578=LINE('',#4352,#901);
#579=LINE('',#4354,#902);
#580=LINE('',#4355,#903);
#581=LINE('',#4360,#904);
#582=LINE('',#4366,#905);
#583=LINE('',#4370,#906);
#584=LINE('',#4374,#907);
#585=LINE('',#4378,#908);
#586=LINE('',#4382,#909);
#587=LINE('',#4386,#910);
#588=LINE('',#4390,#911);
#589=LINE('',#4394,#912);
#590=LINE('',#4398,#913);
#591=LINE('',#4402,#914);
#592=LINE('',#4410,#915);
#593=LINE('',#4414,#916);
#594=LINE('',#4418,#917);
#595=LINE('',#4421,#918);
#596=LINE('',#4425,#919);
#597=LINE('',#4427,#920);
#598=LINE('',#4431,#921);
#599=LINE('',#4435,#922);
#600=LINE('',#4439,#923);
#601=LINE('',#4443,#924);
#602=LINE('',#4449,#925);
#603=LINE('',#4451,#926);
#604=LINE('',#4453,#927);
#605=LINE('',#4454,#928);
#606=LINE('',#4457,#929);
#607=LINE('',#4459,#930);
#608=LINE('',#4461,#931);
#609=LINE('',#4463,#932);
#610=LINE('',#4464,#933);
#611=LINE('',#4469,#934);
#612=LINE('',#4475,#935);
#613=LINE('',#4477,#936);
#614=LINE('',#4480,#937);
#615=LINE('',#4487,#938);
#616=LINE('',#4490,#939);
#617=LINE('',#4494,#940);
#618=LINE('',#4495,#941);
#619=LINE('',#4497,#942);
#620=LINE('',#4498,#943);
#621=LINE('',#4501,#944);
#622=LINE('',#4503,#945);
#623=LINE('',#4505,#946);
#624=LINE('',#4506,#947);
#625=LINE('',#4510,#948);
#626=LINE('',#4512,#949);
#627=LINE('',#4513,#950);
#628=LINE('',#4516,#951);
#629=LINE('',#4518,#952);
#630=LINE('',#4520,#953);
#631=LINE('',#4521,#954);
#632=LINE('',#4524,#955);
#633=LINE('',#4528,#956);
#634=LINE('',#4530,#957);
#635=LINE('',#4532,#958);
#636=LINE('',#4533,#959);
#637=LINE('',#4536,#960);
#638=LINE('',#4538,#961);
#639=LINE('',#4540,#962);
#640=LINE('',#4541,#963);
#641=LINE('',#4546,#964);
#642=LINE('',#4548,#965);
#643=LINE('',#4551,#966);
#644=LINE('',#4559,#967);
#645=LINE('',#4564,#968);
#646=LINE('',#4567,#969);
#647=LINE('',#4570,#970);
#648=LINE('',#4571,#971);
#649=LINE('',#4573,#972);
#650=LINE('',#4574,#973);
#651=LINE('',#4577,#974);
#652=LINE('',#4578,#975);
#653=LINE('',#4580,#976);
#654=LINE('',#4582,#977);
#655=LINE('',#4584,#978);
#656=LINE('',#4586,#979);
#657=LINE('',#4588,#980);
#658=LINE('',#4591,#981);
#659=LINE('',#4592,#982);
#660=LINE('',#4595,#983);
#661=LINE('',#4596,#984);
#662=LINE('',#4599,#985);
#663=LINE('',#4601,#986);
#664=LINE('',#4605,#987);
#665=LINE('',#4606,#988);
#666=LINE('',#4609,#989);
#667=LINE('',#4610,#990);
#668=LINE('',#4613,#991);
#669=LINE('',#4615,#992);
#670=LINE('',#4619,#993);
#671=LINE('',#4620,#994);
#672=LINE('',#4624,#995);
#673=LINE('',#4628,#996);
#674=LINE('',#4630,#997);
#675=LINE('',#4632,#998);
#676=LINE('',#4635,#999);
#677=LINE('',#4636,#1000);
#678=LINE('',#4639,#1001);
#679=LINE('',#4640,#1002);
#680=LINE('',#4643,#1003);
#681=LINE('',#4646,#1004);
#682=LINE('',#4649,#1005);
#683=LINE('',#4651,#1006);
#684=LINE('',#4652,#1007);
#685=LINE('',#4653,#1008);
#686=LINE('',#4657,#1009);
#687=LINE('',#4660,#1010);
#688=LINE('',#4661,#1011);
#689=LINE('',#4666,#1012);
#690=LINE('',#4672,#1013);
#691=LINE('',#4675,#1014);
#692=LINE('',#4677,#1015);
#693=LINE('',#4680,#1016);
#694=LINE('',#4681,#1017);
#695=LINE('',#4684,#1018);
#696=LINE('',#4690,#1019);
#697=LINE('',#4701,#1020);
#698=LINE('',#4710,#1021);
#699=LINE('',#4713,#1022);
#700=LINE('',#4714,#1023);
#701=LINE('',#4718,#1024);
#702=LINE('',#4719,#1025);
#703=LINE('',#4722,#1026);
#704=LINE('',#4725,#1027);
#705=LINE('',#4726,#1028);
#706=LINE('',#4728,#1029);
#707=LINE('',#4730,#1030);
#708=LINE('',#4732,#1031);
#709=LINE('',#4734,#1032);
#710=LINE('',#4736,#1033);
#711=LINE('',#4742,#1034);
#712=LINE('',#4744,#1035);
#713=LINE('',#4746,#1036);
#714=LINE('',#4747,#1037);
#715=LINE('',#4750,#1038);
#716=LINE('',#4752,#1039);
#717=LINE('',#4753,#1040);
#718=LINE('',#4758,#1041);
#719=LINE('',#4760,#1042);
#720=LINE('',#4761,#1043);
#721=LINE('',#4763,#1044);
#722=LINE('',#4764,#1045);
#723=LINE('',#4769,#1046);
#724=LINE('',#4772,#1047);
#725=LINE('',#4774,#1048);
#726=LINE('',#4775,#1049);
#727=LINE('',#4778,#1050);
#728=LINE('',#4783,#1051);
#729=LINE('',#4786,#1052);
#730=LINE('',#4787,#1053);
#731=LINE('',#4790,#1054);
#732=LINE('',#4791,#1055);
#733=LINE('',#4794,#1056);
#734=LINE('',#4796,#1057);
#735=LINE('',#4800,#1058);
#736=LINE('',#4802,#1059);
#737=LINE('',#4804,#1060);
#738=LINE('',#4806,#1061);
#739=LINE('',#4808,#1062);
#740=LINE('',#4810,#1063);
#741=LINE('',#4811,#1064);
#742=LINE('',#4812,#1065);
#743=LINE('',#4814,#1066);
#744=LINE('',#4815,#1067);
#745=LINE('',#4817,#1068);
#746=LINE('',#4819,#1069);
#747=LINE('',#4821,#1070);
#748=LINE('',#4823,#1071);
#749=LINE('',#4825,#1072);
#750=LINE('',#4828,#1073);
#751=LINE('',#4829,#1074);
#752=LINE('',#4831,#1075);
#753=LINE('',#4833,#1076);
#754=LINE('',#4836,#1077);
#755=LINE('',#4837,#1078);
#756=LINE('',#4838,#1079);
#757=LINE('',#4839,#1080);
#758=LINE('',#4842,#1081);
#759=LINE('',#4844,#1082);
#760=LINE('',#4845,#1083);
#761=LINE('',#4854,#1084);
#762=LINE('',#4857,#1085);
#763=LINE('',#4858,#1086);
#764=LINE('',#4861,#1087);
#765=LINE('',#4863,#1088);
#766=LINE('',#4865,#1089);
#767=LINE('',#4866,#1090);
#768=LINE('',#4869,#1091);
#769=LINE('',#4870,#1092);
#770=LINE('',#4873,#1093);
#771=LINE('',#4875,#1094);
#772=LINE('',#4876,#1095);
#773=LINE('',#4878,#1096);
#774=LINE('',#4881,#1097);
#775=LINE('',#4883,#1098);
#776=LINE('',#4885,#1099);
#777=LINE('',#4887,#1100);
#778=LINE('',#4888,#1101);
#779=LINE('',#4893,#1102);
#780=LINE('',#4895,#1103);
#781=LINE('',#4896,#1104);
#782=LINE('',#4898,#1105);
#783=LINE('',#4899,#1106);
#784=LINE('',#4901,#1107);
#785=LINE('',#4904,#1108);
#786=LINE('',#4905,#1109);
#787=LINE('',#4908,#1110);
#788=LINE('',#4915,#1111);
#789=LINE('',#4961,#1112);
#790=LINE('',#4964,#1113);
#791=LINE('',#4965,#1114);
#792=LINE('',#4966,#1115);
#793=LINE('',#4969,#1116);
#794=LINE('',#4970,#1117);
#795=LINE('',#4972,#1118);
#796=LINE('',#4974,#1119);
#797=LINE('',#4976,#1120);
#798=LINE('',#4977,#1121);
#799=LINE('',#4979,#1122);
#800=LINE('',#4981,#1123);
#801=LINE('',#5000,#1124);
#802=LINE('',#5004,#1125);
#803=LINE('',#5005,#1126);
#804=LINE('',#5006,#1127);
#805=LINE('',#5009,#1128);
#806=LINE('',#5011,#1129);
#807=LINE('',#5013,#1130);
#808=LINE('',#5015,#1131);
#809=LINE('',#5017,#1132);
#810=LINE('',#5018,#1133);
#811=LINE('',#5021,#1134);
#812=LINE('',#5023,#1135);
#813=LINE('',#5027,#1136);
#814=LINE('',#5042,#1137);
#815=LINE('',#5047,#1138);
#816=LINE('',#5052,#1139);
#817=LINE('',#5056,#1140);
#818=LINE('',#5058,#1141);
#819=LINE('',#5060,#1142);
#820=LINE('',#5065,#1143);
#821=LINE('',#5067,#1144);
#822=LINE('',#5070,#1145);
#823=LINE('',#5073,#1146);
#824=LINE('',#5075,#1147);
#825=LINE('',#5077,#1148);
#826=LINE('',#5079,#1149);
#827=LINE('',#5080,#1150);
#828=LINE('',#5085,#1151);
#829=LINE('',#5086,#1152);
#830=LINE('',#5093,#1153);
#831=LINE('',#5097,#1154);
#832=LINE('',#5099,#1155);
#833=LINE('',#5100,#1156);
#834=LINE('',#5124,#1157);
#835=LINE('',#5127,#1158);
#836=LINE('',#5148,#1159);
#837=LINE('',#5179,#1160);
#838=LINE('',#5184,#1161);
#839=LINE('',#5185,#1162);
#840=LINE('',#5217,#1163);
#841=LINE('',#5249,#1164);
#842=LINE('',#5252,#1165);
#843=LINE('',#5254,#1166);
#844=LINE('',#5259,#1167);
#845=LINE('',#5283,#1168);
#846=LINE('',#5284,#1169);
#847=LINE('',#5346,#1170);
#848=LINE('',#5347,#1171);
#849=LINE('',#5351,#1172);
#850=VECTOR('',#3360,10.);
#851=VECTOR('',#3361,10.);
#852=VECTOR('',#3362,10.);
#853=VECTOR('',#3363,10.);
#854=VECTOR('',#3364,10.);
#855=VECTOR('',#3367,10.);
#856=VECTOR('',#3368,10.);
#857=VECTOR('',#3369,10.);
#858=VECTOR('',#3370,10.);
#859=VECTOR('',#3371,10.);
#860=VECTOR('',#3374,10.);
#861=VECTOR('',#3375,10.);
#862=VECTOR('',#3376,10.);
#863=VECTOR('',#3379,10.);
#864=VECTOR('',#3380,10.);
#865=VECTOR('',#3381,10.);
#866=VECTOR('',#3384,10.);
#867=VECTOR('',#3385,10.);
#868=VECTOR('',#3386,10.);
#869=VECTOR('',#3387,10.);
#870=VECTOR('',#3388,10.);
#871=VECTOR('',#3389,10.);
#872=VECTOR('',#3394,10.);
#873=VECTOR('',#3395,10.);
#874=VECTOR('',#3396,10.);
#875=VECTOR('',#3397,10.);
#876=VECTOR('',#3398,10.);
#877=VECTOR('',#3401,10.);
#878=VECTOR('',#3404,10.);
#879=VECTOR('',#3411,10.);
#880=VECTOR('',#3414,10.);
#881=VECTOR('',#3417,10.);
#882=VECTOR('',#3418,10.);
#883=VECTOR('',#3421,10.);
#884=VECTOR('',#3424,10.);
#885=VECTOR('',#3425,10.);
#886=VECTOR('',#3426,10.);
#887=VECTOR('',#3429,10.);
#888=VECTOR('',#3430,10.);
#889=VECTOR('',#3431,10.);
#890=VECTOR('',#3450,10.);
#891=VECTOR('',#3451,10.);
#892=VECTOR('',#3452,10.);
#893=VECTOR('',#3453,10.);
#894=VECTOR('',#3456,10.);
#895=VECTOR('',#3457,10.);
#896=VECTOR('',#3458,10.);
#897=VECTOR('',#3461,10.);
#898=VECTOR('',#3462,10.);
#899=VECTOR('',#3463,10.);
#900=VECTOR('',#3464,10.);
#901=VECTOR('',#3467,10.);
#902=VECTOR('',#3468,10.);
#903=VECTOR('',#3469,10.);
#904=VECTOR('',#3474,21.0000000000004);
#905=VECTOR('',#3479,10.);
#906=VECTOR('',#3482,10.);
#907=VECTOR('',#3485,10.);
#908=VECTOR('',#3488,10.);
#909=VECTOR('',#3491,10.);
#910=VECTOR('',#3494,10.);
#911=VECTOR('',#3497,10.);
#912=VECTOR('',#3500,10.);
#913=VECTOR('',#3503,10.);
#914=VECTOR('',#3506,10.);
#915=VECTOR('',#3513,10.);
#916=VECTOR('',#3516,10.);
#917=VECTOR('',#3519,10.);
#918=VECTOR('',#3522,10.);
#919=VECTOR('',#3525,10.);
#920=VECTOR('',#3526,10.);
#921=VECTOR('',#3529,10.);
#922=VECTOR('',#3532,10.);
#923=VECTOR('',#3535,10.);
#924=VECTOR('',#3538,10.);
#925=VECTOR('',#3545,10.);
#926=VECTOR('',#3546,10.);
#927=VECTOR('',#3547,10.);
#928=VECTOR('',#3548,10.);
#929=VECTOR('',#3551,10.);
#930=VECTOR('',#3552,10.);
#931=VECTOR('',#3553,10.);
#932=VECTOR('',#3554,10.);
#933=VECTOR('',#3555,10.);
#934=VECTOR('',#3560,10.);
#935=VECTOR('',#3567,10.);
#936=VECTOR('',#3568,10.);
#937=VECTOR('',#3571,10.);
#938=VECTOR('',#3580,10.);
#939=VECTOR('',#3583,10.);
#940=VECTOR('',#3588,10.);
#941=VECTOR('',#3589,10.);
#942=VECTOR('',#3590,10.);
#943=VECTOR('',#3591,10.);
#944=VECTOR('',#3594,10.);
#945=VECTOR('',#3595,10.);
#946=VECTOR('',#3596,10.);
#947=VECTOR('',#3597,10.);
#948=VECTOR('',#3602,10.);
#949=VECTOR('',#3603,10.);
#950=VECTOR('',#3604,10.);
#951=VECTOR('',#3607,10.);
#952=VECTOR('',#3608,10.);
#953=VECTOR('',#3609,10.);
#954=VECTOR('',#3610,10.);
#955=VECTOR('',#3613,10.);
#956=VECTOR('',#3616,10.);
#957=VECTOR('',#3617,10.);
#958=VECTOR('',#3618,10.);
#959=VECTOR('',#3619,10.);
#960=VECTOR('',#3622,10.);
#961=VECTOR('',#3623,10.);
#962=VECTOR('',#3624,10.);
#963=VECTOR('',#3625,10.);
#964=VECTOR('',#3630,10.);
#965=VECTOR('',#3631,10.);
#966=VECTOR('',#3634,10.);
#967=VECTOR('',#3643,10.);
#968=VECTOR('',#3650,10.);
#969=VECTOR('',#3653,10.);
#970=VECTOR('',#3658,10.);
#971=VECTOR('',#3659,10.);
#972=VECTOR('',#3660,10.);
#973=VECTOR('',#3661,10.);
#974=VECTOR('',#3664,10.);
#975=VECTOR('',#3665,10.);
#976=VECTOR('',#3668,10.);
#977=VECTOR('',#3671,10.);
#978=VECTOR('',#3674,10.);
#979=VECTOR('',#3677,10.);
#980=VECTOR('',#3680,10.);
#981=VECTOR('',#3683,10.);
#982=VECTOR('',#3684,10.);
#983=VECTOR('',#3687,10.);
#984=VECTOR('',#3688,10.);
#985=VECTOR('',#3691,10.);
#986=VECTOR('',#3692,10.);
#987=VECTOR('',#3697,10.);
#988=VECTOR('',#3698,10.);
#989=VECTOR('',#3701,10.);
#990=VECTOR('',#3702,10.);
#991=VECTOR('',#3705,10.);
#992=VECTOR('',#3706,10.);
#993=VECTOR('',#3711,10.);
#994=VECTOR('',#3712,10.);
#995=VECTOR('',#3715,10.);
#996=VECTOR('',#3718,10.);
#997=VECTOR('',#3719,10.);
#998=VECTOR('',#3720,10.);
#999=VECTOR('',#3723,10.);
#1000=VECTOR('',#3724,10.);
#1001=VECTOR('',#3727,10.);
#1002=VECTOR('',#3728,10.);
#1003=VECTOR('',#3731,10.);
#1004=VECTOR('',#3734,10.);
#1005=VECTOR('',#3737,10.);
#1006=VECTOR('',#3738,10.);
#1007=VECTOR('',#3739,10.);
#1008=VECTOR('',#3740,10.);
#1009=VECTOR('',#3745,10.);
#1010=VECTOR('',#3748,10.);
#1011=VECTOR('',#3749,10.);
#1012=VECTOR('',#3754,1.);
#1013=VECTOR('',#3761,10.);
#1014=VECTOR('',#3766,10.);
#1015=VECTOR('',#3769,10.);
#1016=VECTOR('',#3772,10.);
#1017=VECTOR('',#3773,10.);
#1018=VECTOR('',#3776,10.);
#1019=VECTOR('',#3783,1.);
#1020=VECTOR('',#3796,1.);
#1021=VECTOR('',#3809,1.);
#1022=VECTOR('',#3812,10.);
#1023=VECTOR('',#3813,10.);
#1024=VECTOR('',#3818,10.);
#1025=VECTOR('',#3819,10.);
#1026=VECTOR('',#3822,10.);
#1027=VECTOR('',#3827,10.);
#1028=VECTOR('',#3828,10.);
#1029=VECTOR('',#3831,10.);
#1030=VECTOR('',#3834,1.00000000000001);
#1031=VECTOR('',#3837,1.00000000000001);
#1032=VECTOR('',#3840,1.00000000000001);
#1033=VECTOR('',#3843,1.00000000000001);
#1034=VECTOR('',#3850,10.);
#1035=VECTOR('',#3851,10.);
#1036=VECTOR('',#3852,10.);
#1037=VECTOR('',#3853,10.);
#1038=VECTOR('',#3856,10.);
#1039=VECTOR('',#3857,10.);
#1040=VECTOR('',#3858,10.);
#1041=VECTOR('',#3863,10.);
#1042=VECTOR('',#3864,10.);
#1043=VECTOR('',#3865,10.);
#1044=VECTOR('',#3868,10.);
#1045=VECTOR('',#3869,10.);
#1046=VECTOR('',#3876,3.675);
#1047=VECTOR('',#3879,10.);
#1048=VECTOR('',#3880,10.);
#1049=VECTOR('',#3881,10.);
#1050=VECTOR('',#3884,10.);
#1051=VECTOR('',#3893,10.);
#1052=VECTOR('',#3896,10.);
#1053=VECTOR('',#3897,10.);
#1054=VECTOR('',#3900,10.);
#1055=VECTOR('',#3901,10.);
#1056=VECTOR('',#3904,10.);
#1057=VECTOR('',#3905,10.);
#1058=VECTOR('',#3908,10.);
#1059=VECTOR('',#3909,10.);
#1060=VECTOR('',#3910,10.);
#1061=VECTOR('',#3911,10.);
#1062=VECTOR('',#3912,10.);
#1063=VECTOR('',#3913,10.);
#1064=VECTOR('',#3914,10.);
#1065=VECTOR('',#3915,10.);
#1066=VECTOR('',#3918,10.);
#1067=VECTOR('',#3919,10.);
#1068=VECTOR('',#3922,10.);
#1069=VECTOR('',#3925,10.);
#1070=VECTOR('',#3928,10.);
#1071=VECTOR('',#3931,10.);
#1072=VECTOR('',#3934,10.);
#1073=VECTOR('',#3937,10.);
#1074=VECTOR('',#3938,10.);
#1075=VECTOR('',#3941,10.);
#1076=VECTOR('',#3944,10.);
#1077=VECTOR('',#3947,10.);
#1078=VECTOR('',#3948,10.);
#1079=VECTOR('',#3949,10.);
#1080=VECTOR('',#3950,10.);
#1081=VECTOR('',#3953,10.);
#1082=VECTOR('',#3954,10.);
#1083=VECTOR('',#3955,10.);
#1084=VECTOR('',#3966,10.);
#1085=VECTOR('',#3969,10.);
#1086=VECTOR('',#3970,10.);
#1087=VECTOR('',#3973,10.);
#1088=VECTOR('',#3974,10.);
#1089=VECTOR('',#3975,10.);
#1090=VECTOR('',#3976,10.);
#1091=VECTOR('',#3979,10.);
#1092=VECTOR('',#3980,10.);
#1093=VECTOR('',#3983,10.);
#1094=VECTOR('',#3984,10.);
#1095=VECTOR('',#3985,10.);
#1096=VECTOR('',#3988,10.);
#1097=VECTOR('',#3991,10.);
#1098=VECTOR('',#3992,10.);
#1099=VECTOR('',#3993,10.);
#1100=VECTOR('',#3994,10.);
#1101=VECTOR('',#3995,10.);
#1102=VECTOR('',#4000,10.);
#1103=VECTOR('',#4001,10.);
#1104=VECTOR('',#4002,10.);
#1105=VECTOR('',#4005,10.);
#1106=VECTOR('',#4006,10.);
#1107=VECTOR('',#4009,10.);
#1108=VECTOR('',#4012,10.);
#1109=VECTOR('',#4013,10.);
#1110=VECTOR('',#4016,3.24999999999999);
#1111=VECTOR('',#4025,1.25);
#1112=VECTOR('',#4030,10.);
#1113=VECTOR('',#4033,10.);
#1114=VECTOR('',#4034,10.);
#1115=VECTOR('',#4035,10.);
#1116=VECTOR('',#4038,10.);
#1117=VECTOR('',#4039,10.);
#1118=VECTOR('',#4042,10.);
#1119=VECTOR('',#4045,10.);
#1120=VECTOR('',#4048,6.45);
#1121=VECTOR('',#4049,6.45);
#1122=VECTOR('',#4052,10.);
#1123=VECTOR('',#4055,10.);
#1124=VECTOR('',#4064,10.);
#1125=VECTOR('',#4067,10.);
#1126=VECTOR('',#4068,10.);
#1127=VECTOR('',#4069,10.);
#1128=VECTOR('',#4072,10.);
#1129=VECTOR('',#4073,10.);
#1130=VECTOR('',#4074,10.);
#1131=VECTOR('',#4075,10.);
#1132=VECTOR('',#4076,10.);
#1133=VECTOR('',#4077,10.);
#1134=VECTOR('',#4080,10.);
#1135=VECTOR('',#4081,10.);
#1136=VECTOR('',#4084,10.);
#1137=VECTOR('',#4089,10.);
#1138=VECTOR('',#4094,10.);
#1139=VECTOR('',#4099,10.);
#1140=VECTOR('',#4104,10.);
#1141=VECTOR('',#4105,10.);
#1142=VECTOR('',#4106,10.);
#1143=VECTOR('',#4111,10.);
#1144=VECTOR('',#4114,10.);
#1145=VECTOR('',#4117,10.);
#1146=VECTOR('',#4120,10.);
#1147=VECTOR('',#4121,10.);
#1148=VECTOR('',#4122,10.);
#1149=VECTOR('',#4123,10.);
#1150=VECTOR('',#4124,10.);
#1151=VECTOR('',#4131,10.);
#1152=VECTOR('',#4132,10.);
#1153=VECTOR('',#4141,10.);
#1154=VECTOR('',#4146,10.);
#1155=VECTOR('',#4147,10.);
#1156=VECTOR('',#4148,10.);
#1157=VECTOR('',#4153,10.);
#1158=VECTOR('',#4154,10.);
#1159=VECTOR('',#4159,10.);
#1160=VECTOR('',#4166,10.);
#1161=VECTOR('',#4171,10.);
#1162=VECTOR('',#4172,10.);
#1163=VECTOR('',#4173,10.);
#1164=VECTOR('',#4174,10.);
#1165=VECTOR('',#4177,10.);
#1166=VECTOR('',#4178,10.);
#1167=VECTOR('',#4183,10.);
#1168=VECTOR('',#4186,10.);
#1169=VECTOR('',#4187,10.);
#1170=VECTOR('',#4198,10.);
#1171=VECTOR('',#4199,10.);
#1172=VECTOR('',#4206,10.);
#1173=VERTEX_POINT('',#4215);
#1174=VERTEX_POINT('',#4216);
#1175=VERTEX_POINT('',#4218);
#1176=VERTEX_POINT('',#4220);
#1177=VERTEX_POINT('',#4222);
#1178=VERTEX_POINT('',#4226);
#1179=VERTEX_POINT('',#4227);
#1180=VERTEX_POINT('',#4229);
#1181=VERTEX_POINT('',#4231);
#1182=VERTEX_POINT('',#4233);
#1183=VERTEX_POINT('',#4237);
#1184=VERTEX_POINT('',#4239);
#1185=VERTEX_POINT('',#4243);
#1186=VERTEX_POINT('',#4245);
#1187=VERTEX_POINT('',#4249);
#1188=VERTEX_POINT('',#4251);
#1189=VERTEX_POINT('',#4253);
#1190=VERTEX_POINT('',#4255);
#1191=VERTEX_POINT('',#4257);
#1192=VERTEX_POINT('',#4260);
#1193=VERTEX_POINT('',#4264);
#1194=VERTEX_POINT('',#4266);
#1195=VERTEX_POINT('',#4268);
#1196=VERTEX_POINT('',#4272);
#1197=VERTEX_POINT('',#4273);
#1198=VERTEX_POINT('',#4275);
#1199=VERTEX_POINT('',#4277);
#1200=VERTEX_POINT('',#4279);
#1201=VERTEX_POINT('',#4283);
#1202=VERTEX_POINT('',#4285);
#1203=VERTEX_POINT('',#4289);
#1204=VERTEX_POINT('',#4291);
#1205=VERTEX_POINT('',#4293);
#1206=VERTEX_POINT('',#4295);
#1207=VERTEX_POINT('',#4297);
#1208=VERTEX_POINT('',#4299);
#1209=VERTEX_POINT('',#4301);
#1210=VERTEX_POINT('',#4305);
#1211=VERTEX_POINT('',#4307);
#1212=VERTEX_POINT('',#4311);
#1213=VERTEX_POINT('',#4314);
#1214=VERTEX_POINT('',#4317);
#1215=VERTEX_POINT('',#4320);
#1216=VERTEX_POINT('',#4323);
#1217=VERTEX_POINT('',#4324);
#1218=VERTEX_POINT('',#4326);
#1219=VERTEX_POINT('',#4328);
#1220=VERTEX_POINT('',#4330);
#1221=VERTEX_POINT('',#4332);
#1222=VERTEX_POINT('',#4334);
#1223=VERTEX_POINT('',#4336);
#1224=VERTEX_POINT('',#4340);
#1225=VERTEX_POINT('',#4341);
#1226=VERTEX_POINT('',#4343);
#1227=VERTEX_POINT('',#4345);
#1228=VERTEX_POINT('',#4347);
#1229=VERTEX_POINT('',#4349);
#1230=VERTEX_POINT('',#4351);
#1231=VERTEX_POINT('',#4353);
#1232=VERTEX_POINT('',#4357);
#1233=VERTEX_POINT('',#4359);
#1234=VERTEX_POINT('',#4361);
#1235=VERTEX_POINT('',#4363);
#1236=VERTEX_POINT('',#4365);
#1237=VERTEX_POINT('',#4367);
#1238=VERTEX_POINT('',#4369);
#1239=VERTEX_POINT('',#4371);
#1240=VERTEX_POINT('',#4373);
#1241=VERTEX_POINT('',#4375);
#1242=VERTEX_POINT('',#4377);
#1243=VERTEX_POINT('',#4379);
#1244=VERTEX_POINT('',#4381);
#1245=VERTEX_POINT('',#4383);
#1246=VERTEX_POINT('',#4385);
#1247=VERTEX_POINT('',#4387);
#1248=VERTEX_POINT('',#4389);
#1249=VERTEX_POINT('',#4391);
#1250=VERTEX_POINT('',#4393);
#1251=VERTEX_POINT('',#4395);
#1252=VERTEX_POINT('',#4397);
#1253=VERTEX_POINT('',#4399);
#1254=VERTEX_POINT('',#4401);
#1255=VERTEX_POINT('',#4403);
#1256=VERTEX_POINT('',#4405);
#1257=VERTEX_POINT('',#4407);
#1258=VERTEX_POINT('',#4409);
#1259=VERTEX_POINT('',#4411);
#1260=VERTEX_POINT('',#4413);
#1261=VERTEX_POINT('',#4415);
#1262=VERTEX_POINT('',#4417);
#1263=VERTEX_POINT('',#4419);
#1264=VERTEX_POINT('',#4422);
#1265=VERTEX_POINT('',#4424);
#1266=VERTEX_POINT('',#4426);
#1267=VERTEX_POINT('',#4428);
#1268=VERTEX_POINT('',#4430);
#1269=VERTEX_POINT('',#4432);
#1270=VERTEX_POINT('',#4434);
#1271=VERTEX_POINT('',#4436);
#1272=VERTEX_POINT('',#4438);
#1273=VERTEX_POINT('',#4440);
#1274=VERTEX_POINT('',#4442);
#1275=VERTEX_POINT('',#4444);
#1276=VERTEX_POINT('',#4448);
#1277=VERTEX_POINT('',#4450);
#1278=VERTEX_POINT('',#4452);
#1279=VERTEX_POINT('',#4456);
#1280=VERTEX_POINT('',#4458);
#1281=VERTEX_POINT('',#4460);
#1282=VERTEX_POINT('',#4462);
#1283=VERTEX_POINT('',#4466);
#1284=VERTEX_POINT('',#4468);
#1285=VERTEX_POINT('',#4472);
#1286=VERTEX_POINT('',#4474);
#1287=VERTEX_POINT('',#4476);
#1288=VERTEX_POINT('',#4479);
#1289=VERTEX_POINT('',#4482);
#1290=VERTEX_POINT('',#4485);
#1291=VERTEX_POINT('',#4489);
#1292=VERTEX_POINT('',#4493);
#1293=VERTEX_POINT('',#4496);
#1294=VERTEX_POINT('',#4500);
#1295=VERTEX_POINT('',#4502);
#1296=VERTEX_POINT('',#4504);
#1297=VERTEX_POINT('',#4509);
#1298=VERTEX_POINT('',#4511);
#1299=VERTEX_POINT('',#4515);
#1300=VERTEX_POINT('',#4517);
#1301=VERTEX_POINT('',#4519);
#1302=VERTEX_POINT('',#4523);
#1303=VERTEX_POINT('',#4525);
#1304=VERTEX_POINT('',#4527);
#1305=VERTEX_POINT('',#4529);
#1306=VERTEX_POINT('',#4531);
#1307=VERTEX_POINT('',#4535);
#1308=VERTEX_POINT('',#4537);
#1309=VERTEX_POINT('',#4539);
#1310=VERTEX_POINT('',#4543);
#1311=VERTEX_POINT('',#4545);
#1312=VERTEX_POINT('',#4547);
#1313=VERTEX_POINT('',#4550);
#1314=VERTEX_POINT('',#4553);
#1315=VERTEX_POINT('',#4556);
#1316=VERTEX_POINT('',#4558);
#1317=VERTEX_POINT('',#4562);
#1318=VERTEX_POINT('',#4566);
#1319=VERTEX_POINT('',#4572);
#1320=VERTEX_POINT('',#4576);
#1321=VERTEX_POINT('',#4590);
#1322=VERTEX_POINT('',#4594);
#1323=VERTEX_POINT('',#4598);
#1324=VERTEX_POINT('',#4600);
#1325=VERTEX_POINT('',#4604);
#1326=VERTEX_POINT('',#4608);
#1327=VERTEX_POINT('',#4612);
#1328=VERTEX_POINT('',#4614);
#1329=VERTEX_POINT('',#4618);
#1330=VERTEX_POINT('',#4622);
#1331=VERTEX_POINT('',#4623);
#1332=VERTEX_POINT('',#4625);
#1333=VERTEX_POINT('',#4627);
#1334=VERTEX_POINT('',#4629);
#1335=VERTEX_POINT('',#4631);
#1336=VERTEX_POINT('',#4633);
#1337=VERTEX_POINT('',#4638);
#1338=VERTEX_POINT('',#4642);
#1339=VERTEX_POINT('',#4644);
#1340=VERTEX_POINT('',#4648);
#1341=VERTEX_POINT('',#4650);
#1342=VERTEX_POINT('',#4655);
#1343=VERTEX_POINT('',#4659);
#1344=VERTEX_POINT('',#4663);
#1345=VERTEX_POINT('',#4665);
#1346=VERTEX_POINT('',#4667);
#1347=VERTEX_POINT('',#4671);
#1348=VERTEX_POINT('',#4679);
#1349=VERTEX_POINT('',#4683);
#1350=VERTEX_POINT('',#4687);
#1351=VERTEX_POINT('',#4689);
#1352=VERTEX_POINT('',#4691);
#1353=VERTEX_POINT('',#4695);
#1354=VERTEX_POINT('',#4696);
#1355=VERTEX_POINT('',#4698);
#1356=VERTEX_POINT('',#4706);
#1357=VERTEX_POINT('',#4707);
#1358=VERTEX_POINT('',#4712);
#1359=VERTEX_POINT('',#4717);
#1360=VERTEX_POINT('',#4721);
#1361=VERTEX_POINT('',#4740);
#1362=VERTEX_POINT('',#4741);
#1363=VERTEX_POINT('',#4743);
#1364=VERTEX_POINT('',#4745);
#1365=VERTEX_POINT('',#4749);
#1366=VERTEX_POINT('',#4751);
#1367=VERTEX_POINT('',#4754);
#1368=VERTEX_POINT('',#4757);
#1369=VERTEX_POINT('',#4759);
#1370=VERTEX_POINT('',#4767);
#1371=VERTEX_POINT('',#4771);
#1372=VERTEX_POINT('',#4773);
#1373=VERTEX_POINT('',#4777);
#1374=VERTEX_POINT('',#4785);
#1375=VERTEX_POINT('',#4789);
#1376=VERTEX_POINT('',#4793);
#1377=VERTEX_POINT('',#4795);
#1378=VERTEX_POINT('',#4797);
#1379=VERTEX_POINT('',#4799);
#1380=VERTEX_POINT('',#4801);
#1381=VERTEX_POINT('',#4803);
#1382=VERTEX_POINT('',#4805);
#1383=VERTEX_POINT('',#4807);
#1384=VERTEX_POINT('',#4809);
#1385=VERTEX_POINT('',#4827);
#1386=VERTEX_POINT('',#4835);
#1387=VERTEX_POINT('',#4841);
#1388=VERTEX_POINT('',#4843);
#1389=VERTEX_POINT('',#4847);
#1390=VERTEX_POINT('',#4850);
#1391=VERTEX_POINT('',#4852);
#1392=VERTEX_POINT('',#4856);
#1393=VERTEX_POINT('',#4860);
#1394=VERTEX_POINT('',#4862);
#1395=VERTEX_POINT('',#4864);
#1396=VERTEX_POINT('',#4868);
#1397=VERTEX_POINT('',#4872);
#1398=VERTEX_POINT('',#4874);
#1399=VERTEX_POINT('',#4880);
#1400=VERTEX_POINT('',#4882);
#1401=VERTEX_POINT('',#4884);
#1402=VERTEX_POINT('',#4886);
#1403=VERTEX_POINT('',#4889);
#1404=VERTEX_POINT('',#4892);
#1405=VERTEX_POINT('',#4894);
#1406=VERTEX_POINT('',#4903);
#1407=VERTEX_POINT('',#4907);
#1408=VERTEX_POINT('',#4911);
#1409=VERTEX_POINT('',#4914);
#1410=VERTEX_POINT('',#4916);
#1411=VERTEX_POINT('',#4927);
#1412=VERTEX_POINT('',#4938);
#1413=VERTEX_POINT('',#4963);
#1414=VERTEX_POINT('',#4968);
#1415=VERTEX_POINT('',#4985);
#1416=VERTEX_POINT('',#4986);
#1417=VERTEX_POINT('',#4997);
#1418=VERTEX_POINT('',#4999);
#1419=VERTEX_POINT('',#5001);
#1420=VERTEX_POINT('',#5003);
#1421=VERTEX_POINT('',#5008);
#1422=VERTEX_POINT('',#5010);
#1423=VERTEX_POINT('',#5012);
#1424=VERTEX_POINT('',#5014);
#1425=VERTEX_POINT('',#5016);
#1426=VERTEX_POINT('',#5020);
#1427=VERTEX_POINT('',#5022);
#1428=VERTEX_POINT('',#5024);
#1429=VERTEX_POINT('',#5026);
#1430=VERTEX_POINT('',#5028);
#1431=VERTEX_POINT('',#5041);
#1432=VERTEX_POINT('',#5043);
#1433=VERTEX_POINT('',#5045);
#1434=VERTEX_POINT('',#5049);
#1435=VERTEX_POINT('',#5051);
#1436=VERTEX_POINT('',#5055);
#1437=VERTEX_POINT('',#5057);
#1438=VERTEX_POINT('',#5059);
#1439=VERTEX_POINT('',#5061);
#1440=VERTEX_POINT('',#5063);
#1441=VERTEX_POINT('',#5068);
#1442=VERTEX_POINT('',#5072);
#1443=VERTEX_POINT('',#5074);
#1444=VERTEX_POINT('',#5076);
#1445=VERTEX_POINT('',#5078);
#1446=VERTEX_POINT('',#5084);
#1447=VERTEX_POINT('',#5090);
#1448=VERTEX_POINT('',#5092);
#1449=VERTEX_POINT('',#5096);
#1450=VERTEX_POINT('',#5098);
#1451=VERTEX_POINT('',#5103);
#1452=VERTEX_POINT('',#5104);
#1453=VERTEX_POINT('',#5125);
#1454=VERTEX_POINT('',#5126);
#1455=VERTEX_POINT('',#5155);
#1456=VERTEX_POINT('',#5178);
#1457=VERTEX_POINT('',#5181);
#1458=VERTEX_POINT('',#5183);
#1459=VERTEX_POINT('',#5206);
#1460=VERTEX_POINT('',#5238);
#1461=VERTEX_POINT('',#5251);
#1462=VERTEX_POINT('',#5253);
#1463=VERTEX_POINT('',#5256);
#1464=VERTEX_POINT('',#5258);
#1465=EDGE_CURVE('',#1173,#1174,#527,.T.);
#1466=EDGE_CURVE('',#1175,#1173,#528,.T.);
#1467=EDGE_CURVE('',#1176,#1175,#529,.T.);
#1468=EDGE_CURVE('',#1177,#1176,#530,.T.);
#1469=EDGE_CURVE('',#1177,#1174,#531,.T.);
#1470=EDGE_CURVE('',#1178,#1179,#532,.T.);
#1471=EDGE_CURVE('',#1180,#1178,#533,.T.);
#1472=EDGE_CURVE('',#1181,#1180,#534,.T.);
#1473=EDGE_CURVE('',#1182,#1181,#535,.T.);
#1474=EDGE_CURVE('',#1182,#1179,#536,.T.);
#1475=EDGE_CURVE('',#1174,#1183,#537,.T.);
#1476=EDGE_CURVE('',#1184,#1177,#538,.T.);
#1477=EDGE_CURVE('',#1184,#1183,#539,.T.);
#1478=EDGE_CURVE('',#1185,#1180,#540,.T.);
#1479=EDGE_CURVE('',#1186,#1185,#541,.T.);
#1480=EDGE_CURVE('',#1181,#1186,#542,.T.);
#1481=EDGE_CURVE('',#1173,#1187,#543,.T.);
#1482=EDGE_CURVE('',#1174,#1188,#544,.T.);
#1483=EDGE_CURVE('',#1189,#1188,#545,.T.);
#1484=EDGE_CURVE('',#1190,#1189,#546,.T.);
#1485=EDGE_CURVE('',#1191,#1190,#547,.T.);
#1486=EDGE_CURVE('',#1191,#1187,#548,.T.);
#1487=EDGE_CURVE('',#1192,#1192,#103,.T.);
#1488=EDGE_CURVE('',#1183,#1185,#549,.T.);
#1489=EDGE_CURVE('',#1193,#1180,#550,.T.);
#1490=EDGE_CURVE('',#1194,#1193,#551,.T.);
#1491=EDGE_CURVE('',#1195,#1194,#552,.T.);
#1492=EDGE_CURVE('',#1188,#1195,#553,.T.);
#1493=EDGE_CURVE('',#1196,#1197,#554,.T.);
#1494=EDGE_CURVE('',#1197,#1198,#104,.T.);
#1495=EDGE_CURVE('',#1198,#1199,#555,.T.);
#1496=EDGE_CURVE('',#1200,#1199,#105,.T.);
#1497=EDGE_CURVE('',#1196,#1200,#32,.T.);
#1498=EDGE_CURVE('',#1197,#1201,#556,.T.);
#1499=EDGE_CURVE('',#1202,#1201,#106,.T.);
#1500=EDGE_CURVE('',#1202,#1198,#557,.T.);
#1501=EDGE_CURVE('',#1201,#1203,#558,.T.);
#1502=EDGE_CURVE('',#1203,#1204,#559,.T.);
#1503=EDGE_CURVE('',#1204,#1205,#107,.T.);
#1504=EDGE_CURVE('',#1205,#1206,#560,.T.);
#1505=EDGE_CURVE('',#1206,#1207,#108,.T.);
#1506=EDGE_CURVE('',#1207,#1208,#561,.T.);
#1507=EDGE_CURVE('',#1209,#1208,#562,.T.);
#1508=EDGE_CURVE('',#1209,#1202,#563,.T.);
#1509=EDGE_CURVE('',#1203,#1210,#564,.T.);
#1510=EDGE_CURVE('',#1211,#1210,#565,.T.);
#1511=EDGE_CURVE('',#1211,#1204,#566,.T.);
#1512=EDGE_CURVE('',#1212,#1212,#109,.T.);
#1513=EDGE_CURVE('',#1213,#1213,#110,.T.);
#1514=EDGE_CURVE('',#1214,#1214,#111,.T.);
#1515=EDGE_CURVE('',#1215,#1215,#112,.T.);
#1516=EDGE_CURVE('',#1216,#1217,#567,.T.);
#1517=EDGE_CURVE('',#1217,#1218,#568,.T.);
#1518=EDGE_CURVE('',#1218,#1219,#569,.T.);
#1519=EDGE_CURVE('',#1219,#1220,#570,.T.);
#1520=EDGE_CURVE('',#1220,#1221,#113,.T.);
#1521=EDGE_CURVE('',#1221,#1222,#571,.T.);
#1522=EDGE_CURVE('',#1223,#1222,#572,.T.);
#1523=EDGE_CURVE('',#1223,#1216,#573,.T.);
#1524=EDGE_CURVE('',#1224,#1225,#574,.T.);
#1525=EDGE_CURVE('',#1226,#1225,#575,.T.);
#1526=EDGE_CURVE('',#1227,#1226,#576,.T.);
#1527=EDGE_CURVE('',#1227,#1228,#577,.T.);
#1528=EDGE_CURVE('',#1228,#1229,#114,.T.);
#1529=EDGE_CURVE('',#1229,#1230,#578,.T.);
#1530=EDGE_CURVE('',#1230,#1231,#579,.T.);
#1531=EDGE_CURVE('',#1224,#1231,#580,.T.);
#1532=EDGE_CURVE('',#1232,#1232,#115,.T.);
#1533=EDGE_CURVE('',#1232,#1233,#581,.T.);
#1534=EDGE_CURVE('',#1234,#1233,#116,.T.);
#1535=EDGE_CURVE('',#1235,#1234,#33,.T.);
#1536=EDGE_CURVE('',#1236,#1235,#582,.T.);
#1537=EDGE_CURVE('',#1237,#1236,#117,.T.);
#1538=EDGE_CURVE('',#1238,#1237,#583,.T.);
#1539=EDGE_CURVE('',#1239,#1238,#118,.T.);
#1540=EDGE_CURVE('',#1240,#1239,#584,.T.);
#1541=EDGE_CURVE('',#1241,#1240,#119,.T.);
#1542=EDGE_CURVE('',#1242,#1241,#585,.T.);
#1543=EDGE_CURVE('',#1243,#1242,#120,.T.);
#1544=EDGE_CURVE('',#1244,#1243,#586,.T.);
#1545=EDGE_CURVE('',#1245,#1244,#121,.T.);
#1546=EDGE_CURVE('',#1246,#1245,#587,.T.);
#1547=EDGE_CURVE('',#1247,#1246,#122,.T.);
#1548=EDGE_CURVE('',#1248,#1247,#588,.T.);
#1549=EDGE_CURVE('',#1249,#1248,#123,.T.);
#1550=EDGE_CURVE('',#1250,#1249,#589,.T.);
#1551=EDGE_CURVE('',#1251,#1250,#124,.T.);
#1552=EDGE_CURVE('',#1252,#1251,#590,.T.);
#1553=EDGE_CURVE('',#1253,#1252,#125,.T.);
#1554=EDGE_CURVE('',#1254,#1253,#591,.T.);
#1555=EDGE_CURVE('',#1255,#1254,#34,.T.);
#1556=EDGE_CURVE('',#1256,#1255,#126,.T.);
#1557=EDGE_CURVE('',#1257,#1256,#35,.T.);
#1558=EDGE_CURVE('',#1258,#1257,#592,.T.);
#1559=EDGE_CURVE('',#1259,#1258,#127,.T.);
#1560=EDGE_CURVE('',#1260,#1259,#593,.T.);
#1561=EDGE_CURVE('',#1261,#1260,#128,.T.);
#1562=EDGE_CURVE('',#1262,#1261,#594,.T.);
#1563=EDGE_CURVE('',#1263,#1262,#129,.T.);
#1564=EDGE_CURVE('',#1205,#1263,#595,.T.);
#1565=EDGE_CURVE('',#1264,#1211,#130,.T.);
#1566=EDGE_CURVE('',#1265,#1264,#596,.T.);
#1567=EDGE_CURVE('',#1266,#1265,#597,.T.);
#1568=EDGE_CURVE('',#1267,#1266,#131,.T.);
#1569=EDGE_CURVE('',#1268,#1267,#598,.T.);
#1570=EDGE_CURVE('',#1269,#1268,#132,.T.);
#1571=EDGE_CURVE('',#1270,#1269,#599,.T.);
#1572=EDGE_CURVE('',#1271,#1270,#133,.T.);
#1573=EDGE_CURVE('',#1272,#1271,#600,.T.);
#1574=EDGE_CURVE('',#1273,#1272,#134,.T.);
#1575=EDGE_CURVE('',#1274,#1273,#601,.T.);
#1576=EDGE_CURVE('',#1275,#1274,#36,.T.);
#1577=EDGE_CURVE('',#1233,#1275,#135,.T.);
#1578=EDGE_CURVE('',#1254,#1276,#602,.T.);
#1579=EDGE_CURVE('',#1276,#1277,#603,.T.);
#1580=EDGE_CURVE('',#1277,#1278,#604,.T.);
#1581=EDGE_CURVE('',#1278,#1255,#605,.T.);
#1582=EDGE_CURVE('',#1253,#1279,#606,.T.);
#1583=EDGE_CURVE('',#1280,#1279,#607,.T.);
#1584=EDGE_CURVE('',#1281,#1280,#608,.T.);
#1585=EDGE_CURVE('',#1281,#1282,#609,.T.);
#1586=EDGE_CURVE('',#1276,#1282,#610,.T.);
#1587=EDGE_CURVE('',#1283,#1261,#136,.T.);
#1588=EDGE_CURVE('',#1283,#1284,#611,.T.);
#1589=EDGE_CURVE('',#1284,#1262,#137,.T.);
#1590=EDGE_CURVE('',#1285,#1250,#138,.T.);
#1591=EDGE_CURVE('',#1286,#1285,#612,.T.);
#1592=EDGE_CURVE('',#1286,#1287,#613,.T.);
#1593=EDGE_CURVE('',#1287,#1281,#139,.T.);
#1594=EDGE_CURVE('',#1280,#1288,#614,.T.);
#1595=EDGE_CURVE('',#1251,#1288,#140,.T.);
#1596=EDGE_CURVE('',#1289,#1289,#141,.T.);
#1597=EDGE_CURVE('',#1249,#1290,#142,.T.);
#1598=EDGE_CURVE('',#1285,#1290,#615,.T.);
#1599=EDGE_CURVE('',#1291,#1288,#616,.T.);
#1600=EDGE_CURVE('',#1291,#1252,#143,.T.);
#1601=EDGE_CURVE('',#1292,#1247,#617,.T.);
#1602=EDGE_CURVE('',#1287,#1292,#618,.T.);
#1603=EDGE_CURVE('',#1286,#1293,#619,.T.);
#1604=EDGE_CURVE('',#1293,#1248,#620,.T.);
#1605=EDGE_CURVE('',#1246,#1294,#621,.T.);
#1606=EDGE_CURVE('',#1295,#1294,#622,.T.);
#1607=EDGE_CURVE('',#1295,#1296,#623,.T.);
#1608=EDGE_CURVE('',#1296,#1277,#624,.T.);
#1609=EDGE_CURVE('',#1282,#1292,#144,.T.);
#1610=EDGE_CURVE('',#1245,#1297,#625,.T.);
#1611=EDGE_CURVE('',#1297,#1298,#626,.T.);
#1612=EDGE_CURVE('',#1294,#1298,#627,.T.);
#1613=EDGE_CURVE('',#1299,#1243,#628,.T.);
#1614=EDGE_CURVE('',#1300,#1299,#629,.T.);
#1615=EDGE_CURVE('',#1300,#1301,#630,.T.);
#1616=EDGE_CURVE('',#1301,#1244,#631,.T.);
#1617=EDGE_CURVE('',#1242,#1302,#632,.T.);
#1618=EDGE_CURVE('',#1302,#1303,#145,.T.);
#1619=EDGE_CURVE('',#1303,#1304,#633,.T.);
#1620=EDGE_CURVE('',#1305,#1304,#634,.T.);
#1621=EDGE_CURVE('',#1305,#1306,#635,.T.);
#1622=EDGE_CURVE('',#1299,#1306,#636,.T.);
#1623=EDGE_CURVE('',#1241,#1307,#637,.T.);
#1624=EDGE_CURVE('',#1308,#1307,#638,.T.);
#1625=EDGE_CURVE('',#1309,#1308,#639,.T.);
#1626=EDGE_CURVE('',#1309,#1302,#640,.T.);
#1627=EDGE_CURVE('',#1310,#1238,#146,.T.);
#1628=EDGE_CURVE('',#1311,#1310,#641,.T.);
#1629=EDGE_CURVE('',#1311,#1312,#642,.T.);
#1630=EDGE_CURVE('',#1312,#1309,#147,.T.);
#1631=EDGE_CURVE('',#1313,#1308,#643,.T.);
#1632=EDGE_CURVE('',#1239,#1313,#148,.T.);
#1633=EDGE_CURVE('',#1314,#1314,#149,.T.);
#1634=EDGE_CURVE('',#1315,#1271,#150,.T.);
#1635=EDGE_CURVE('',#1315,#1316,#644,.T.);
#1636=EDGE_CURVE('',#1316,#1272,#151,.T.);
#1637=EDGE_CURVE('',#1237,#1317,#152,.T.);
#1638=EDGE_CURVE('',#1317,#1310,#645,.T.);
#1639=EDGE_CURVE('',#1318,#1313,#646,.T.);
#1640=EDGE_CURVE('',#1318,#1240,#153,.T.);
#1641=EDGE_CURVE('',#1304,#1235,#647,.T.);
#1642=EDGE_CURVE('',#1312,#1303,#648,.T.);
#1643=EDGE_CURVE('',#1319,#1311,#649,.T.);
#1644=EDGE_CURVE('',#1319,#1236,#650,.T.);
#1645=EDGE_CURVE('',#1234,#1320,#651,.T.);
#1646=EDGE_CURVE('',#1320,#1305,#652,.T.);
#1647=EDGE_CURVE('',#1279,#1291,#653,.T.);
#1648=EDGE_CURVE('',#1290,#1293,#654,.T.);
#1649=EDGE_CURVE('',#1301,#1297,#655,.T.);
#1650=EDGE_CURVE('',#1307,#1318,#656,.T.);
#1651=EDGE_CURVE('',#1317,#1319,#657,.T.);
#1652=EDGE_CURVE('',#1321,#1275,#658,.T.);
#1653=EDGE_CURVE('',#1321,#1320,#659,.T.);
#1654=EDGE_CURVE('',#1322,#1316,#660,.T.);
#1655=EDGE_CURVE('',#1273,#1322,#661,.T.);
#1656=EDGE_CURVE('',#1323,#1268,#662,.T.);
#1657=EDGE_CURVE('',#1324,#1323,#663,.T.);
#1658=EDGE_CURVE('',#1269,#1324,#154,.T.);
#1659=EDGE_CURVE('',#1210,#1325,#664,.T.);
#1660=EDGE_CURVE('',#1325,#1264,#665,.T.);
#1661=EDGE_CURVE('',#1326,#1284,#666,.T.);
#1662=EDGE_CURVE('',#1263,#1326,#667,.T.);
#1663=EDGE_CURVE('',#1327,#1258,#668,.T.);
#1664=EDGE_CURVE('',#1328,#1327,#669,.T.);
#1665=EDGE_CURVE('',#1259,#1328,#155,.T.);
#1666=EDGE_CURVE('',#1278,#1329,#670,.T.);
#1667=EDGE_CURVE('',#1256,#1329,#671,.T.);
#1668=EDGE_CURVE('',#1330,#1331,#672,.T.);
#1669=EDGE_CURVE('',#1331,#1332,#156,.T.);
#1670=EDGE_CURVE('',#1332,#1333,#673,.T.);
#1671=EDGE_CURVE('',#1334,#1333,#674,.T.);
#1672=EDGE_CURVE('',#1334,#1335,#675,.T.);
#1673=EDGE_CURVE('',#1335,#1336,#157,.T.);
#1674=EDGE_CURVE('',#1336,#1267,#676,.T.);
#1675=EDGE_CURVE('',#1266,#1330,#677,.T.);
#1676=EDGE_CURVE('',#1337,#1330,#678,.T.);
#1677=EDGE_CURVE('',#1265,#1337,#679,.T.);
#1678=EDGE_CURVE('',#1331,#1338,#680,.T.);
#1679=EDGE_CURVE('',#1339,#1338,#158,.T.);
#1680=EDGE_CURVE('',#1339,#1332,#681,.T.);
#1681=EDGE_CURVE('',#1322,#1340,#682,.T.);
#1682=EDGE_CURVE('',#1341,#1340,#683,.T.);
#1683=EDGE_CURVE('',#1341,#1335,#684,.T.);
#1684=EDGE_CURVE('',#1274,#1334,#685,.T.);
#1685=EDGE_CURVE('',#1342,#1341,#159,.T.);
#1686=EDGE_CURVE('',#1342,#1336,#686,.T.);
#1687=EDGE_CURVE('',#1343,#1342,#687,.T.);
#1688=EDGE_CURVE('',#1343,#1323,#688,.T.);
#1689=EDGE_CURVE('',#1344,#1344,#160,.T.);
#1690=EDGE_CURVE('',#1344,#1345,#689,.T.);
#1691=EDGE_CURVE('',#1346,#1345,#161,.T.);
#1692=EDGE_CURVE('',#1345,#1346,#162,.T.);
#1693=EDGE_CURVE('',#1347,#1324,#690,.T.);
#1694=EDGE_CURVE('',#1270,#1347,#163,.T.);
#1695=EDGE_CURVE('',#1347,#1343,#691,.T.);
#1696=EDGE_CURVE('',#1340,#1315,#692,.T.);
#1697=EDGE_CURVE('',#1326,#1348,#693,.T.);
#1698=EDGE_CURVE('',#1348,#1283,#694,.T.);
#1699=EDGE_CURVE('',#1328,#1349,#695,.T.);
#1700=EDGE_CURVE('',#1260,#1349,#164,.T.);
#1701=EDGE_CURVE('',#1350,#1350,#165,.T.);
#1702=EDGE_CURVE('',#1350,#1351,#696,.T.);
#1703=EDGE_CURVE('',#1351,#1352,#166,.T.);
#1704=EDGE_CURVE('',#1352,#1351,#167,.T.);
#1705=EDGE_CURVE('',#1353,#1354,#168,.T.);
#1706=EDGE_CURVE('',#1355,#1353,#169,.T.);
#1707=EDGE_CURVE('',#1354,#1355,#170,.T.);
#1708=EDGE_CURVE('',#1354,#1314,#697,.T.);
#1709=EDGE_CURVE('',#1356,#1357,#171,.T.);
#1710=EDGE_CURVE('',#1357,#1356,#172,.T.);
#1711=EDGE_CURVE('',#1356,#1289,#698,.T.);
#1712=EDGE_CURVE('',#1349,#1358,#699,.T.);
#1713=EDGE_CURVE('',#1358,#1327,#700,.T.);
#1714=EDGE_CURVE('',#1359,#1348,#701,.T.);
#1715=EDGE_CURVE('',#1359,#1206,#702,.T.);
#1716=EDGE_CURVE('',#1358,#1360,#703,.T.);
#1717=EDGE_CURVE('',#1360,#1359,#173,.T.);
#1718=EDGE_CURVE('',#1208,#1257,#704,.T.);
#1719=EDGE_CURVE('',#1360,#1207,#705,.T.);
#1720=EDGE_CURVE('',#1325,#1337,#706,.T.);
#1721=EDGE_CURVE('',#1215,#1357,#707,.T.);
#1722=EDGE_CURVE('',#1214,#1355,#708,.T.);
#1723=EDGE_CURVE('',#1213,#1346,#709,.T.);
#1724=EDGE_CURVE('',#1212,#1352,#710,.T.);
#1725=EDGE_CURVE('',#1361,#1362,#711,.T.);
#1726=EDGE_CURVE('',#1361,#1363,#712,.T.);
#1727=EDGE_CURVE('',#1364,#1363,#713,.T.);
#1728=EDGE_CURVE('',#1362,#1364,#714,.T.);
#1729=EDGE_CURVE('',#1365,#1361,#715,.T.);
#1730=EDGE_CURVE('',#1365,#1366,#716,.T.);
#1731=EDGE_CURVE('',#1363,#1366,#717,.T.);
#1732=EDGE_CURVE('',#1367,#1367,#174,.T.);
#1733=EDGE_CURVE('',#1368,#1365,#718,.T.);
#1734=EDGE_CURVE('',#1368,#1369,#719,.T.);
#1735=EDGE_CURVE('',#1366,#1369,#720,.T.);
#1736=EDGE_CURVE('',#1362,#1368,#721,.T.);
#1737=EDGE_CURVE('',#1369,#1364,#722,.T.);
#1738=EDGE_CURVE('',#1370,#1370,#175,.T.);
#1739=EDGE_CURVE('',#1370,#1367,#723,.T.);
#1740=EDGE_CURVE('',#1371,#1229,#724,.T.);
#1741=EDGE_CURVE('',#1371,#1372,#725,.T.);
#1742=EDGE_CURVE('',#1230,#1372,#726,.T.);
#1743=EDGE_CURVE('',#1228,#1373,#727,.T.);
#1744=EDGE_CURVE('',#1373,#1371,#176,.T.);
#1745=EDGE_CURVE('',#1294,#1299,#728,.T.);
#1746=EDGE_CURVE('',#1372,#1374,#729,.T.);
#1747=EDGE_CURVE('',#1374,#1231,#730,.T.);
#1748=EDGE_CURVE('',#1227,#1375,#731,.T.);
#1749=EDGE_CURVE('',#1375,#1373,#732,.T.);
#1750=EDGE_CURVE('',#1306,#1376,#733,.T.);
#1751=EDGE_CURVE('',#1377,#1376,#734,.T.);
#1752=EDGE_CURVE('',#1378,#1377,#177,.T.);
#1753=EDGE_CURVE('',#1379,#1378,#735,.T.);
#1754=EDGE_CURVE('',#1380,#1379,#736,.T.);
#1755=EDGE_CURVE('',#1380,#1381,#737,.T.);
#1756=EDGE_CURVE('',#1382,#1381,#738,.T.);
#1757=EDGE_CURVE('',#1382,#1383,#739,.T.);
#1758=EDGE_CURVE('',#1383,#1384,#740,.T.);
#1759=EDGE_CURVE('',#1384,#1374,#741,.T.);
#1760=EDGE_CURVE('',#1375,#1295,#742,.T.);
#1761=EDGE_CURVE('',#1381,#1217,#743,.T.);
#1762=EDGE_CURVE('',#1218,#1380,#744,.T.);
#1763=EDGE_CURVE('',#1219,#1379,#745,.T.);
#1764=EDGE_CURVE('',#1220,#1378,#746,.T.);
#1765=EDGE_CURVE('',#1221,#1377,#747,.T.);
#1766=EDGE_CURVE('',#1222,#1376,#748,.T.);
#1767=EDGE_CURVE('',#1384,#1224,#749,.T.);
#1768=EDGE_CURVE('',#1385,#1226,#750,.T.);
#1769=EDGE_CURVE('',#1385,#1295,#751,.T.);
#1770=EDGE_CURVE('',#1333,#1321,#752,.T.);
#1771=EDGE_CURVE('',#1329,#1209,#753,.T.);
#1772=EDGE_CURVE('',#1386,#1173,#754,.T.);
#1773=EDGE_CURVE('',#1338,#1386,#755,.T.);
#1774=EDGE_CURVE('',#1178,#1196,#756,.T.);
#1775=EDGE_CURVE('',#1179,#1175,#757,.T.);
#1776=EDGE_CURVE('',#1200,#1387,#758,.T.);
#1777=EDGE_CURVE('',#1387,#1388,#759,.T.);
#1778=EDGE_CURVE('',#1178,#1388,#760,.T.);
#1779=EDGE_CURVE('',#1389,#1389,#178,.T.);
#1780=EDGE_CURVE('',#1386,#1390,#37,.F.);
#1781=EDGE_CURVE('',#1391,#1390,#179,.T.);
#1782=EDGE_CURVE('',#1339,#1391,#761,.T.);
#1783=EDGE_CURVE('',#1187,#1392,#762,.T.);
#1784=EDGE_CURVE('',#1390,#1392,#763,.T.);
#1785=EDGE_CURVE('',#1388,#1393,#764,.T.);
#1786=EDGE_CURVE('',#1394,#1393,#765,.T.);
#1787=EDGE_CURVE('',#1395,#1394,#766,.T.);
#1788=EDGE_CURVE('',#1193,#1395,#767,.T.);
#1789=EDGE_CURVE('',#1391,#1396,#768,.T.);
#1790=EDGE_CURVE('',#1223,#1396,#769,.T.);
#1791=EDGE_CURVE('',#1394,#1397,#770,.T.);
#1792=EDGE_CURVE('',#1397,#1398,#771,.T.);
#1793=EDGE_CURVE('',#1398,#1395,#772,.T.);
#1794=EDGE_CURVE('',#1398,#1194,#773,.T.);
#1795=EDGE_CURVE('',#1399,#1397,#774,.T.);
#1796=EDGE_CURVE('',#1400,#1399,#775,.T.);
#1797=EDGE_CURVE('',#1401,#1400,#776,.T.);
#1798=EDGE_CURVE('',#1402,#1401,#777,.T.);
#1799=EDGE_CURVE('',#1398,#1402,#778,.T.);
#1800=EDGE_CURVE('',#1403,#1403,#180,.T.);
#1801=EDGE_CURVE('',#1393,#1404,#779,.T.);
#1802=EDGE_CURVE('',#1404,#1405,#780,.T.);
#1803=EDGE_CURVE('',#1399,#1405,#781,.T.);
#1804=EDGE_CURVE('',#1401,#1190,#782,.T.);
#1805=EDGE_CURVE('',#1189,#1402,#783,.T.);
#1806=EDGE_CURVE('',#1195,#1402,#784,.T.);
#1807=EDGE_CURVE('',#1406,#1400,#785,.T.);
#1808=EDGE_CURVE('',#1406,#1191,#786,.T.);
#1809=EDGE_CURVE('',#1192,#1407,#787,.T.);
#1810=EDGE_CURVE('',#1407,#1407,#181,.T.);
#1811=EDGE_CURVE('',#1408,#1408,#182,.T.);
#1812=EDGE_CURVE('',#1408,#1409,#788,.T.);
#1813=EDGE_CURVE('',#1410,#1409,#20,.T.);
#1814=EDGE_CURVE('',#1411,#1410,#21,.T.);
#1815=EDGE_CURVE('',#1412,#1411,#22,.T.);
#1816=EDGE_CURVE('',#1409,#1412,#23,.T.);
#1817=EDGE_CURVE('',#1405,#1406,#789,.T.);
#1818=EDGE_CURVE('',#1413,#1387,#790,.T.);
#1819=EDGE_CURVE('',#1225,#1413,#791,.T.);
#1820=EDGE_CURVE('',#1224,#1404,#792,.T.);
#1821=EDGE_CURVE('',#1414,#1396,#793,.T.);
#1822=EDGE_CURVE('',#1216,#1414,#794,.T.);
#1823=EDGE_CURVE('',#1199,#1413,#795,.T.);
#1824=EDGE_CURVE('',#1392,#1414,#796,.T.);
#1825=EDGE_CURVE('',#1389,#1412,#797,.T.);
#1826=EDGE_CURVE('',#1410,#1403,#798,.T.);
#1827=EDGE_CURVE('',#1406,#1382,#799,.T.);
#1828=EDGE_CURVE('',#1405,#1383,#800,.T.);
#1829=EDGE_CURVE('',#1415,#1416,#24,.T.);
#1830=EDGE_CURVE('',#1416,#1417,#183,.T.);
#1831=EDGE_CURVE('',#1418,#1417,#801,.T.);
#1832=EDGE_CURVE('',#1419,#1418,#184,.T.);
#1833=EDGE_CURVE('',#1420,#1419,#802,.T.);
#1834=EDGE_CURVE('',#1177,#1420,#803,.T.);
#1835=EDGE_CURVE('',#1176,#1415,#804,.T.);
#1836=EDGE_CURVE('',#1182,#1421,#805,.T.);
#1837=EDGE_CURVE('',#1422,#1421,#806,.T.);
#1838=EDGE_CURVE('',#1422,#1423,#807,.T.);
#1839=EDGE_CURVE('',#1423,#1424,#808,.T.);
#1840=EDGE_CURVE('',#1425,#1424,#809,.T.);
#1841=EDGE_CURVE('',#1425,#1415,#810,.T.);
#1842=EDGE_CURVE('',#1426,#1181,#811,.T.);
#1843=EDGE_CURVE('',#1427,#1426,#812,.T.);
#1844=EDGE_CURVE('',#1428,#1427,#185,.T.);
#1845=EDGE_CURVE('',#1429,#1428,#813,.T.);
#1846=EDGE_CURVE('',#1430,#1429,#186,.T.);
#1847=EDGE_CURVE('',#1421,#1430,#25,.T.);
#1848=EDGE_CURVE('',#1186,#1431,#814,.T.);
#1849=EDGE_CURVE('',#1431,#1432,#38,.T.);
#1850=EDGE_CURVE('',#1432,#1433,#39,.T.);
#1851=EDGE_CURVE('',#1433,#1426,#815,.T.);
#1852=EDGE_CURVE('',#1433,#1434,#40,.T.);
#1853=EDGE_CURVE('',#1434,#1435,#816,.T.);
#1854=EDGE_CURVE('',#1435,#1427,#41,.F.);
#1855=EDGE_CURVE('',#1436,#1432,#817,.T.);
#1856=EDGE_CURVE('',#1436,#1437,#818,.T.);
#1857=EDGE_CURVE('',#1437,#1438,#819,.T.);
#1858=EDGE_CURVE('',#1439,#1438,#42,.T.);
#1859=EDGE_CURVE('',#1440,#1439,#43,.T.);
#1860=EDGE_CURVE('',#1434,#1440,#820,.T.);
#1861=EDGE_CURVE('',#1420,#1439,#821,.T.);
#1862=EDGE_CURVE('',#1438,#1441,#44,.T.);
#1863=EDGE_CURVE('',#1441,#1184,#822,.T.);
#1864=EDGE_CURVE('',#1442,#1441,#823,.T.);
#1865=EDGE_CURVE('',#1443,#1442,#824,.T.);
#1866=EDGE_CURVE('',#1443,#1444,#825,.T.);
#1867=EDGE_CURVE('',#1444,#1445,#826,.T.);
#1868=EDGE_CURVE('',#1445,#1431,#827,.T.);
#1869=EDGE_CURVE('',#1442,#1437,#187,.T.);
#1870=EDGE_CURVE('',#1446,#1440,#828,.T.);
#1871=EDGE_CURVE('',#1435,#1446,#829,.T.);
#1872=EDGE_CURVE('',#1445,#1436,#188,.T.);
#1873=EDGE_CURVE('',#1428,#1447,#45,.T.);
#1874=EDGE_CURVE('',#1447,#1448,#830,.T.);
#1875=EDGE_CURVE('',#1448,#1429,#46,.T.);
#1876=EDGE_CURVE('',#1449,#1447,#831,.T.);
#1877=EDGE_CURVE('',#1450,#1449,#832,.T.);
#1878=EDGE_CURVE('',#1448,#1450,#833,.T.);
#1879=EDGE_CURVE('',#1449,#1446,#189,.T.);
#1880=EDGE_CURVE('',#1451,#1452,#26,.T.);
#1881=EDGE_CURVE('',#1452,#1451,#834,.T.);
#1882=EDGE_CURVE('',#1453,#1454,#835,.T.);
#1883=EDGE_CURVE('',#1453,#1454,#27,.F.);
#1884=EDGE_CURVE('',#1417,#1450,#47,.T.);
#1885=EDGE_CURVE('',#1449,#1418,#836,.T.);
#1886=EDGE_CURVE('',#1446,#1419,#18,.F.);
#1887=EDGE_CURVE('',#1422,#1455,#28,.T.);
#1888=EDGE_CURVE('',#1455,#1456,#837,.T.);
#1889=EDGE_CURVE('',#1456,#1436,#190,.T.);
#1890=EDGE_CURVE('',#1444,#1457,#191,.T.);
#1891=EDGE_CURVE('',#1457,#1458,#838,.T.);
#1892=EDGE_CURVE('',#1423,#1458,#839,.T.);
#1893=EDGE_CURVE('',#1459,#1422,#29,.T.);
#1894=EDGE_CURVE('',#1459,#1430,#840,.T.);
#1895=EDGE_CURVE('',#1425,#1460,#30,.T.);
#1896=EDGE_CURVE('',#1460,#1416,#841,.T.);
#1897=EDGE_CURVE('',#1461,#1424,#842,.T.);
#1898=EDGE_CURVE('',#1461,#1462,#843,.T.);
#1899=EDGE_CURVE('',#1462,#1443,#192,.T.);
#1900=EDGE_CURVE('',#1437,#1463,#193,.T.);
#1901=EDGE_CURVE('',#1463,#1464,#844,.T.);
#1902=EDGE_CURVE('',#1464,#1425,#31,.T.);
#1903=EDGE_CURVE('',#1458,#1461,#845,.T.);
#1904=EDGE_CURVE('',#1457,#1462,#846,.T.);
#1905=EDGE_CURVE('',#1454,#1453,#48,.T.);
#1906=EDGE_CURVE('',#1451,#1452,#49,.T.);
#1907=EDGE_CURVE('',#1455,#1464,#847,.T.);
#1908=EDGE_CURVE('',#1459,#1460,#848,.T.);
#1909=EDGE_CURVE('',#1456,#1463,#849,.T.);
#1910=ORIENTED_EDGE('',*,*,#1465,.F.);
#1911=ORIENTED_EDGE('',*,*,#1466,.F.);
#1912=ORIENTED_EDGE('',*,*,#1467,.F.);
#1913=ORIENTED_EDGE('',*,*,#1468,.F.);
#1914=ORIENTED_EDGE('',*,*,#1469,.T.);
#1915=ORIENTED_EDGE('',*,*,#1470,.F.);
#1916=ORIENTED_EDGE('',*,*,#1471,.F.);
#1917=ORIENTED_EDGE('',*,*,#1472,.F.);
#1918=ORIENTED_EDGE('',*,*,#1473,.F.);
#1919=ORIENTED_EDGE('',*,*,#1474,.T.);
#1920=ORIENTED_EDGE('',*,*,#1475,.F.);
#1921=ORIENTED_EDGE('',*,*,#1469,.F.);
#1922=ORIENTED_EDGE('',*,*,#1476,.F.);
#1923=ORIENTED_EDGE('',*,*,#1477,.T.);
#1924=ORIENTED_EDGE('',*,*,#1478,.F.);
#1925=ORIENTED_EDGE('',*,*,#1479,.F.);
#1926=ORIENTED_EDGE('',*,*,#1480,.F.);
#1927=ORIENTED_EDGE('',*,*,#1472,.T.);
#1928=ORIENTED_EDGE('',*,*,#1481,.F.);
#1929=ORIENTED_EDGE('',*,*,#1465,.T.);
#1930=ORIENTED_EDGE('',*,*,#1482,.T.);
#1931=ORIENTED_EDGE('',*,*,#1483,.F.);
#1932=ORIENTED_EDGE('',*,*,#1484,.F.);
#1933=ORIENTED_EDGE('',*,*,#1485,.F.);
#1934=ORIENTED_EDGE('',*,*,#1486,.T.);
#1935=ORIENTED_EDGE('',*,*,#1487,.T.);
#1936=ORIENTED_EDGE('',*,*,#1475,.T.);
#1937=ORIENTED_EDGE('',*,*,#1488,.T.);
#1938=ORIENTED_EDGE('',*,*,#1478,.T.);
#1939=ORIENTED_EDGE('',*,*,#1489,.F.);
#1940=ORIENTED_EDGE('',*,*,#1490,.F.);
#1941=ORIENTED_EDGE('',*,*,#1491,.F.);
#1942=ORIENTED_EDGE('',*,*,#1492,.F.);
#1943=ORIENTED_EDGE('',*,*,#1482,.F.);
#1944=ORIENTED_EDGE('',*,*,#1493,.T.);
#1945=ORIENTED_EDGE('',*,*,#1494,.T.);
#1946=ORIENTED_EDGE('',*,*,#1495,.T.);
#1947=ORIENTED_EDGE('',*,*,#1496,.F.);
#1948=ORIENTED_EDGE('',*,*,#1497,.F.);
#1949=ORIENTED_EDGE('',*,*,#1498,.T.);
#1950=ORIENTED_EDGE('',*,*,#1499,.F.);
#1951=ORIENTED_EDGE('',*,*,#1500,.T.);
#1952=ORIENTED_EDGE('',*,*,#1494,.F.);
#1953=ORIENTED_EDGE('',*,*,#1501,.T.);
#1954=ORIENTED_EDGE('',*,*,#1502,.T.);
#1955=ORIENTED_EDGE('',*,*,#1503,.T.);
#1956=ORIENTED_EDGE('',*,*,#1504,.T.);
#1957=ORIENTED_EDGE('',*,*,#1505,.T.);
#1958=ORIENTED_EDGE('',*,*,#1506,.T.);
#1959=ORIENTED_EDGE('',*,*,#1507,.F.);
#1960=ORIENTED_EDGE('',*,*,#1508,.T.);
#1961=ORIENTED_EDGE('',*,*,#1499,.T.);
#1962=ORIENTED_EDGE('',*,*,#1509,.T.);
#1963=ORIENTED_EDGE('',*,*,#1510,.F.);
#1964=ORIENTED_EDGE('',*,*,#1511,.T.);
#1965=ORIENTED_EDGE('',*,*,#1502,.F.);
#1966=ORIENTED_EDGE('',*,*,#1512,.T.);
#1967=ORIENTED_EDGE('',*,*,#1513,.T.);
#1968=ORIENTED_EDGE('',*,*,#1514,.T.);
#1969=ORIENTED_EDGE('',*,*,#1515,.T.);
#1970=ORIENTED_EDGE('',*,*,#1516,.T.);
#1971=ORIENTED_EDGE('',*,*,#1517,.T.);
#1972=ORIENTED_EDGE('',*,*,#1518,.T.);
#1973=ORIENTED_EDGE('',*,*,#1519,.T.);
#1974=ORIENTED_EDGE('',*,*,#1520,.T.);
#1975=ORIENTED_EDGE('',*,*,#1521,.T.);
#1976=ORIENTED_EDGE('',*,*,#1522,.F.);
#1977=ORIENTED_EDGE('',*,*,#1523,.T.);
#1978=ORIENTED_EDGE('',*,*,#1524,.T.);
#1979=ORIENTED_EDGE('',*,*,#1525,.F.);
#1980=ORIENTED_EDGE('',*,*,#1526,.F.);
#1981=ORIENTED_EDGE('',*,*,#1527,.T.);
#1982=ORIENTED_EDGE('',*,*,#1528,.T.);
#1983=ORIENTED_EDGE('',*,*,#1529,.T.);
#1984=ORIENTED_EDGE('',*,*,#1530,.T.);
#1985=ORIENTED_EDGE('',*,*,#1531,.F.);
#1986=ORIENTED_EDGE('',*,*,#1532,.F.);
#1987=ORIENTED_EDGE('',*,*,#1533,.T.);
#1988=ORIENTED_EDGE('',*,*,#1534,.F.);
#1989=ORIENTED_EDGE('',*,*,#1535,.F.);
#1990=ORIENTED_EDGE('',*,*,#1536,.F.);
#1991=ORIENTED_EDGE('',*,*,#1537,.F.);
#1992=ORIENTED_EDGE('',*,*,#1538,.F.);
#1993=ORIENTED_EDGE('',*,*,#1539,.F.);
#1994=ORIENTED_EDGE('',*,*,#1540,.F.);
#1995=ORIENTED_EDGE('',*,*,#1541,.F.);
#1996=ORIENTED_EDGE('',*,*,#1542,.F.);
#1997=ORIENTED_EDGE('',*,*,#1543,.F.);
#1998=ORIENTED_EDGE('',*,*,#1544,.F.);
#1999=ORIENTED_EDGE('',*,*,#1545,.F.);
#2000=ORIENTED_EDGE('',*,*,#1546,.F.);
#2001=ORIENTED_EDGE('',*,*,#1547,.F.);
#2002=ORIENTED_EDGE('',*,*,#1548,.F.);
#2003=ORIENTED_EDGE('',*,*,#1549,.F.);
#2004=ORIENTED_EDGE('',*,*,#1550,.F.);
#2005=ORIENTED_EDGE('',*,*,#1551,.F.);
#2006=ORIENTED_EDGE('',*,*,#1552,.F.);
#2007=ORIENTED_EDGE('',*,*,#1553,.F.);
#2008=ORIENTED_EDGE('',*,*,#1554,.F.);
#2009=ORIENTED_EDGE('',*,*,#1555,.F.);
#2010=ORIENTED_EDGE('',*,*,#1556,.F.);
#2011=ORIENTED_EDGE('',*,*,#1557,.F.);
#2012=ORIENTED_EDGE('',*,*,#1558,.F.);
#2013=ORIENTED_EDGE('',*,*,#1559,.F.);
#2014=ORIENTED_EDGE('',*,*,#1560,.F.);
#2015=ORIENTED_EDGE('',*,*,#1561,.F.);
#2016=ORIENTED_EDGE('',*,*,#1562,.F.);
#2017=ORIENTED_EDGE('',*,*,#1563,.F.);
#2018=ORIENTED_EDGE('',*,*,#1564,.F.);
#2019=ORIENTED_EDGE('',*,*,#1503,.F.);
#2020=ORIENTED_EDGE('',*,*,#1511,.F.);
#2021=ORIENTED_EDGE('',*,*,#1565,.F.);
#2022=ORIENTED_EDGE('',*,*,#1566,.F.);
#2023=ORIENTED_EDGE('',*,*,#1567,.F.);
#2024=ORIENTED_EDGE('',*,*,#1568,.F.);
#2025=ORIENTED_EDGE('',*,*,#1569,.F.);
#2026=ORIENTED_EDGE('',*,*,#1570,.F.);
#2027=ORIENTED_EDGE('',*,*,#1571,.F.);
#2028=ORIENTED_EDGE('',*,*,#1572,.F.);
#2029=ORIENTED_EDGE('',*,*,#1573,.F.);
#2030=ORIENTED_EDGE('',*,*,#1574,.F.);
#2031=ORIENTED_EDGE('',*,*,#1575,.F.);
#2032=ORIENTED_EDGE('',*,*,#1576,.F.);
#2033=ORIENTED_EDGE('',*,*,#1577,.F.);
#2034=ORIENTED_EDGE('',*,*,#1533,.F.);
#2035=ORIENTED_EDGE('',*,*,#1555,.T.);
#2036=ORIENTED_EDGE('',*,*,#1578,.T.);
#2037=ORIENTED_EDGE('',*,*,#1579,.T.);
#2038=ORIENTED_EDGE('',*,*,#1580,.T.);
#2039=ORIENTED_EDGE('',*,*,#1581,.T.);
#2040=ORIENTED_EDGE('',*,*,#1554,.T.);
#2041=ORIENTED_EDGE('',*,*,#1582,.T.);
#2042=ORIENTED_EDGE('',*,*,#1583,.F.);
#2043=ORIENTED_EDGE('',*,*,#1584,.F.);
#2044=ORIENTED_EDGE('',*,*,#1585,.T.);
#2045=ORIENTED_EDGE('',*,*,#1586,.F.);
#2046=ORIENTED_EDGE('',*,*,#1578,.F.);
#2047=ORIENTED_EDGE('',*,*,#1562,.T.);
#2048=ORIENTED_EDGE('',*,*,#1587,.F.);
#2049=ORIENTED_EDGE('',*,*,#1588,.T.);
#2050=ORIENTED_EDGE('',*,*,#1589,.T.);
#2051=ORIENTED_EDGE('',*,*,#1551,.T.);
#2052=ORIENTED_EDGE('',*,*,#1590,.F.);
#2053=ORIENTED_EDGE('',*,*,#1591,.F.);
#2054=ORIENTED_EDGE('',*,*,#1592,.T.);
#2055=ORIENTED_EDGE('',*,*,#1593,.T.);
#2056=ORIENTED_EDGE('',*,*,#1584,.T.);
#2057=ORIENTED_EDGE('',*,*,#1594,.T.);
#2058=ORIENTED_EDGE('',*,*,#1595,.F.);
#2059=ORIENTED_EDGE('',*,*,#1596,.F.);
#2060=ORIENTED_EDGE('',*,*,#1550,.T.);
#2061=ORIENTED_EDGE('',*,*,#1597,.T.);
#2062=ORIENTED_EDGE('',*,*,#1598,.F.);
#2063=ORIENTED_EDGE('',*,*,#1590,.T.);
#2064=ORIENTED_EDGE('',*,*,#1552,.T.);
#2065=ORIENTED_EDGE('',*,*,#1595,.T.);
#2066=ORIENTED_EDGE('',*,*,#1599,.F.);
#2067=ORIENTED_EDGE('',*,*,#1600,.T.);
#2068=ORIENTED_EDGE('',*,*,#1548,.T.);
#2069=ORIENTED_EDGE('',*,*,#1601,.F.);
#2070=ORIENTED_EDGE('',*,*,#1602,.F.);
#2071=ORIENTED_EDGE('',*,*,#1592,.F.);
#2072=ORIENTED_EDGE('',*,*,#1603,.T.);
#2073=ORIENTED_EDGE('',*,*,#1604,.T.);
#2074=ORIENTED_EDGE('',*,*,#1547,.T.);
#2075=ORIENTED_EDGE('',*,*,#1605,.T.);
#2076=ORIENTED_EDGE('',*,*,#1606,.F.);
#2077=ORIENTED_EDGE('',*,*,#1607,.T.);
#2078=ORIENTED_EDGE('',*,*,#1608,.T.);
#2079=ORIENTED_EDGE('',*,*,#1579,.F.);
#2080=ORIENTED_EDGE('',*,*,#1586,.T.);
#2081=ORIENTED_EDGE('',*,*,#1609,.T.);
#2082=ORIENTED_EDGE('',*,*,#1601,.T.);
#2083=ORIENTED_EDGE('',*,*,#1546,.T.);
#2084=ORIENTED_EDGE('',*,*,#1610,.T.);
#2085=ORIENTED_EDGE('',*,*,#1611,.T.);
#2086=ORIENTED_EDGE('',*,*,#1612,.F.);
#2087=ORIENTED_EDGE('',*,*,#1605,.F.);
#2088=ORIENTED_EDGE('',*,*,#1544,.T.);
#2089=ORIENTED_EDGE('',*,*,#1613,.F.);
#2090=ORIENTED_EDGE('',*,*,#1614,.F.);
#2091=ORIENTED_EDGE('',*,*,#1615,.T.);
#2092=ORIENTED_EDGE('',*,*,#1616,.T.);
#2093=ORIENTED_EDGE('',*,*,#1543,.T.);
#2094=ORIENTED_EDGE('',*,*,#1617,.T.);
#2095=ORIENTED_EDGE('',*,*,#1618,.T.);
#2096=ORIENTED_EDGE('',*,*,#1619,.T.);
#2097=ORIENTED_EDGE('',*,*,#1620,.F.);
#2098=ORIENTED_EDGE('',*,*,#1621,.T.);
#2099=ORIENTED_EDGE('',*,*,#1622,.F.);
#2100=ORIENTED_EDGE('',*,*,#1613,.T.);
#2101=ORIENTED_EDGE('',*,*,#1542,.T.);
#2102=ORIENTED_EDGE('',*,*,#1623,.T.);
#2103=ORIENTED_EDGE('',*,*,#1624,.F.);
#2104=ORIENTED_EDGE('',*,*,#1625,.F.);
#2105=ORIENTED_EDGE('',*,*,#1626,.T.);
#2106=ORIENTED_EDGE('',*,*,#1617,.F.);
#2107=ORIENTED_EDGE('',*,*,#1539,.T.);
#2108=ORIENTED_EDGE('',*,*,#1627,.F.);
#2109=ORIENTED_EDGE('',*,*,#1628,.F.);
#2110=ORIENTED_EDGE('',*,*,#1629,.T.);
#2111=ORIENTED_EDGE('',*,*,#1630,.T.);
#2112=ORIENTED_EDGE('',*,*,#1625,.T.);
#2113=ORIENTED_EDGE('',*,*,#1631,.F.);
#2114=ORIENTED_EDGE('',*,*,#1632,.F.);
#2115=ORIENTED_EDGE('',*,*,#1633,.F.);
#2116=ORIENTED_EDGE('',*,*,#1573,.T.);
#2117=ORIENTED_EDGE('',*,*,#1634,.F.);
#2118=ORIENTED_EDGE('',*,*,#1635,.T.);
#2119=ORIENTED_EDGE('',*,*,#1636,.T.);
#2120=ORIENTED_EDGE('',*,*,#1538,.T.);
#2121=ORIENTED_EDGE('',*,*,#1637,.T.);
#2122=ORIENTED_EDGE('',*,*,#1638,.T.);
#2123=ORIENTED_EDGE('',*,*,#1627,.T.);
#2124=ORIENTED_EDGE('',*,*,#1540,.T.);
#2125=ORIENTED_EDGE('',*,*,#1632,.T.);
#2126=ORIENTED_EDGE('',*,*,#1639,.F.);
#2127=ORIENTED_EDGE('',*,*,#1640,.T.);
#2128=ORIENTED_EDGE('',*,*,#1536,.T.);
#2129=ORIENTED_EDGE('',*,*,#1641,.F.);
#2130=ORIENTED_EDGE('',*,*,#1619,.F.);
#2131=ORIENTED_EDGE('',*,*,#1642,.F.);
#2132=ORIENTED_EDGE('',*,*,#1629,.F.);
#2133=ORIENTED_EDGE('',*,*,#1643,.F.);
#2134=ORIENTED_EDGE('',*,*,#1644,.T.);
#2135=ORIENTED_EDGE('',*,*,#1535,.T.);
#2136=ORIENTED_EDGE('',*,*,#1645,.T.);
#2137=ORIENTED_EDGE('',*,*,#1646,.T.);
#2138=ORIENTED_EDGE('',*,*,#1620,.T.);
#2139=ORIENTED_EDGE('',*,*,#1641,.T.);
#2140=ORIENTED_EDGE('',*,*,#1553,.T.);
#2141=ORIENTED_EDGE('',*,*,#1600,.F.);
#2142=ORIENTED_EDGE('',*,*,#1647,.F.);
#2143=ORIENTED_EDGE('',*,*,#1582,.F.);
#2144=ORIENTED_EDGE('',*,*,#1549,.T.);
#2145=ORIENTED_EDGE('',*,*,#1604,.F.);
#2146=ORIENTED_EDGE('',*,*,#1648,.F.);
#2147=ORIENTED_EDGE('',*,*,#1597,.F.);
#2148=ORIENTED_EDGE('',*,*,#1545,.T.);
#2149=ORIENTED_EDGE('',*,*,#1616,.F.);
#2150=ORIENTED_EDGE('',*,*,#1649,.T.);
#2151=ORIENTED_EDGE('',*,*,#1610,.F.);
#2152=ORIENTED_EDGE('',*,*,#1541,.T.);
#2153=ORIENTED_EDGE('',*,*,#1640,.F.);
#2154=ORIENTED_EDGE('',*,*,#1650,.F.);
#2155=ORIENTED_EDGE('',*,*,#1623,.F.);
#2156=ORIENTED_EDGE('',*,*,#1537,.T.);
#2157=ORIENTED_EDGE('',*,*,#1644,.F.);
#2158=ORIENTED_EDGE('',*,*,#1651,.F.);
#2159=ORIENTED_EDGE('',*,*,#1637,.F.);
#2160=ORIENTED_EDGE('',*,*,#1534,.T.);
#2161=ORIENTED_EDGE('',*,*,#1577,.T.);
#2162=ORIENTED_EDGE('',*,*,#1652,.F.);
#2163=ORIENTED_EDGE('',*,*,#1653,.T.);
#2164=ORIENTED_EDGE('',*,*,#1645,.F.);
#2165=ORIENTED_EDGE('',*,*,#1574,.T.);
#2166=ORIENTED_EDGE('',*,*,#1636,.F.);
#2167=ORIENTED_EDGE('',*,*,#1654,.F.);
#2168=ORIENTED_EDGE('',*,*,#1655,.F.);
#2169=ORIENTED_EDGE('',*,*,#1570,.T.);
#2170=ORIENTED_EDGE('',*,*,#1656,.F.);
#2171=ORIENTED_EDGE('',*,*,#1657,.F.);
#2172=ORIENTED_EDGE('',*,*,#1658,.F.);
#2173=ORIENTED_EDGE('',*,*,#1659,.T.);
#2174=ORIENTED_EDGE('',*,*,#1660,.T.);
#2175=ORIENTED_EDGE('',*,*,#1565,.T.);
#2176=ORIENTED_EDGE('',*,*,#1510,.T.);
#2177=ORIENTED_EDGE('',*,*,#1563,.T.);
#2178=ORIENTED_EDGE('',*,*,#1589,.F.);
#2179=ORIENTED_EDGE('',*,*,#1661,.F.);
#2180=ORIENTED_EDGE('',*,*,#1662,.F.);
#2181=ORIENTED_EDGE('',*,*,#1559,.T.);
#2182=ORIENTED_EDGE('',*,*,#1663,.F.);
#2183=ORIENTED_EDGE('',*,*,#1664,.F.);
#2184=ORIENTED_EDGE('',*,*,#1665,.F.);
#2185=ORIENTED_EDGE('',*,*,#1556,.T.);
#2186=ORIENTED_EDGE('',*,*,#1581,.F.);
#2187=ORIENTED_EDGE('',*,*,#1666,.T.);
#2188=ORIENTED_EDGE('',*,*,#1667,.F.);
#2189=ORIENTED_EDGE('',*,*,#1668,.T.);
#2190=ORIENTED_EDGE('',*,*,#1669,.T.);
#2191=ORIENTED_EDGE('',*,*,#1670,.T.);
#2192=ORIENTED_EDGE('',*,*,#1671,.F.);
#2193=ORIENTED_EDGE('',*,*,#1672,.T.);
#2194=ORIENTED_EDGE('',*,*,#1673,.T.);
#2195=ORIENTED_EDGE('',*,*,#1674,.T.);
#2196=ORIENTED_EDGE('',*,*,#1568,.T.);
#2197=ORIENTED_EDGE('',*,*,#1675,.T.);
#2198=ORIENTED_EDGE('',*,*,#1676,.T.);
#2199=ORIENTED_EDGE('',*,*,#1675,.F.);
#2200=ORIENTED_EDGE('',*,*,#1567,.T.);
#2201=ORIENTED_EDGE('',*,*,#1677,.T.);
#2202=ORIENTED_EDGE('',*,*,#1678,.T.);
#2203=ORIENTED_EDGE('',*,*,#1679,.F.);
#2204=ORIENTED_EDGE('',*,*,#1680,.T.);
#2205=ORIENTED_EDGE('',*,*,#1669,.F.);
#2206=ORIENTED_EDGE('',*,*,#1575,.T.);
#2207=ORIENTED_EDGE('',*,*,#1655,.T.);
#2208=ORIENTED_EDGE('',*,*,#1681,.T.);
#2209=ORIENTED_EDGE('',*,*,#1682,.F.);
#2210=ORIENTED_EDGE('',*,*,#1683,.T.);
#2211=ORIENTED_EDGE('',*,*,#1672,.F.);
#2212=ORIENTED_EDGE('',*,*,#1684,.F.);
#2213=ORIENTED_EDGE('',*,*,#1685,.F.);
#2214=ORIENTED_EDGE('',*,*,#1686,.T.);
#2215=ORIENTED_EDGE('',*,*,#1673,.F.);
#2216=ORIENTED_EDGE('',*,*,#1683,.F.);
#2217=ORIENTED_EDGE('',*,*,#1569,.T.);
#2218=ORIENTED_EDGE('',*,*,#1674,.F.);
#2219=ORIENTED_EDGE('',*,*,#1686,.F.);
#2220=ORIENTED_EDGE('',*,*,#1687,.F.);
#2221=ORIENTED_EDGE('',*,*,#1688,.T.);
#2222=ORIENTED_EDGE('',*,*,#1656,.T.);
#2223=ORIENTED_EDGE('',*,*,#1689,.F.);
#2224=ORIENTED_EDGE('',*,*,#1690,.T.);
#2225=ORIENTED_EDGE('',*,*,#1691,.F.);
#2226=ORIENTED_EDGE('',*,*,#1692,.F.);
#2227=ORIENTED_EDGE('',*,*,#1690,.F.);
#2228=ORIENTED_EDGE('',*,*,#1571,.T.);
#2229=ORIENTED_EDGE('',*,*,#1658,.T.);
#2230=ORIENTED_EDGE('',*,*,#1693,.F.);
#2231=ORIENTED_EDGE('',*,*,#1694,.F.);
#2232=ORIENTED_EDGE('',*,*,#1688,.F.);
#2233=ORIENTED_EDGE('',*,*,#1695,.F.);
#2234=ORIENTED_EDGE('',*,*,#1693,.T.);
#2235=ORIENTED_EDGE('',*,*,#1657,.T.);
#2236=ORIENTED_EDGE('',*,*,#1681,.F.);
#2237=ORIENTED_EDGE('',*,*,#1654,.T.);
#2238=ORIENTED_EDGE('',*,*,#1635,.F.);
#2239=ORIENTED_EDGE('',*,*,#1696,.F.);
#2240=ORIENTED_EDGE('',*,*,#1697,.F.);
#2241=ORIENTED_EDGE('',*,*,#1661,.T.);
#2242=ORIENTED_EDGE('',*,*,#1588,.F.);
#2243=ORIENTED_EDGE('',*,*,#1698,.F.);
#2244=ORIENTED_EDGE('',*,*,#1560,.T.);
#2245=ORIENTED_EDGE('',*,*,#1665,.T.);
#2246=ORIENTED_EDGE('',*,*,#1699,.T.);
#2247=ORIENTED_EDGE('',*,*,#1700,.F.);
#2248=ORIENTED_EDGE('',*,*,#1701,.F.);
#2249=ORIENTED_EDGE('',*,*,#1702,.T.);
#2250=ORIENTED_EDGE('',*,*,#1703,.T.);
#2251=ORIENTED_EDGE('',*,*,#1704,.T.);
#2252=ORIENTED_EDGE('',*,*,#1702,.F.);
#2253=ORIENTED_EDGE('',*,*,#1705,.F.);
#2254=ORIENTED_EDGE('',*,*,#1706,.F.);
#2255=ORIENTED_EDGE('',*,*,#1707,.F.);
#2256=ORIENTED_EDGE('',*,*,#1708,.T.);
#2257=ORIENTED_EDGE('',*,*,#1633,.T.);
#2258=ORIENTED_EDGE('',*,*,#1708,.F.);
#2259=ORIENTED_EDGE('',*,*,#1624,.T.);
#2260=ORIENTED_EDGE('',*,*,#1650,.T.);
#2261=ORIENTED_EDGE('',*,*,#1639,.T.);
#2262=ORIENTED_EDGE('',*,*,#1631,.T.);
#2263=ORIENTED_EDGE('',*,*,#1643,.T.);
#2264=ORIENTED_EDGE('',*,*,#1628,.T.);
#2265=ORIENTED_EDGE('',*,*,#1638,.F.);
#2266=ORIENTED_EDGE('',*,*,#1651,.T.);
#2267=ORIENTED_EDGE('',*,*,#1603,.F.);
#2268=ORIENTED_EDGE('',*,*,#1591,.T.);
#2269=ORIENTED_EDGE('',*,*,#1598,.T.);
#2270=ORIENTED_EDGE('',*,*,#1648,.T.);
#2271=ORIENTED_EDGE('',*,*,#1709,.T.);
#2272=ORIENTED_EDGE('',*,*,#1710,.T.);
#2273=ORIENTED_EDGE('',*,*,#1711,.T.);
#2274=ORIENTED_EDGE('',*,*,#1596,.T.);
#2275=ORIENTED_EDGE('',*,*,#1711,.F.);
#2276=ORIENTED_EDGE('',*,*,#1712,.F.);
#2277=ORIENTED_EDGE('',*,*,#1699,.F.);
#2278=ORIENTED_EDGE('',*,*,#1664,.T.);
#2279=ORIENTED_EDGE('',*,*,#1713,.F.);
#2280=ORIENTED_EDGE('',*,*,#1599,.T.);
#2281=ORIENTED_EDGE('',*,*,#1594,.F.);
#2282=ORIENTED_EDGE('',*,*,#1583,.T.);
#2283=ORIENTED_EDGE('',*,*,#1647,.T.);
#2284=ORIENTED_EDGE('',*,*,#1564,.T.);
#2285=ORIENTED_EDGE('',*,*,#1662,.T.);
#2286=ORIENTED_EDGE('',*,*,#1697,.T.);
#2287=ORIENTED_EDGE('',*,*,#1714,.F.);
#2288=ORIENTED_EDGE('',*,*,#1715,.T.);
#2289=ORIENTED_EDGE('',*,*,#1504,.F.);
#2290=ORIENTED_EDGE('',*,*,#1561,.T.);
#2291=ORIENTED_EDGE('',*,*,#1700,.T.);
#2292=ORIENTED_EDGE('',*,*,#1712,.T.);
#2293=ORIENTED_EDGE('',*,*,#1716,.T.);
#2294=ORIENTED_EDGE('',*,*,#1717,.T.);
#2295=ORIENTED_EDGE('',*,*,#1714,.T.);
#2296=ORIENTED_EDGE('',*,*,#1698,.T.);
#2297=ORIENTED_EDGE('',*,*,#1587,.T.);
#2298=ORIENTED_EDGE('',*,*,#1701,.T.);
#2299=ORIENTED_EDGE('',*,*,#1558,.T.);
#2300=ORIENTED_EDGE('',*,*,#1718,.F.);
#2301=ORIENTED_EDGE('',*,*,#1506,.F.);
#2302=ORIENTED_EDGE('',*,*,#1719,.F.);
#2303=ORIENTED_EDGE('',*,*,#1716,.F.);
#2304=ORIENTED_EDGE('',*,*,#1713,.T.);
#2305=ORIENTED_EDGE('',*,*,#1663,.T.);
#2306=ORIENTED_EDGE('',*,*,#1720,.T.);
#2307=ORIENTED_EDGE('',*,*,#1677,.F.);
#2308=ORIENTED_EDGE('',*,*,#1566,.T.);
#2309=ORIENTED_EDGE('',*,*,#1660,.F.);
#2310=ORIENTED_EDGE('',*,*,#1515,.F.);
#2311=ORIENTED_EDGE('',*,*,#1721,.T.);
#2312=ORIENTED_EDGE('',*,*,#1709,.F.);
#2313=ORIENTED_EDGE('',*,*,#1710,.F.);
#2314=ORIENTED_EDGE('',*,*,#1721,.F.);
#2315=ORIENTED_EDGE('',*,*,#1514,.F.);
#2316=ORIENTED_EDGE('',*,*,#1722,.T.);
#2317=ORIENTED_EDGE('',*,*,#1706,.T.);
#2318=ORIENTED_EDGE('',*,*,#1705,.T.);
#2319=ORIENTED_EDGE('',*,*,#1707,.T.);
#2320=ORIENTED_EDGE('',*,*,#1722,.F.);
#2321=ORIENTED_EDGE('',*,*,#1513,.F.);
#2322=ORIENTED_EDGE('',*,*,#1723,.T.);
#2323=ORIENTED_EDGE('',*,*,#1691,.T.);
#2324=ORIENTED_EDGE('',*,*,#1692,.T.);
#2325=ORIENTED_EDGE('',*,*,#1723,.F.);
#2326=ORIENTED_EDGE('',*,*,#1512,.F.);
#2327=ORIENTED_EDGE('',*,*,#1724,.T.);
#2328=ORIENTED_EDGE('',*,*,#1703,.F.);
#2329=ORIENTED_EDGE('',*,*,#1704,.F.);
#2330=ORIENTED_EDGE('',*,*,#1724,.F.);
#2331=ORIENTED_EDGE('',*,*,#1572,.T.);
#2332=ORIENTED_EDGE('',*,*,#1694,.T.);
#2333=ORIENTED_EDGE('',*,*,#1695,.T.);
#2334=ORIENTED_EDGE('',*,*,#1687,.T.);
#2335=ORIENTED_EDGE('',*,*,#1685,.T.);
#2336=ORIENTED_EDGE('',*,*,#1682,.T.);
#2337=ORIENTED_EDGE('',*,*,#1696,.T.);
#2338=ORIENTED_EDGE('',*,*,#1634,.T.);
#2339=ORIENTED_EDGE('',*,*,#1689,.T.);
#2340=ORIENTED_EDGE('',*,*,#1717,.F.);
#2341=ORIENTED_EDGE('',*,*,#1719,.T.);
#2342=ORIENTED_EDGE('',*,*,#1505,.F.);
#2343=ORIENTED_EDGE('',*,*,#1715,.F.);
#2344=ORIENTED_EDGE('',*,*,#1725,.F.);
#2345=ORIENTED_EDGE('',*,*,#1726,.T.);
#2346=ORIENTED_EDGE('',*,*,#1727,.F.);
#2347=ORIENTED_EDGE('',*,*,#1728,.F.);
#2348=ORIENTED_EDGE('',*,*,#1729,.F.);
#2349=ORIENTED_EDGE('',*,*,#1730,.T.);
#2350=ORIENTED_EDGE('',*,*,#1731,.F.);
#2351=ORIENTED_EDGE('',*,*,#1726,.F.);
#2352=ORIENTED_EDGE('',*,*,#1732,.T.);
#2353=ORIENTED_EDGE('',*,*,#1733,.F.);
#2354=ORIENTED_EDGE('',*,*,#1734,.T.);
#2355=ORIENTED_EDGE('',*,*,#1735,.F.);
#2356=ORIENTED_EDGE('',*,*,#1730,.F.);
#2357=ORIENTED_EDGE('',*,*,#1736,.F.);
#2358=ORIENTED_EDGE('',*,*,#1728,.T.);
#2359=ORIENTED_EDGE('',*,*,#1737,.F.);
#2360=ORIENTED_EDGE('',*,*,#1734,.F.);
#2361=ORIENTED_EDGE('',*,*,#1737,.T.);
#2362=ORIENTED_EDGE('',*,*,#1727,.T.);
#2363=ORIENTED_EDGE('',*,*,#1731,.T.);
#2364=ORIENTED_EDGE('',*,*,#1735,.T.);
#2365=ORIENTED_EDGE('',*,*,#1738,.F.);
#2366=ORIENTED_EDGE('',*,*,#1739,.T.);
#2367=ORIENTED_EDGE('',*,*,#1732,.F.);
#2368=ORIENTED_EDGE('',*,*,#1739,.F.);
#2369=ORIENTED_EDGE('',*,*,#1740,.F.);
#2370=ORIENTED_EDGE('',*,*,#1741,.T.);
#2371=ORIENTED_EDGE('',*,*,#1742,.F.);
#2372=ORIENTED_EDGE('',*,*,#1529,.F.);
#2373=ORIENTED_EDGE('',*,*,#1743,.T.);
#2374=ORIENTED_EDGE('',*,*,#1744,.T.);
#2375=ORIENTED_EDGE('',*,*,#1740,.T.);
#2376=ORIENTED_EDGE('',*,*,#1528,.F.);
#2377=ORIENTED_EDGE('',*,*,#1593,.F.);
#2378=ORIENTED_EDGE('',*,*,#1602,.T.);
#2379=ORIENTED_EDGE('',*,*,#1609,.F.);
#2380=ORIENTED_EDGE('',*,*,#1585,.F.);
#2381=ORIENTED_EDGE('',*,*,#1630,.F.);
#2382=ORIENTED_EDGE('',*,*,#1642,.T.);
#2383=ORIENTED_EDGE('',*,*,#1618,.F.);
#2384=ORIENTED_EDGE('',*,*,#1626,.F.);
#2385=ORIENTED_EDGE('',*,*,#1611,.F.);
#2386=ORIENTED_EDGE('',*,*,#1649,.F.);
#2387=ORIENTED_EDGE('',*,*,#1615,.F.);
#2388=ORIENTED_EDGE('',*,*,#1614,.T.);
#2389=ORIENTED_EDGE('',*,*,#1745,.F.);
#2390=ORIENTED_EDGE('',*,*,#1612,.T.);
#2391=ORIENTED_EDGE('',*,*,#1742,.T.);
#2392=ORIENTED_EDGE('',*,*,#1746,.T.);
#2393=ORIENTED_EDGE('',*,*,#1747,.T.);
#2394=ORIENTED_EDGE('',*,*,#1530,.F.);
#2395=ORIENTED_EDGE('',*,*,#1748,.T.);
#2396=ORIENTED_EDGE('',*,*,#1749,.T.);
#2397=ORIENTED_EDGE('',*,*,#1743,.F.);
#2398=ORIENTED_EDGE('',*,*,#1527,.F.);
#2399=ORIENTED_EDGE('',*,*,#1750,.T.);
#2400=ORIENTED_EDGE('',*,*,#1751,.F.);
#2401=ORIENTED_EDGE('',*,*,#1752,.F.);
#2402=ORIENTED_EDGE('',*,*,#1753,.F.);
#2403=ORIENTED_EDGE('',*,*,#1754,.F.);
#2404=ORIENTED_EDGE('',*,*,#1755,.T.);
#2405=ORIENTED_EDGE('',*,*,#1756,.F.);
#2406=ORIENTED_EDGE('',*,*,#1757,.T.);
#2407=ORIENTED_EDGE('',*,*,#1758,.T.);
#2408=ORIENTED_EDGE('',*,*,#1759,.T.);
#2409=ORIENTED_EDGE('',*,*,#1746,.F.);
#2410=ORIENTED_EDGE('',*,*,#1741,.F.);
#2411=ORIENTED_EDGE('',*,*,#1744,.F.);
#2412=ORIENTED_EDGE('',*,*,#1749,.F.);
#2413=ORIENTED_EDGE('',*,*,#1760,.T.);
#2414=ORIENTED_EDGE('',*,*,#1606,.T.);
#2415=ORIENTED_EDGE('',*,*,#1745,.T.);
#2416=ORIENTED_EDGE('',*,*,#1622,.T.);
#2417=ORIENTED_EDGE('',*,*,#1725,.T.);
#2418=ORIENTED_EDGE('',*,*,#1736,.T.);
#2419=ORIENTED_EDGE('',*,*,#1733,.T.);
#2420=ORIENTED_EDGE('',*,*,#1729,.T.);
#2421=ORIENTED_EDGE('',*,*,#1761,.F.);
#2422=ORIENTED_EDGE('',*,*,#1755,.F.);
#2423=ORIENTED_EDGE('',*,*,#1762,.F.);
#2424=ORIENTED_EDGE('',*,*,#1517,.F.);
#2425=ORIENTED_EDGE('',*,*,#1762,.T.);
#2426=ORIENTED_EDGE('',*,*,#1754,.T.);
#2427=ORIENTED_EDGE('',*,*,#1763,.F.);
#2428=ORIENTED_EDGE('',*,*,#1518,.F.);
#2429=ORIENTED_EDGE('',*,*,#1763,.T.);
#2430=ORIENTED_EDGE('',*,*,#1753,.T.);
#2431=ORIENTED_EDGE('',*,*,#1764,.F.);
#2432=ORIENTED_EDGE('',*,*,#1519,.F.);
#2433=ORIENTED_EDGE('',*,*,#1764,.T.);
#2434=ORIENTED_EDGE('',*,*,#1752,.T.);
#2435=ORIENTED_EDGE('',*,*,#1765,.F.);
#2436=ORIENTED_EDGE('',*,*,#1520,.F.);
#2437=ORIENTED_EDGE('',*,*,#1765,.T.);
#2438=ORIENTED_EDGE('',*,*,#1751,.T.);
#2439=ORIENTED_EDGE('',*,*,#1766,.F.);
#2440=ORIENTED_EDGE('',*,*,#1521,.F.);
#2441=ORIENTED_EDGE('',*,*,#1747,.F.);
#2442=ORIENTED_EDGE('',*,*,#1759,.F.);
#2443=ORIENTED_EDGE('',*,*,#1767,.T.);
#2444=ORIENTED_EDGE('',*,*,#1531,.T.);
#2445=ORIENTED_EDGE('',*,*,#1768,.F.);
#2446=ORIENTED_EDGE('',*,*,#1769,.T.);
#2447=ORIENTED_EDGE('',*,*,#1760,.F.);
#2448=ORIENTED_EDGE('',*,*,#1748,.F.);
#2449=ORIENTED_EDGE('',*,*,#1526,.T.);
#2450=ORIENTED_EDGE('',*,*,#1576,.T.);
#2451=ORIENTED_EDGE('',*,*,#1684,.T.);
#2452=ORIENTED_EDGE('',*,*,#1671,.T.);
#2453=ORIENTED_EDGE('',*,*,#1770,.T.);
#2454=ORIENTED_EDGE('',*,*,#1652,.T.);
#2455=ORIENTED_EDGE('',*,*,#1557,.T.);
#2456=ORIENTED_EDGE('',*,*,#1667,.T.);
#2457=ORIENTED_EDGE('',*,*,#1771,.T.);
#2458=ORIENTED_EDGE('',*,*,#1507,.T.);
#2459=ORIENTED_EDGE('',*,*,#1718,.T.);
#2460=ORIENTED_EDGE('',*,*,#1466,.T.);
#2461=ORIENTED_EDGE('',*,*,#1772,.F.);
#2462=ORIENTED_EDGE('',*,*,#1773,.F.);
#2463=ORIENTED_EDGE('',*,*,#1678,.F.);
#2464=ORIENTED_EDGE('',*,*,#1668,.F.);
#2465=ORIENTED_EDGE('',*,*,#1676,.F.);
#2466=ORIENTED_EDGE('',*,*,#1720,.F.);
#2467=ORIENTED_EDGE('',*,*,#1659,.F.);
#2468=ORIENTED_EDGE('',*,*,#1509,.F.);
#2469=ORIENTED_EDGE('',*,*,#1501,.F.);
#2470=ORIENTED_EDGE('',*,*,#1498,.F.);
#2471=ORIENTED_EDGE('',*,*,#1493,.F.);
#2472=ORIENTED_EDGE('',*,*,#1774,.F.);
#2473=ORIENTED_EDGE('',*,*,#1470,.T.);
#2474=ORIENTED_EDGE('',*,*,#1775,.T.);
#2475=ORIENTED_EDGE('',*,*,#1774,.T.);
#2476=ORIENTED_EDGE('',*,*,#1497,.T.);
#2477=ORIENTED_EDGE('',*,*,#1776,.T.);
#2478=ORIENTED_EDGE('',*,*,#1777,.T.);
#2479=ORIENTED_EDGE('',*,*,#1778,.F.);
#2480=ORIENTED_EDGE('',*,*,#1532,.T.);
#2481=ORIENTED_EDGE('',*,*,#1779,.T.);
#2482=ORIENTED_EDGE('',*,*,#1773,.T.);
#2483=ORIENTED_EDGE('',*,*,#1780,.T.);
#2484=ORIENTED_EDGE('',*,*,#1781,.F.);
#2485=ORIENTED_EDGE('',*,*,#1782,.F.);
#2486=ORIENTED_EDGE('',*,*,#1679,.T.);
#2487=ORIENTED_EDGE('',*,*,#1772,.T.);
#2488=ORIENTED_EDGE('',*,*,#1481,.T.);
#2489=ORIENTED_EDGE('',*,*,#1783,.T.);
#2490=ORIENTED_EDGE('',*,*,#1784,.F.);
#2491=ORIENTED_EDGE('',*,*,#1780,.F.);
#2492=ORIENTED_EDGE('',*,*,#1778,.T.);
#2493=ORIENTED_EDGE('',*,*,#1785,.T.);
#2494=ORIENTED_EDGE('',*,*,#1786,.F.);
#2495=ORIENTED_EDGE('',*,*,#1787,.F.);
#2496=ORIENTED_EDGE('',*,*,#1788,.F.);
#2497=ORIENTED_EDGE('',*,*,#1489,.T.);
#2498=ORIENTED_EDGE('',*,*,#1471,.T.);
#2499=ORIENTED_EDGE('',*,*,#1782,.T.);
#2500=ORIENTED_EDGE('',*,*,#1789,.T.);
#2501=ORIENTED_EDGE('',*,*,#1790,.F.);
#2502=ORIENTED_EDGE('',*,*,#1522,.T.);
#2503=ORIENTED_EDGE('',*,*,#1766,.T.);
#2504=ORIENTED_EDGE('',*,*,#1750,.F.);
#2505=ORIENTED_EDGE('',*,*,#1621,.F.);
#2506=ORIENTED_EDGE('',*,*,#1646,.F.);
#2507=ORIENTED_EDGE('',*,*,#1653,.F.);
#2508=ORIENTED_EDGE('',*,*,#1770,.F.);
#2509=ORIENTED_EDGE('',*,*,#1670,.F.);
#2510=ORIENTED_EDGE('',*,*,#1680,.F.);
#2511=ORIENTED_EDGE('',*,*,#1787,.T.);
#2512=ORIENTED_EDGE('',*,*,#1791,.T.);
#2513=ORIENTED_EDGE('',*,*,#1792,.T.);
#2514=ORIENTED_EDGE('',*,*,#1793,.T.);
#2515=ORIENTED_EDGE('',*,*,#1490,.T.);
#2516=ORIENTED_EDGE('',*,*,#1788,.T.);
#2517=ORIENTED_EDGE('',*,*,#1793,.F.);
#2518=ORIENTED_EDGE('',*,*,#1794,.T.);
#2519=ORIENTED_EDGE('',*,*,#1792,.F.);
#2520=ORIENTED_EDGE('',*,*,#1795,.F.);
#2521=ORIENTED_EDGE('',*,*,#1796,.F.);
#2522=ORIENTED_EDGE('',*,*,#1797,.F.);
#2523=ORIENTED_EDGE('',*,*,#1798,.F.);
#2524=ORIENTED_EDGE('',*,*,#1799,.F.);
#2525=ORIENTED_EDGE('',*,*,#1800,.T.);
#2526=ORIENTED_EDGE('',*,*,#1791,.F.);
#2527=ORIENTED_EDGE('',*,*,#1786,.T.);
#2528=ORIENTED_EDGE('',*,*,#1801,.T.);
#2529=ORIENTED_EDGE('',*,*,#1802,.T.);
#2530=ORIENTED_EDGE('',*,*,#1803,.F.);
#2531=ORIENTED_EDGE('',*,*,#1795,.T.);
#2532=ORIENTED_EDGE('',*,*,#1798,.T.);
#2533=ORIENTED_EDGE('',*,*,#1804,.T.);
#2534=ORIENTED_EDGE('',*,*,#1484,.T.);
#2535=ORIENTED_EDGE('',*,*,#1805,.T.);
#2536=ORIENTED_EDGE('',*,*,#1492,.T.);
#2537=ORIENTED_EDGE('',*,*,#1806,.T.);
#2538=ORIENTED_EDGE('',*,*,#1805,.F.);
#2539=ORIENTED_EDGE('',*,*,#1483,.T.);
#2540=ORIENTED_EDGE('',*,*,#1804,.F.);
#2541=ORIENTED_EDGE('',*,*,#1797,.T.);
#2542=ORIENTED_EDGE('',*,*,#1807,.F.);
#2543=ORIENTED_EDGE('',*,*,#1808,.T.);
#2544=ORIENTED_EDGE('',*,*,#1485,.T.);
#2545=ORIENTED_EDGE('',*,*,#1487,.F.);
#2546=ORIENTED_EDGE('',*,*,#1809,.T.);
#2547=ORIENTED_EDGE('',*,*,#1810,.T.);
#2548=ORIENTED_EDGE('',*,*,#1809,.F.);
#2549=ORIENTED_EDGE('',*,*,#1810,.F.);
#2550=ORIENTED_EDGE('',*,*,#1811,.F.);
#2551=ORIENTED_EDGE('',*,*,#1811,.T.);
#2552=ORIENTED_EDGE('',*,*,#1812,.T.);
#2553=ORIENTED_EDGE('',*,*,#1813,.F.);
#2554=ORIENTED_EDGE('',*,*,#1814,.F.);
#2555=ORIENTED_EDGE('',*,*,#1815,.F.);
#2556=ORIENTED_EDGE('',*,*,#1816,.F.);
#2557=ORIENTED_EDGE('',*,*,#1812,.F.);
#2558=ORIENTED_EDGE('',*,*,#1491,.T.);
#2559=ORIENTED_EDGE('',*,*,#1794,.F.);
#2560=ORIENTED_EDGE('',*,*,#1799,.T.);
#2561=ORIENTED_EDGE('',*,*,#1806,.F.);
#2562=ORIENTED_EDGE('',*,*,#1796,.T.);
#2563=ORIENTED_EDGE('',*,*,#1803,.T.);
#2564=ORIENTED_EDGE('',*,*,#1817,.T.);
#2565=ORIENTED_EDGE('',*,*,#1807,.T.);
#2566=ORIENTED_EDGE('',*,*,#1801,.F.);
#2567=ORIENTED_EDGE('',*,*,#1785,.F.);
#2568=ORIENTED_EDGE('',*,*,#1777,.F.);
#2569=ORIENTED_EDGE('',*,*,#1818,.F.);
#2570=ORIENTED_EDGE('',*,*,#1819,.F.);
#2571=ORIENTED_EDGE('',*,*,#1524,.F.);
#2572=ORIENTED_EDGE('',*,*,#1820,.T.);
#2573=ORIENTED_EDGE('',*,*,#1821,.F.);
#2574=ORIENTED_EDGE('',*,*,#1822,.F.);
#2575=ORIENTED_EDGE('',*,*,#1523,.F.);
#2576=ORIENTED_EDGE('',*,*,#1790,.T.);
#2577=ORIENTED_EDGE('',*,*,#1818,.T.);
#2578=ORIENTED_EDGE('',*,*,#1776,.F.);
#2579=ORIENTED_EDGE('',*,*,#1496,.T.);
#2580=ORIENTED_EDGE('',*,*,#1823,.T.);
#2581=ORIENTED_EDGE('',*,*,#1824,.T.);
#2582=ORIENTED_EDGE('',*,*,#1821,.T.);
#2583=ORIENTED_EDGE('',*,*,#1789,.F.);
#2584=ORIENTED_EDGE('',*,*,#1781,.T.);
#2585=ORIENTED_EDGE('',*,*,#1784,.T.);
#2586=ORIENTED_EDGE('',*,*,#1779,.F.);
#2587=ORIENTED_EDGE('',*,*,#1825,.T.);
#2588=ORIENTED_EDGE('',*,*,#1815,.T.);
#2589=ORIENTED_EDGE('',*,*,#1814,.T.);
#2590=ORIENTED_EDGE('',*,*,#1826,.T.);
#2591=ORIENTED_EDGE('',*,*,#1800,.F.);
#2592=ORIENTED_EDGE('',*,*,#1826,.F.);
#2593=ORIENTED_EDGE('',*,*,#1813,.T.);
#2594=ORIENTED_EDGE('',*,*,#1816,.T.);
#2595=ORIENTED_EDGE('',*,*,#1825,.F.);
#2596=ORIENTED_EDGE('',*,*,#1822,.T.);
#2597=ORIENTED_EDGE('',*,*,#1824,.F.);
#2598=ORIENTED_EDGE('',*,*,#1783,.F.);
#2599=ORIENTED_EDGE('',*,*,#1486,.F.);
#2600=ORIENTED_EDGE('',*,*,#1808,.F.);
#2601=ORIENTED_EDGE('',*,*,#1827,.T.);
#2602=ORIENTED_EDGE('',*,*,#1756,.T.);
#2603=ORIENTED_EDGE('',*,*,#1761,.T.);
#2604=ORIENTED_EDGE('',*,*,#1516,.F.);
#2605=ORIENTED_EDGE('',*,*,#1827,.F.);
#2606=ORIENTED_EDGE('',*,*,#1817,.F.);
#2607=ORIENTED_EDGE('',*,*,#1828,.T.);
#2608=ORIENTED_EDGE('',*,*,#1757,.F.);
#2609=ORIENTED_EDGE('',*,*,#1738,.T.);
#2610=ORIENTED_EDGE('',*,*,#1828,.F.);
#2611=ORIENTED_EDGE('',*,*,#1802,.F.);
#2612=ORIENTED_EDGE('',*,*,#1820,.F.);
#2613=ORIENTED_EDGE('',*,*,#1767,.F.);
#2614=ORIENTED_EDGE('',*,*,#1758,.F.);
#2615=ORIENTED_EDGE('',*,*,#1819,.T.);
#2616=ORIENTED_EDGE('',*,*,#1823,.F.);
#2617=ORIENTED_EDGE('',*,*,#1495,.F.);
#2618=ORIENTED_EDGE('',*,*,#1500,.F.);
#2619=ORIENTED_EDGE('',*,*,#1508,.F.);
#2620=ORIENTED_EDGE('',*,*,#1771,.F.);
#2621=ORIENTED_EDGE('',*,*,#1666,.F.);
#2622=ORIENTED_EDGE('',*,*,#1580,.F.);
#2623=ORIENTED_EDGE('',*,*,#1608,.F.);
#2624=ORIENTED_EDGE('',*,*,#1607,.F.);
#2625=ORIENTED_EDGE('',*,*,#1769,.F.);
#2626=ORIENTED_EDGE('',*,*,#1768,.T.);
#2627=ORIENTED_EDGE('',*,*,#1525,.T.);
#2628=ORIENTED_EDGE('',*,*,#1829,.T.);
#2629=ORIENTED_EDGE('',*,*,#1830,.T.);
#2630=ORIENTED_EDGE('',*,*,#1831,.F.);
#2631=ORIENTED_EDGE('',*,*,#1832,.F.);
#2632=ORIENTED_EDGE('',*,*,#1833,.F.);
#2633=ORIENTED_EDGE('',*,*,#1834,.F.);
#2634=ORIENTED_EDGE('',*,*,#1468,.T.);
#2635=ORIENTED_EDGE('',*,*,#1835,.T.);
#2636=ORIENTED_EDGE('',*,*,#1836,.T.);
#2637=ORIENTED_EDGE('',*,*,#1837,.F.);
#2638=ORIENTED_EDGE('',*,*,#1838,.T.);
#2639=ORIENTED_EDGE('',*,*,#1839,.T.);
#2640=ORIENTED_EDGE('',*,*,#1840,.F.);
#2641=ORIENTED_EDGE('',*,*,#1841,.T.);
#2642=ORIENTED_EDGE('',*,*,#1835,.F.);
#2643=ORIENTED_EDGE('',*,*,#1467,.T.);
#2644=ORIENTED_EDGE('',*,*,#1775,.F.);
#2645=ORIENTED_EDGE('',*,*,#1474,.F.);
#2646=ORIENTED_EDGE('',*,*,#1836,.F.);
#2647=ORIENTED_EDGE('',*,*,#1473,.T.);
#2648=ORIENTED_EDGE('',*,*,#1842,.F.);
#2649=ORIENTED_EDGE('',*,*,#1843,.F.);
#2650=ORIENTED_EDGE('',*,*,#1844,.F.);
#2651=ORIENTED_EDGE('',*,*,#1845,.F.);
#2652=ORIENTED_EDGE('',*,*,#1846,.F.);
#2653=ORIENTED_EDGE('',*,*,#1847,.F.);
#2654=ORIENTED_EDGE('',*,*,#1480,.T.);
#2655=ORIENTED_EDGE('',*,*,#1848,.T.);
#2656=ORIENTED_EDGE('',*,*,#1849,.T.);
#2657=ORIENTED_EDGE('',*,*,#1850,.T.);
#2658=ORIENTED_EDGE('',*,*,#1851,.T.);
#2659=ORIENTED_EDGE('',*,*,#1842,.T.);
#2660=ORIENTED_EDGE('',*,*,#1851,.F.);
#2661=ORIENTED_EDGE('',*,*,#1852,.T.);
#2662=ORIENTED_EDGE('',*,*,#1853,.T.);
#2663=ORIENTED_EDGE('',*,*,#1854,.T.);
#2664=ORIENTED_EDGE('',*,*,#1843,.T.);
#2665=ORIENTED_EDGE('',*,*,#1850,.F.);
#2666=ORIENTED_EDGE('',*,*,#1855,.F.);
#2667=ORIENTED_EDGE('',*,*,#1856,.T.);
#2668=ORIENTED_EDGE('',*,*,#1857,.T.);
#2669=ORIENTED_EDGE('',*,*,#1858,.F.);
#2670=ORIENTED_EDGE('',*,*,#1859,.F.);
#2671=ORIENTED_EDGE('',*,*,#1860,.F.);
#2672=ORIENTED_EDGE('',*,*,#1852,.F.);
#2673=ORIENTED_EDGE('',*,*,#1476,.T.);
#2674=ORIENTED_EDGE('',*,*,#1834,.T.);
#2675=ORIENTED_EDGE('',*,*,#1861,.T.);
#2676=ORIENTED_EDGE('',*,*,#1858,.T.);
#2677=ORIENTED_EDGE('',*,*,#1862,.T.);
#2678=ORIENTED_EDGE('',*,*,#1863,.T.);
#2679=ORIENTED_EDGE('',*,*,#1863,.F.);
#2680=ORIENTED_EDGE('',*,*,#1864,.F.);
#2681=ORIENTED_EDGE('',*,*,#1865,.F.);
#2682=ORIENTED_EDGE('',*,*,#1866,.T.);
#2683=ORIENTED_EDGE('',*,*,#1867,.T.);
#2684=ORIENTED_EDGE('',*,*,#1868,.T.);
#2685=ORIENTED_EDGE('',*,*,#1848,.F.);
#2686=ORIENTED_EDGE('',*,*,#1479,.T.);
#2687=ORIENTED_EDGE('',*,*,#1488,.F.);
#2688=ORIENTED_EDGE('',*,*,#1477,.F.);
#2689=ORIENTED_EDGE('',*,*,#1862,.F.);
#2690=ORIENTED_EDGE('',*,*,#1857,.F.);
#2691=ORIENTED_EDGE('',*,*,#1869,.F.);
#2692=ORIENTED_EDGE('',*,*,#1864,.T.);
#2693=ORIENTED_EDGE('',*,*,#1853,.F.);
#2694=ORIENTED_EDGE('',*,*,#1860,.T.);
#2695=ORIENTED_EDGE('',*,*,#1870,.F.);
#2696=ORIENTED_EDGE('',*,*,#1871,.F.);
#2697=ORIENTED_EDGE('',*,*,#1849,.F.);
#2698=ORIENTED_EDGE('',*,*,#1868,.F.);
#2699=ORIENTED_EDGE('',*,*,#1872,.T.);
#2700=ORIENTED_EDGE('',*,*,#1855,.T.);
#2701=ORIENTED_EDGE('',*,*,#1873,.T.);
#2702=ORIENTED_EDGE('',*,*,#1874,.T.);
#2703=ORIENTED_EDGE('',*,*,#1875,.T.);
#2704=ORIENTED_EDGE('',*,*,#1845,.T.);
#2705=ORIENTED_EDGE('',*,*,#1874,.F.);
#2706=ORIENTED_EDGE('',*,*,#1876,.F.);
#2707=ORIENTED_EDGE('',*,*,#1877,.F.);
#2708=ORIENTED_EDGE('',*,*,#1878,.F.);
#2709=ORIENTED_EDGE('',*,*,#1873,.F.);
#2710=ORIENTED_EDGE('',*,*,#1844,.T.);
#2711=ORIENTED_EDGE('',*,*,#1854,.F.);
#2712=ORIENTED_EDGE('',*,*,#1871,.T.);
#2713=ORIENTED_EDGE('',*,*,#1879,.F.);
#2714=ORIENTED_EDGE('',*,*,#1876,.T.);
#2715=ORIENTED_EDGE('',*,*,#1880,.T.);
#2716=ORIENTED_EDGE('',*,*,#1881,.T.);
#2717=ORIENTED_EDGE('',*,*,#1882,.T.);
#2718=ORIENTED_EDGE('',*,*,#1883,.F.);
#2719=ORIENTED_EDGE('',*,*,#1884,.T.);
#2720=ORIENTED_EDGE('',*,*,#1877,.T.);
#2721=ORIENTED_EDGE('',*,*,#1885,.T.);
#2722=ORIENTED_EDGE('',*,*,#1831,.T.);
#2723=ORIENTED_EDGE('',*,*,#1886,.T.);
#2724=ORIENTED_EDGE('',*,*,#1832,.T.);
#2725=ORIENTED_EDGE('',*,*,#1885,.F.);
#2726=ORIENTED_EDGE('',*,*,#1879,.T.);
#2727=ORIENTED_EDGE('',*,*,#1861,.F.);
#2728=ORIENTED_EDGE('',*,*,#1833,.T.);
#2729=ORIENTED_EDGE('',*,*,#1886,.F.);
#2730=ORIENTED_EDGE('',*,*,#1870,.T.);
#2731=ORIENTED_EDGE('',*,*,#1859,.T.);
#2732=ORIENTED_EDGE('',*,*,#1887,.T.);
#2733=ORIENTED_EDGE('',*,*,#1888,.T.);
#2734=ORIENTED_EDGE('',*,*,#1889,.T.);
#2735=ORIENTED_EDGE('',*,*,#1872,.F.);
#2736=ORIENTED_EDGE('',*,*,#1867,.F.);
#2737=ORIENTED_EDGE('',*,*,#1890,.T.);
#2738=ORIENTED_EDGE('',*,*,#1891,.T.);
#2739=ORIENTED_EDGE('',*,*,#1892,.F.);
#2740=ORIENTED_EDGE('',*,*,#1838,.F.);
#2741=ORIENTED_EDGE('',*,*,#1893,.T.);
#2742=ORIENTED_EDGE('',*,*,#1837,.T.);
#2743=ORIENTED_EDGE('',*,*,#1847,.T.);
#2744=ORIENTED_EDGE('',*,*,#1894,.F.);
#2745=ORIENTED_EDGE('',*,*,#1895,.T.);
#2746=ORIENTED_EDGE('',*,*,#1896,.T.);
#2747=ORIENTED_EDGE('',*,*,#1829,.F.);
#2748=ORIENTED_EDGE('',*,*,#1841,.F.);
#2749=ORIENTED_EDGE('',*,*,#1840,.T.);
#2750=ORIENTED_EDGE('',*,*,#1897,.F.);
#2751=ORIENTED_EDGE('',*,*,#1898,.T.);
#2752=ORIENTED_EDGE('',*,*,#1899,.T.);
#2753=ORIENTED_EDGE('',*,*,#1865,.T.);
#2754=ORIENTED_EDGE('',*,*,#1869,.T.);
#2755=ORIENTED_EDGE('',*,*,#1900,.T.);
#2756=ORIENTED_EDGE('',*,*,#1901,.T.);
#2757=ORIENTED_EDGE('',*,*,#1902,.T.);
#2758=ORIENTED_EDGE('',*,*,#1903,.F.);
#2759=ORIENTED_EDGE('',*,*,#1891,.F.);
#2760=ORIENTED_EDGE('',*,*,#1904,.T.);
#2761=ORIENTED_EDGE('',*,*,#1898,.F.);
#2762=ORIENTED_EDGE('',*,*,#1866,.F.);
#2763=ORIENTED_EDGE('',*,*,#1899,.F.);
#2764=ORIENTED_EDGE('',*,*,#1904,.F.);
#2765=ORIENTED_EDGE('',*,*,#1890,.F.);
#2766=ORIENTED_EDGE('',*,*,#1905,.F.);
#2767=ORIENTED_EDGE('',*,*,#1882,.F.);
#2768=ORIENTED_EDGE('',*,*,#1906,.F.);
#2769=ORIENTED_EDGE('',*,*,#1881,.F.);
#2770=ORIENTED_EDGE('',*,*,#1907,.F.);
#2771=ORIENTED_EDGE('',*,*,#1887,.F.);
#2772=ORIENTED_EDGE('',*,*,#1893,.F.);
#2773=ORIENTED_EDGE('',*,*,#1908,.T.);
#2774=ORIENTED_EDGE('',*,*,#1895,.F.);
#2775=ORIENTED_EDGE('',*,*,#1902,.F.);
#2776=ORIENTED_EDGE('',*,*,#1906,.T.);
#2777=ORIENTED_EDGE('',*,*,#1880,.F.);
#2778=ORIENTED_EDGE('',*,*,#1905,.T.);
#2779=ORIENTED_EDGE('',*,*,#1883,.T.);
#2780=ORIENTED_EDGE('',*,*,#1856,.F.);
#2781=ORIENTED_EDGE('',*,*,#1889,.F.);
#2782=ORIENTED_EDGE('',*,*,#1909,.T.);
#2783=ORIENTED_EDGE('',*,*,#1900,.F.);
#2784=ORIENTED_EDGE('',*,*,#1909,.F.);
#2785=ORIENTED_EDGE('',*,*,#1888,.F.);
#2786=ORIENTED_EDGE('',*,*,#1907,.T.);
#2787=ORIENTED_EDGE('',*,*,#1901,.F.);
#2788=ORIENTED_EDGE('',*,*,#1875,.F.);
#2789=ORIENTED_EDGE('',*,*,#1878,.T.);
#2790=ORIENTED_EDGE('',*,*,#1884,.F.);
#2791=ORIENTED_EDGE('',*,*,#1830,.F.);
#2792=ORIENTED_EDGE('',*,*,#1896,.F.);
#2793=ORIENTED_EDGE('',*,*,#1908,.F.);
#2794=ORIENTED_EDGE('',*,*,#1894,.T.);
#2795=ORIENTED_EDGE('',*,*,#1846,.T.);
#2796=ORIENTED_EDGE('',*,*,#1892,.T.);
#2797=ORIENTED_EDGE('',*,*,#1903,.T.);
#2798=ORIENTED_EDGE('',*,*,#1897,.T.);
#2799=ORIENTED_EDGE('',*,*,#1839,.F.);
#2800=PLANE('',#3090);
#2801=PLANE('',#3091);
#2802=PLANE('',#3092);
#2803=PLANE('',#3093);
#2804=PLANE('',#3094);
#2805=PLANE('',#3096);
#2806=PLANE('',#3103);
#2807=PLANE('',#3106);
#2808=PLANE('',#3107);
#2809=PLANE('',#3109);
#2810=PLANE('',#3111);
#2811=PLANE('',#3113);
#2812=PLANE('',#3115);
#2813=PLANE('',#3117);
#2814=PLANE('',#3145);
#2815=PLANE('',#3146);
#2816=PLANE('',#3150);
#2817=PLANE('',#3159);
#2818=PLANE('',#3160);
#2819=PLANE('',#3162);
#2820=PLANE('',#3163);
#2821=PLANE('',#3164);
#2822=PLANE('',#3166);
#2823=PLANE('',#3167);
#2824=PLANE('',#3179);
#2825=PLANE('',#3180);
#2826=PLANE('',#3181);
#2827=PLANE('',#3182);
#2828=PLANE('',#3183);
#2829=PLANE('',#3184);
#2830=PLANE('',#3185);
#2831=PLANE('',#3186);
#2832=PLANE('',#3187);
#2833=PLANE('',#3188);
#2834=PLANE('',#3190);
#2835=PLANE('',#3191);
#2836=PLANE('',#3192);
#2837=PLANE('',#3194);
#2838=PLANE('',#3195);
#2839=PLANE('',#3198);
#2840=PLANE('',#3201);
#2841=PLANE('',#3204);
#2842=PLANE('',#3211);
#2843=PLANE('',#3212);
#2844=PLANE('',#3213);
#2845=PLANE('',#3224);
#2846=PLANE('',#3225);
#2847=PLANE('',#3226);
#2848=PLANE('',#3230);
#2849=PLANE('',#3231);
#2850=PLANE('',#3232);
#2851=PLANE('',#3233);
#2852=PLANE('',#3235);
#2853=PLANE('',#3236);
#2854=PLANE('',#3241);
#2855=PLANE('',#3243);
#2856=PLANE('',#3244);
#2857=PLANE('',#3246);
#2858=PLANE('',#3247);
#2859=PLANE('',#3248);
#2860=PLANE('',#3251);
#2861=PLANE('',#3256);
#2862=PLANE('',#3257);
#2863=PLANE('',#3258);
#2864=PLANE('',#3259);
#2865=PLANE('',#3261);
#2866=PLANE('',#3262);
#2867=PLANE('',#3263);
#2868=PLANE('',#3265);
#2869=PLANE('',#3266);
#2870=PLANE('',#3267);
#2871=PLANE('',#3268);
#2872=PLANE('',#3269);
#2873=PLANE('',#3270);
#2874=PLANE('',#3271);
#2875=PLANE('',#3272);
#2876=PLANE('',#3277);
#2877=PLANE('',#3278);
#2878=PLANE('',#3279);
#2879=PLANE('',#3280);
#2880=PLANE('',#3281);
#2881=PLANE('',#3282);
#2882=PLANE('',#3284);
#2883=PLANE('',#3285);
#2884=PLANE('',#3286);
#2885=PLANE('',#3287);
#2886=PLANE('',#3290);
#2887=PLANE('',#3293);
#2888=PLANE('',#3294);
#2889=PLANE('',#3295);
#2890=PLANE('',#3296);
#2891=PLANE('',#3297);
#2892=PLANE('',#3298);
#2893=PLANE('',#3300);
#2894=PLANE('',#3301);
#2895=PLANE('',#3302);
#2896=PLANE('',#3303);
#2897=PLANE('',#3304);
#2898=PLANE('',#3307);
#2899=PLANE('',#3308);
#2900=PLANE('',#3311);
#2901=PLANE('',#3314);
#2902=PLANE('',#3320);
#2903=PLANE('',#3322);
#2904=PLANE('',#3325);
#2905=PLANE('',#3328);
#2906=PLANE('',#3331);
#2907=PLANE('',#3334);
#2908=PLANE('',#3337);
#2909=PLANE('',#3338);
#2910=PLANE('',#3341);
#2911=PLANE('',#3344);
#2912=PLANE('',#3346);
#2913=PLANE('',#3348);
#2914=PLANE('',#3353);
#2915=PLANE('',#3355);
#2916=ADVANCED_FACE('',(#194),#2800,.T.);
#2917=ADVANCED_FACE('',(#195),#2801,.T.);
#2918=ADVANCED_FACE('',(#196),#2802,.T.);
#2919=ADVANCED_FACE('',(#197),#2803,.T.);
#2920=ADVANCED_FACE('',(#198,#90),#2804,.T.);
#2921=ADVANCED_FACE('',(#199),#2805,.T.);
#2922=ADVANCED_FACE('',(#200),#50,.T.);
#2923=ADVANCED_FACE('',(#201),#51,.T.);
#2924=ADVANCED_FACE('',(#202),#2806,.T.);
#2925=ADVANCED_FACE('',(#203),#2807,.T.);
#2926=ADVANCED_FACE('',(#204),#2808,.F.);
#2927=ADVANCED_FACE('',(#205),#2809,.F.);
#2928=ADVANCED_FACE('',(#206),#2810,.F.);
#2929=ADVANCED_FACE('',(#207),#2811,.F.);
#2930=ADVANCED_FACE('',(#208),#2812,.T.);
#2931=ADVANCED_FACE('',(#209),#2813,.T.);
#2932=ADVANCED_FACE('',(#210),#52,.F.);
#2933=ADVANCED_FACE('',(#211),#2814,.T.);
#2934=ADVANCED_FACE('',(#212),#2815,.T.);
#2935=ADVANCED_FACE('',(#213),#53,.T.);
#2936=ADVANCED_FACE('',(#214,#91),#2816,.T.);
#2937=ADVANCED_FACE('',(#215),#54,.T.);
#2938=ADVANCED_FACE('',(#216),#55,.T.);
#2939=ADVANCED_FACE('',(#217),#2817,.T.);
#2940=ADVANCED_FACE('',(#218),#2818,.T.);
#2941=ADVANCED_FACE('',(#219),#2819,.F.);
#2942=ADVANCED_FACE('',(#220),#2820,.F.);
#2943=ADVANCED_FACE('',(#221),#2821,.T.);
#2944=ADVANCED_FACE('',(#222),#2822,.T.);
#2945=ADVANCED_FACE('',(#223,#92),#2823,.T.);
#2946=ADVANCED_FACE('',(#224),#56,.T.);
#2947=ADVANCED_FACE('',(#225),#57,.T.);
#2948=ADVANCED_FACE('',(#226),#58,.T.);
#2949=ADVANCED_FACE('',(#227),#2824,.T.);
#2950=ADVANCED_FACE('',(#228),#2825,.T.);
#2951=ADVANCED_FACE('',(#229),#2826,.T.);
#2952=ADVANCED_FACE('',(#230),#2827,.T.);
#2953=ADVANCED_FACE('',(#231),#2828,.T.);
#2954=ADVANCED_FACE('',(#232),#2829,.T.);
#2955=ADVANCED_FACE('',(#233),#2830,.T.);
#2956=ADVANCED_FACE('',(#234),#2831,.T.);
#2957=ADVANCED_FACE('',(#235),#2832,.T.);
#2958=ADVANCED_FACE('',(#236),#2833,.T.);
#2959=ADVANCED_FACE('',(#237),#2834,.T.);
#2960=ADVANCED_FACE('',(#238),#2835,.T.);
#2961=ADVANCED_FACE('',(#239),#2836,.T.);
#2962=ADVANCED_FACE('',(#240),#2837,.T.);
#2963=ADVANCED_FACE('',(#241),#2838,.T.);
#2964=ADVANCED_FACE('',(#242),#2839,.T.);
#2965=ADVANCED_FACE('',(#243),#59,.T.);
#2966=ADVANCED_FACE('',(#244),#2840,.T.);
#2967=ADVANCED_FACE('',(#245),#60,.F.);
#2968=ADVANCED_FACE('',(#246),#2841,.T.);
#2969=ADVANCED_FACE('',(#247),#61,.F.);
#2970=ADVANCED_FACE('',(#248),#62,.T.);
#2971=ADVANCED_FACE('',(#249),#2842,.F.);
#2972=ADVANCED_FACE('',(#250),#2843,.F.);
#2973=ADVANCED_FACE('',(#251),#2844,.F.);
#2974=ADVANCED_FACE('',(#252),#63,.T.);
#2975=ADVANCED_FACE('',(#253),#64,.F.);
#2976=ADVANCED_FACE('',(#254),#65,.F.);
#2977=ADVANCED_FACE('',(#255),#2845,.T.);
#2978=ADVANCED_FACE('',(#256),#2846,.T.);
#2979=ADVANCED_FACE('',(#257),#2847,.T.);
#2980=ADVANCED_FACE('',(#258),#66,.F.);
#2981=ADVANCED_FACE('',(#259),#2848,.F.);
#2982=ADVANCED_FACE('',(#260),#2849,.T.);
#2983=ADVANCED_FACE('',(#261),#2850,.T.);
#2984=ADVANCED_FACE('',(#262,#93),#2851,.T.);
#2985=ADVANCED_FACE('',(#263),#2852,.T.);
#2986=ADVANCED_FACE('',(#264),#2853,.F.);
#2987=ADVANCED_FACE('',(#265),#67,.F.);
#2988=ADVANCED_FACE('',(#266),#68,.F.);
#2989=ADVANCED_FACE('',(#267),#69,.F.);
#2990=ADVANCED_FACE('',(#268),#70,.F.);
#2991=ADVANCED_FACE('',(#269,#94),#2854,.T.);
#2992=ADVANCED_FACE('',(#270),#71,.F.);
#2993=ADVANCED_FACE('',(#271),#2855,.T.);
#2994=ADVANCED_FACE('',(#272,#95),#2856,.T.);
#2995=ADVANCED_FACE('',(#273),#2857,.T.);
#2996=ADVANCED_FACE('',(#274),#2858,.T.);
#2997=ADVANCED_FACE('',(#275),#2859,.F.);
#2998=ADVANCED_FACE('',(#276),#72,.F.);
#2999=ADVANCED_FACE('',(#277),#2860,.T.);
#3000=ADVANCED_FACE('',(#278),#73,.T.);
#3001=ADVANCED_FACE('',(#279),#74,.F.);
#3002=ADVANCED_FACE('',(#280),#75,.F.);
#3003=ADVANCED_FACE('',(#281),#2861,.F.);
#3004=ADVANCED_FACE('',(#282),#2862,.T.);
#3005=ADVANCED_FACE('',(#283),#2863,.T.);
#3006=ADVANCED_FACE('',(#284,#96),#2864,.F.);
#3007=ADVANCED_FACE('',(#285),#2865,.F.);
#3008=ADVANCED_FACE('',(#286),#2866,.T.);
#3009=ADVANCED_FACE('',(#287),#2867,.T.);
#3010=ADVANCED_FACE('',(#288),#76,.T.);
#3011=ADVANCED_FACE('',(#289),#2868,.T.);
#3012=ADVANCED_FACE('',(#290),#2869,.F.);
#3013=ADVANCED_FACE('',(#291),#2870,.T.);
#3014=ADVANCED_FACE('',(#292),#2871,.T.);
#3015=ADVANCED_FACE('',(#293),#2872,.T.);
#3016=ADVANCED_FACE('',(#294),#2873,.T.);
#3017=ADVANCED_FACE('',(#295),#2874,.T.);
#3018=ADVANCED_FACE('',(#296,#97),#2875,.T.);
#3019=ADVANCED_FACE('',(#297),#77,.T.);
#3020=ADVANCED_FACE('',(#298),#2876,.T.);
#3021=ADVANCED_FACE('',(#299),#2877,.T.);
#3022=ADVANCED_FACE('',(#300),#2878,.T.);
#3023=ADVANCED_FACE('',(#301),#2879,.T.);
#3024=ADVANCED_FACE('',(#302),#2880,.T.);
#3025=ADVANCED_FACE('',(#303,#98),#2881,.T.);
#3026=ADVANCED_FACE('',(#304),#2882,.T.);
#3027=ADVANCED_FACE('',(#305),#2883,.T.);
#3028=ADVANCED_FACE('',(#306),#2884,.T.);
#3029=ADVANCED_FACE('',(#307),#2885,.T.);
#3030=ADVANCED_FACE('',(#308),#78,.F.);
#3031=ADVANCED_FACE('',(#309,#99),#2886,.T.);
#3032=ADVANCED_FACE('',(#310),#79,.F.);
#3033=ADVANCED_FACE('',(#311),#2887,.T.);
#3034=ADVANCED_FACE('',(#312),#2888,.T.);
#3035=ADVANCED_FACE('',(#313),#2889,.F.);
#3036=ADVANCED_FACE('',(#314),#2890,.F.);
#3037=ADVANCED_FACE('',(#315),#2891,.F.);
#3038=ADVANCED_FACE('',(#316),#2892,.F.);
#3039=ADVANCED_FACE('',(#317),#80,.F.);
#3040=ADVANCED_FACE('',(#318),#2893,.T.);
#3041=ADVANCED_FACE('',(#319,#100),#2894,.T.);
#3042=ADVANCED_FACE('',(#320),#2895,.T.);
#3043=ADVANCED_FACE('',(#321),#2896,.F.);
#3044=ADVANCED_FACE('',(#322),#2897,.T.);
#3045=ADVANCED_FACE('',(#323),#2898,.F.);
#3046=ADVANCED_FACE('',(#324),#2899,.T.);
#3047=ADVANCED_FACE('',(#325),#2900,.T.);
#3048=ADVANCED_FACE('',(#326),#2901,.T.);
#3049=ADVANCED_FACE('',(#327),#81,.T.);
#3050=ADVANCED_FACE('',(#328),#2902,.T.);
#3051=ADVANCED_FACE('',(#329),#2903,.T.);
#3052=ADVANCED_FACE('',(#330),#82,.F.);
#3053=ADVANCED_FACE('',(#331),#2904,.F.);
#3054=ADVANCED_FACE('',(#332),#83,.F.);
#3055=ADVANCED_FACE('',(#333),#2905,.T.);
#3056=ADVANCED_FACE('',(#334),#2906,.T.);
#3057=ADVANCED_FACE('',(#335,#101,#102),#84,.T.);
#3058=ADVANCED_FACE('',(#336),#2907,.T.);
#3059=ADVANCED_FACE('',(#337),#19,.T.);
#3060=ADVANCED_FACE('',(#338),#2908,.T.);
#3061=ADVANCED_FACE('',(#339),#2909,.T.);
#3062=ADVANCED_FACE('',(#340),#15,.F.);
#3063=ADVANCED_FACE('',(#341),#16,.T.);
#3064=ADVANCED_FACE('',(#342),#2910,.F.);
#3065=ADVANCED_FACE('',(#343),#2911,.T.);
#3066=ADVANCED_FACE('',(#344),#85,.T.);
#3067=ADVANCED_FACE('',(#345),#2912,.F.);
#3068=ADVANCED_FACE('',(#346),#2913,.F.);
#3069=ADVANCED_FACE('',(#347),#17,.F.);
#3070=ADVANCED_FACE('',(#348),#86,.T.);
#3071=ADVANCED_FACE('',(#349),#87,.T.);
#3072=ADVANCED_FACE('',(#350),#88,.T.);
#3073=ADVANCED_FACE('',(#351),#2914,.T.);
#3074=ADVANCED_FACE('',(#352),#89,.T.);
#3075=ADVANCED_FACE('',(#353),#2915,.T.);
#3076=CLOSED_SHELL('',(#2916,#2917,#2918,#2919,#2920,#2921,#2922,#2923,
#2924,#2925,#2926,#2927,#2928,#2929,#2930,#2931,#2932,#2933,#2934,#2935,
#2936,#2937,#2938,#2939,#2940,#2941,#2942,#2943,#2944,#2945,#2946,#2947,
#2948,#2949,#2950,#2951,#2952,#2953,#2954,#2955,#2956,#2957,#2958,#2959,
#2960,#2961,#2962,#2963,#2964,#2965,#2966,#2967,#2968,#2969,#2970,#2971,
#2972,#2973,#2974,#2975,#2976,#2977,#2978,#2979,#2980,#2981,#2982,#2983,
#2984,#2985,#2986,#2987,#2988,#2989,#2990,#2991,#2992,#2993,#2994,#2995,
#2996,#2997,#2998,#2999,#3000,#3001,#3002,#3003,#3004,#3005,#3006,#3007,
#3008,#3009,#3010,#3011,#3012,#3013,#3014,#3015,#3016,#3017,#3018,#3019,
#3020,#3021,#3022,#3023,#3024,#3025,#3026,#3027,#3028,#3029,#3030,#3031,
#3032,#3033,#3034,#3035,#3036,#3037,#3038,#3039,#3040,#3041,#3042,#3043,
#3044,#3045,#3046,#3047,#3048,#3049,#3050,#3051,#3052,#3053,#3054,#3055,
#3056,#3057,#3058,#3059,#3060,#3061,#3062,#3063,#3064,#3065,#3066,#3067,
#3068,#3069,#3070,#3071,#3072,#3073,#3074,#3075));
#3077=DERIVED_UNIT_ELEMENT(#3079,1.);
#3078=DERIVED_UNIT_ELEMENT(#5360,-3.);
#3079=(
MASS_UNIT()
NAMED_UNIT(*)
SI_UNIT(.KILO.,.GRAM.)
);
#3080=DERIVED_UNIT((#3077,#3078));
#3081=MEASURE_REPRESENTATION_ITEM('density measure',
POSITIVE_RATIO_MEASURE(7850.),#3080);
#3082=PROPERTY_DEFINITION_REPRESENTATION(#3087,#3084);
#3083=PROPERTY_DEFINITION_REPRESENTATION(#3088,#3085);
#3084=REPRESENTATION('material name',(#3086),#5357);
#3085=REPRESENTATION('density',(#3081),#5357);
#3086=DESCRIPTIVE_REPRESENTATION_ITEM('Steel','Steel');
#3087=PROPERTY_DEFINITION('material property','material name',#5367);
#3088=PROPERTY_DEFINITION('material property','density of part',#5367);
#3089=AXIS2_PLACEMENT_3D('',#4213,#3356,#3357);
#3090=AXIS2_PLACEMENT_3D('',#4214,#3358,#3359);
#3091=AXIS2_PLACEMENT_3D('',#4225,#3365,#3366);
#3092=AXIS2_PLACEMENT_3D('',#4236,#3372,#3373);
#3093=AXIS2_PLACEMENT_3D('',#4242,#3377,#3378);
#3094=AXIS2_PLACEMENT_3D('',#4248,#3382,#3383);
#3095=AXIS2_PLACEMENT_3D('',#4261,#3390,#3391);
#3096=AXIS2_PLACEMENT_3D('',#4262,#3392,#3393);
#3097=AXIS2_PLACEMENT_3D('',#4271,#3399,#3400);
#3098=AXIS2_PLACEMENT_3D('',#4276,#3402,#3403);
#3099=AXIS2_PLACEMENT_3D('',#4280,#3405,#3406);
#3100=AXIS2_PLACEMENT_3D('',#4281,#3407,#3408);
#3101=AXIS2_PLACEMENT_3D('',#4282,#3409,#3410);
#3102=AXIS2_PLACEMENT_3D('',#4286,#3412,#3413);
#3103=AXIS2_PLACEMENT_3D('',#4288,#3415,#3416);
#3104=AXIS2_PLACEMENT_3D('',#4294,#3419,#3420);
#3105=AXIS2_PLACEMENT_3D('',#4298,#3422,#3423);
#3106=AXIS2_PLACEMENT_3D('',#4304,#3427,#3428);
#3107=AXIS2_PLACEMENT_3D('',#4310,#3432,#3433);
#3108=AXIS2_PLACEMENT_3D('',#4312,#3434,#3435);
#3109=AXIS2_PLACEMENT_3D('',#4313,#3436,#3437);
#3110=AXIS2_PLACEMENT_3D('',#4315,#3438,#3439);
#3111=AXIS2_PLACEMENT_3D('',#4316,#3440,#3441);
#3112=AXIS2_PLACEMENT_3D('',#4318,#3442,#3443);
#3113=AXIS2_PLACEMENT_3D('',#4319,#3444,#3445);
#3114=AXIS2_PLACEMENT_3D('',#4321,#3446,#3447);
#3115=AXIS2_PLACEMENT_3D('',#4322,#3448,#3449);
#3116=AXIS2_PLACEMENT_3D('',#4333,#3454,#3455);
#3117=AXIS2_PLACEMENT_3D('',#4339,#3459,#3460);
#3118=AXIS2_PLACEMENT_3D('',#4350,#3465,#3466);
#3119=AXIS2_PLACEMENT_3D('',#4356,#3470,#3471);
#3120=AXIS2_PLACEMENT_3D('',#4358,#3472,#3473);
#3121=AXIS2_PLACEMENT_3D('',#4362,#3475,#3476);
#3122=AXIS2_PLACEMENT_3D('',#4364,#3477,#3478);
#3123=AXIS2_PLACEMENT_3D('',#4368,#3480,#3481);
#3124=AXIS2_PLACEMENT_3D('',#4372,#3483,#3484);
#3125=AXIS2_PLACEMENT_3D('',#4376,#3486,#3487);
#3126=AXIS2_PLACEMENT_3D('',#4380,#3489,#3490);
#3127=AXIS2_PLACEMENT_3D('',#4384,#3492,#3493);
#3128=AXIS2_PLACEMENT_3D('',#4388,#3495,#3496);
#3129=AXIS2_PLACEMENT_3D('',#4392,#3498,#3499);
#3130=AXIS2_PLACEMENT_3D('',#4396,#3501,#3502);
#3131=AXIS2_PLACEMENT_3D('',#4400,#3504,#3505);
#3132=AXIS2_PLACEMENT_3D('',#4404,#3507,#3508);
#3133=AXIS2_PLACEMENT_3D('',#4406,#3509,#3510);
#3134=AXIS2_PLACEMENT_3D('',#4408,#3511,#3512);
#3135=AXIS2_PLACEMENT_3D('',#4412,#3514,#3515);
#3136=AXIS2_PLACEMENT_3D('',#4416,#3517,#3518);
#3137=AXIS2_PLACEMENT_3D('',#4420,#3520,#3521);
#3138=AXIS2_PLACEMENT_3D('',#4423,#3523,#3524);
#3139=AXIS2_PLACEMENT_3D('',#4429,#3527,#3528);
#3140=AXIS2_PLACEMENT_3D('',#4433,#3530,#3531);
#3141=AXIS2_PLACEMENT_3D('',#4437,#3533,#3534);
#3142=AXIS2_PLACEMENT_3D('',#4441,#3536,#3537);
#3143=AXIS2_PLACEMENT_3D('',#4445,#3539,#3540);
#3144=AXIS2_PLACEMENT_3D('',#4446,#3541,#3542);
#3145=AXIS2_PLACEMENT_3D('',#4447,#3543,#3544);
#3146=AXIS2_PLACEMENT_3D('',#4455,#3549,#3550);
#3147=AXIS2_PLACEMENT_3D('',#4465,#3556,#3557);
#3148=AXIS2_PLACEMENT_3D('',#4467,#3558,#3559);
#3149=AXIS2_PLACEMENT_3D('',#4470,#3561,#3562);
#3150=AXIS2_PLACEMENT_3D('',#4471,#3563,#3564);
#3151=AXIS2_PLACEMENT_3D('',#4473,#3565,#3566);
#3152=AXIS2_PLACEMENT_3D('',#4478,#3569,#3570);
#3153=AXIS2_PLACEMENT_3D('',#4481,#3572,#3573);
#3154=AXIS2_PLACEMENT_3D('',#4483,#3574,#3575);
#3155=AXIS2_PLACEMENT_3D('',#4484,#3576,#3577);
#3156=AXIS2_PLACEMENT_3D('',#4486,#3578,#3579);
#3157=AXIS2_PLACEMENT_3D('',#4488,#3581,#3582);
#3158=AXIS2_PLACEMENT_3D('',#4491,#3584,#3585);
#3159=AXIS2_PLACEMENT_3D('',#4492,#3586,#3587);
#3160=AXIS2_PLACEMENT_3D('',#4499,#3592,#3593);
#3161=AXIS2_PLACEMENT_3D('',#4507,#3598,#3599);
#3162=AXIS2_PLACEMENT_3D('',#4508,#3600,#3601);
#3163=AXIS2_PLACEMENT_3D('',#4514,#3605,#3606);
#3164=AXIS2_PLACEMENT_3D('',#4522,#3611,#3612);
#3165=AXIS2_PLACEMENT_3D('',#4526,#3614,#3615);
#3166=AXIS2_PLACEMENT_3D('',#4534,#3620,#3621);
#3167=AXIS2_PLACEMENT_3D('',#4542,#3626,#3627);
#3168=AXIS2_PLACEMENT_3D('',#4544,#3628,#3629);
#3169=AXIS2_PLACEMENT_3D('',#4549,#3632,#3633);
#3170=AXIS2_PLACEMENT_3D('',#4552,#3635,#3636);
#3171=AXIS2_PLACEMENT_3D('',#4554,#3637,#3638);
#3172=AXIS2_PLACEMENT_3D('',#4555,#3639,#3640);
#3173=AXIS2_PLACEMENT_3D('',#4557,#3641,#3642);
#3174=AXIS2_PLACEMENT_3D('',#4560,#3644,#3645);
#3175=AXIS2_PLACEMENT_3D('',#4561,#3646,#3647);
#3176=AXIS2_PLACEMENT_3D('',#4563,#3648,#3649);
#3177=AXIS2_PLACEMENT_3D('',#4565,#3651,#3652);
#3178=AXIS2_PLACEMENT_3D('',#4568,#3654,#3655);
#3179=AXIS2_PLACEMENT_3D('',#4569,#3656,#3657);
#3180=AXIS2_PLACEMENT_3D('',#4575,#3662,#3663);
#3181=AXIS2_PLACEMENT_3D('',#4579,#3666,#3667);
#3182=AXIS2_PLACEMENT_3D('',#4581,#3669,#3670);
#3183=AXIS2_PLACEMENT_3D('',#4583,#3672,#3673);
#3184=AXIS2_PLACEMENT_3D('',#4585,#3675,#3676);
#3185=AXIS2_PLACEMENT_3D('',#4587,#3678,#3679);
#3186=AXIS2_PLACEMENT_3D('',#4589,#3681,#3682);
#3187=AXIS2_PLACEMENT_3D('',#4593,#3685,#3686);
#3188=AXIS2_PLACEMENT_3D('',#4597,#3689,#3690);
#3189=AXIS2_PLACEMENT_3D('',#4602,#3693,#3694);
#3190=AXIS2_PLACEMENT_3D('',#4603,#3695,#3696);
#3191=AXIS2_PLACEMENT_3D('',#4607,#3699,#3700);
#3192=AXIS2_PLACEMENT_3D('',#4611,#3703,#3704);
#3193=AXIS2_PLACEMENT_3D('',#4616,#3707,#3708);
#3194=AXIS2_PLACEMENT_3D('',#4617,#3709,#3710);
#3195=AXIS2_PLACEMENT_3D('',#4621,#3713,#3714);
#3196=AXIS2_PLACEMENT_3D('',#4626,#3716,#3717);
#3197=AXIS2_PLACEMENT_3D('',#4634,#3721,#3722);
#3198=AXIS2_PLACEMENT_3D('',#4637,#3725,#3726);
#3199=AXIS2_PLACEMENT_3D('',#4641,#3729,#3730);
#3200=AXIS2_PLACEMENT_3D('',#4645,#3732,#3733);
#3201=AXIS2_PLACEMENT_3D('',#4647,#3735,#3736);
#3202=AXIS2_PLACEMENT_3D('',#4654,#3741,#3742);
#3203=AXIS2_PLACEMENT_3D('',#4656,#3743,#3744);
#3204=AXIS2_PLACEMENT_3D('',#4658,#3746,#3747);
#3205=AXIS2_PLACEMENT_3D('',#4662,#3750,#3751);
#3206=AXIS2_PLACEMENT_3D('',#4664,#3752,#3753);
#3207=AXIS2_PLACEMENT_3D('',#4668,#3755,#3756);
#3208=AXIS2_PLACEMENT_3D('',#4669,#3757,#3758);
#3209=AXIS2_PLACEMENT_3D('',#4670,#3759,#3760);
#3210=AXIS2_PLACEMENT_3D('',#4673,#3762,#3763);
#3211=AXIS2_PLACEMENT_3D('',#4674,#3764,#3765);
#3212=AXIS2_PLACEMENT_3D('',#4676,#3767,#3768);
#3213=AXIS2_PLACEMENT_3D('',#4678,#3770,#3771);
#3214=AXIS2_PLACEMENT_3D('',#4682,#3774,#3775);
#3215=AXIS2_PLACEMENT_3D('',#4685,#3777,#3778);
#3216=AXIS2_PLACEMENT_3D('',#4686,#3779,#3780);
#3217=AXIS2_PLACEMENT_3D('',#4688,#3781,#3782);
#3218=AXIS2_PLACEMENT_3D('',#4692,#3784,#3785);
#3219=AXIS2_PLACEMENT_3D('',#4693,#3786,#3787);
#3220=AXIS2_PLACEMENT_3D('',#4694,#3788,#3789);
#3221=AXIS2_PLACEMENT_3D('',#4697,#3790,#3791);
#3222=AXIS2_PLACEMENT_3D('',#4699,#3792,#3793);
#3223=AXIS2_PLACEMENT_3D('',#4700,#3794,#3795);
#3224=AXIS2_PLACEMENT_3D('',#4702,#3797,#3798);
#3225=AXIS2_PLACEMENT_3D('',#4703,#3799,#3800);
#3226=AXIS2_PLACEMENT_3D('',#4704,#3801,#3802);
#3227=AXIS2_PLACEMENT_3D('',#4705,#3803,#3804);
#3228=AXIS2_PLACEMENT_3D('',#4708,#3805,#3806);
#3229=AXIS2_PLACEMENT_3D('',#4709,#3807,#3808);
#3230=AXIS2_PLACEMENT_3D('',#4711,#3810,#3811);
#3231=AXIS2_PLACEMENT_3D('',#4715,#3814,#3815);
#3232=AXIS2_PLACEMENT_3D('',#4716,#3816,#3817);
#3233=AXIS2_PLACEMENT_3D('',#4720,#3820,#3821);
#3234=AXIS2_PLACEMENT_3D('',#4723,#3823,#3824);
#3235=AXIS2_PLACEMENT_3D('',#4724,#3825,#3826);
#3236=AXIS2_PLACEMENT_3D('',#4727,#3829,#3830);
#3237=AXIS2_PLACEMENT_3D('',#4729,#3832,#3833);
#3238=AXIS2_PLACEMENT_3D('',#4731,#3835,#3836);
#3239=AXIS2_PLACEMENT_3D('',#4733,#3838,#3839);
#3240=AXIS2_PLACEMENT_3D('',#4735,#3841,#3842);
#3241=AXIS2_PLACEMENT_3D('',#4737,#3844,#3845);
#3242=AXIS2_PLACEMENT_3D('',#4738,#3846,#3847);
#3243=AXIS2_PLACEMENT_3D('',#4739,#3848,#3849);
#3244=AXIS2_PLACEMENT_3D('',#4748,#3854,#3855);
#3245=AXIS2_PLACEMENT_3D('',#4755,#3859,#3860);
#3246=AXIS2_PLACEMENT_3D('',#4756,#3861,#3862);
#3247=AXIS2_PLACEMENT_3D('',#4762,#3866,#3867);
#3248=AXIS2_PLACEMENT_3D('',#4765,#3870,#3871);
#3249=AXIS2_PLACEMENT_3D('',#4766,#3872,#3873);
#3250=AXIS2_PLACEMENT_3D('',#4768,#3874,#3875);
#3251=AXIS2_PLACEMENT_3D('',#4770,#3877,#3878);
#3252=AXIS2_PLACEMENT_3D('',#4776,#3882,#3883);
#3253=AXIS2_PLACEMENT_3D('',#4779,#3885,#3886);
#3254=AXIS2_PLACEMENT_3D('',#4780,#3887,#3888);
#3255=AXIS2_PLACEMENT_3D('',#4781,#3889,#3890);
#3256=AXIS2_PLACEMENT_3D('',#4782,#3891,#3892);
#3257=AXIS2_PLACEMENT_3D('',#4784,#3894,#3895);
#3258=AXIS2_PLACEMENT_3D('',#4788,#3898,#3899);
#3259=AXIS2_PLACEMENT_3D('',#4792,#3902,#3903);
#3260=AXIS2_PLACEMENT_3D('',#4798,#3906,#3907);
#3261=AXIS2_PLACEMENT_3D('',#4813,#3916,#3917);
#3262=AXIS2_PLACEMENT_3D('',#4816,#3920,#3921);
#3263=AXIS2_PLACEMENT_3D('',#4818,#3923,#3924);
#3264=AXIS2_PLACEMENT_3D('',#4820,#3926,#3927);
#3265=AXIS2_PLACEMENT_3D('',#4822,#3929,#3930);
#3266=AXIS2_PLACEMENT_3D('',#4824,#3932,#3933);
#3267=AXIS2_PLACEMENT_3D('',#4826,#3935,#3936);
#3268=AXIS2_PLACEMENT_3D('',#4830,#3939,#3940);
#3269=AXIS2_PLACEMENT_3D('',#4832,#3942,#3943);
#3270=AXIS2_PLACEMENT_3D('',#4834,#3945,#3946);
#3271=AXIS2_PLACEMENT_3D('',#4840,#3951,#3952);
#3272=AXIS2_PLACEMENT_3D('',#4846,#3956,#3957);
#3273=AXIS2_PLACEMENT_3D('',#4848,#3958,#3959);
#3274=AXIS2_PLACEMENT_3D('',#4849,#3960,#3961);
#3275=AXIS2_PLACEMENT_3D('',#4851,#3962,#3963);
#3276=AXIS2_PLACEMENT_3D('',#4853,#3964,#3965);
#3277=AXIS2_PLACEMENT_3D('',#4855,#3967,#3968);
#3278=AXIS2_PLACEMENT_3D('',#4859,#3971,#3972);
#3279=AXIS2_PLACEMENT_3D('',#4867,#3977,#3978);
#3280=AXIS2_PLACEMENT_3D('',#4871,#3981,#3982);
#3281=AXIS2_PLACEMENT_3D('',#4877,#3986,#3987);
#3282=AXIS2_PLACEMENT_3D('',#4879,#3989,#3990);
#3283=AXIS2_PLACEMENT_3D('',#4890,#3996,#3997);
#3284=AXIS2_PLACEMENT_3D('',#4891,#3998,#3999);
#3285=AXIS2_PLACEMENT_3D('',#4897,#4003,#4004);
#3286=AXIS2_PLACEMENT_3D('',#4900,#4007,#4008);
#3287=AXIS2_PLACEMENT_3D('',#4902,#4010,#4011);
#3288=AXIS2_PLACEMENT_3D('',#4906,#4014,#4015);
#3289=AXIS2_PLACEMENT_3D('',#4909,#4017,#4018);
#3290=AXIS2_PLACEMENT_3D('',#4910,#4019,#4020);
#3291=AXIS2_PLACEMENT_3D('',#4912,#4021,#4022);
#3292=AXIS2_PLACEMENT_3D('',#4913,#4023,#4024);
#3293=AXIS2_PLACEMENT_3D('',#4959,#4026,#4027);
#3294=AXIS2_PLACEMENT_3D('',#4960,#4028,#4029);
#3295=AXIS2_PLACEMENT_3D('',#4962,#4031,#4032);
#3296=AXIS2_PLACEMENT_3D('',#4967,#4036,#4037);
#3297=AXIS2_PLACEMENT_3D('',#4971,#4040,#4041);
#3298=AXIS2_PLACEMENT_3D('',#4973,#4043,#4044);
#3299=AXIS2_PLACEMENT_3D('',#4975,#4046,#4047);
#3300=AXIS2_PLACEMENT_3D('',#4978,#4050,#4051);
#3301=AXIS2_PLACEMENT_3D('',#4980,#4053,#4054);
#3302=AXIS2_PLACEMENT_3D('',#4982,#4056,#4057);
#3303=AXIS2_PLACEMENT_3D('',#4983,#4058,#4059);
#3304=AXIS2_PLACEMENT_3D('',#4984,#4060,#4061);
#3305=AXIS2_PLACEMENT_3D('',#4998,#4062,#4063);
#3306=AXIS2_PLACEMENT_3D('',#5002,#4065,#4066);
#3307=AXIS2_PLACEMENT_3D('',#5007,#4070,#4071);
#3308=AXIS2_PLACEMENT_3D('',#5019,#4078,#4079);
#3309=AXIS2_PLACEMENT_3D('',#5025,#4082,#4083);
#3310=AXIS2_PLACEMENT_3D('',#5029,#4085,#4086);
#3311=AXIS2_PLACEMENT_3D('',#5040,#4087,#4088);
#3312=AXIS2_PLACEMENT_3D('',#5044,#4090,#4091);
#3313=AXIS2_PLACEMENT_3D('',#5046,#4092,#4093);
#3314=AXIS2_PLACEMENT_3D('',#5048,#4095,#4096);
#3315=AXIS2_PLACEMENT_3D('',#5050,#4097,#4098);
#3316=AXIS2_PLACEMENT_3D('',#5053,#4100,#4101);
#3317=AXIS2_PLACEMENT_3D('',#5054,#4102,#4103);
#3318=AXIS2_PLACEMENT_3D('',#5062,#4107,#4108);
#3319=AXIS2_PLACEMENT_3D('',#5064,#4109,#4110);
#3320=AXIS2_PLACEMENT_3D('',#5066,#4112,#4113);
#3321=AXIS2_PLACEMENT_3D('',#5069,#4115,#4116);
#3322=AXIS2_PLACEMENT_3D('',#5071,#4118,#4119);
#3323=AXIS2_PLACEMENT_3D('',#5081,#4125,#4126);
#3324=AXIS2_PLACEMENT_3D('',#5082,#4127,#4128);
#3325=AXIS2_PLACEMENT_3D('',#5083,#4129,#4130);
#3326=AXIS2_PLACEMENT_3D('',#5087,#4133,#4134);
#3327=AXIS2_PLACEMENT_3D('',#5088,#4135,#4136);
#3328=AXIS2_PLACEMENT_3D('',#5089,#4137,#4138);
#3329=AXIS2_PLACEMENT_3D('',#5091,#4139,#4140);
#3330=AXIS2_PLACEMENT_3D('',#5094,#4142,#4143);
#3331=AXIS2_PLACEMENT_3D('',#5095,#4144,#4145);
#3332=AXIS2_PLACEMENT_3D('',#5101,#4149,#4150);
#3333=AXIS2_PLACEMENT_3D('',#5102,#4151,#4152);
#3334=AXIS2_PLACEMENT_3D('',#5146,#4155,#4156);
#3335=AXIS2_PLACEMENT_3D('',#5147,#4157,#4158);
#3336=AXIS2_PLACEMENT_3D('',#5149,#4160,#4161);
#3337=AXIS2_PLACEMENT_3D('',#5153,#4162,#4163);
#3338=AXIS2_PLACEMENT_3D('',#5154,#4164,#4165);
#3339=AXIS2_PLACEMENT_3D('',#5180,#4167,#4168);
#3340=AXIS2_PLACEMENT_3D('',#5182,#4169,#4170);
#3341=AXIS2_PLACEMENT_3D('',#5250,#4175,#4176);
#3342=AXIS2_PLACEMENT_3D('',#5255,#4179,#4180);
#3343=AXIS2_PLACEMENT_3D('',#5257,#4181,#4182);
#3344=AXIS2_PLACEMENT_3D('',#5282,#4184,#4185);
#3345=AXIS2_PLACEMENT_3D('',#5285,#4188,#4189);
#3346=AXIS2_PLACEMENT_3D('',#5286,#4190,#4191);
#3347=AXIS2_PLACEMENT_3D('',#5287,#4192,#4193);
#3348=AXIS2_PLACEMENT_3D('',#5288,#4194,#4195);
#3349=AXIS2_PLACEMENT_3D('',#5289,#4196,#4197);
#3350=AXIS2_PLACEMENT_3D('',#5348,#4200,#4201);
#3351=AXIS2_PLACEMENT_3D('',#5349,#4202,#4203);
#3352=AXIS2_PLACEMENT_3D('',#5350,#4204,#4205);
#3353=AXIS2_PLACEMENT_3D('',#5352,#4207,#4208);
#3354=AXIS2_PLACEMENT_3D('',#5353,#4209,#4210);
#3355=AXIS2_PLACEMENT_3D('',#5354,#4211,#4212);
#3356=DIRECTION('axis',(0.,0.,1.));
#3357=DIRECTION('refdir',(1.,0.,0.));
#3358=DIRECTION('center_axis',(0.999999999986173,-5.25865637257546E-6,-2.00499682860238E-13));
#3359=DIRECTION('ref_axis',(2.00499682862998E-13,-2.23917408620942E-21,
1.));
#3360=DIRECTION('',(2.00499682862998E-13,-2.23917408620942E-21,1.));
#3361=DIRECTION('',(2.00499682862998E-13,-2.23917408620927E-21,1.));
#3362=DIRECTION('',(-5.25865637257546E-6,-0.999999999986173,0.));
#3363=DIRECTION('',(-2.00499682862998E-13,2.23917408620942E-21,-1.));
#3364=DIRECTION('',(-5.25865637257546E-6,-0.999999999986173,0.));
#3365=DIRECTION('center_axis',(-0.999999999986173,5.25865637257546E-6,2.00499682860238E-13));
#3366=DIRECTION('ref_axis',(-2.00499682862998E-13,2.23917408620942E-21,
-1.));
#3367=DIRECTION('',(-2.00499682862998E-13,2.23917408620927E-21,-1.));
#3368=DIRECTION('',(-2.00499682862998E-13,2.23917408620942E-21,-1.));
#3369=DIRECTION('',(-5.25865637257546E-6,-0.999999999986173,0.));
#3370=DIRECTION('',(2.00499682862998E-13,-2.23917408620942E-21,1.));
#3371=DIRECTION('',(-5.25865637257546E-6,-0.999999999986173,0.));
#3372=DIRECTION('center_axis',(0.707106781171997,-3.71843158095286E-6,0.707106781191321));
#3373=DIRECTION('ref_axis',(-0.707106781181544,3.71843155779349E-6,0.707106781181774));
#3374=DIRECTION('',(-0.707106781181544,3.71843155779349E-6,0.707106781181774));
#3375=DIRECTION('',(0.707106781181544,-3.71843155779349E-6,-0.707106781181774));
#3376=DIRECTION('',(-5.25865637257546E-6,-0.999999999986173,0.));
#3377=DIRECTION('center_axis',(-0.707106781171757,3.7184315809516E-6,0.707106781191562));
#3378=DIRECTION('ref_axis',(-0.707106781181785,3.71843155779326E-6,-0.707106781181533));
#3379=DIRECTION('',(-0.707106781181785,3.71843155779326E-6,-0.707106781181533));
#3380=DIRECTION('',(-5.25865637257546E-6,-0.999999999986173,0.));
#3381=DIRECTION('',(0.707106781181785,-3.71843155779326E-6,0.707106781181533));
#3382=DIRECTION('center_axis',(1.,2.26424273696178E-14,-2.00499682862998E-13));
#3383=DIRECTION('ref_axis',(2.26424273696177E-14,-1.,-4.44089209848015E-16));
#3384=DIRECTION('',(2.26424273696177E-14,-1.,-4.44089209848015E-16));
#3385=DIRECTION('',(2.00499682862998E-13,-2.23917408620942E-21,1.));
#3386=DIRECTION('',(-1.5778529931289E-13,0.707106781191433,-0.707106781181662));
#3387=DIRECTION('',(-2.26424273696177E-14,1.,4.44089209848015E-16));
#3388=DIRECTION('',(8.93665024066879E-14,0.841205080324252,0.540716203600992));
#3389=DIRECTION('',(-2.00499682862999E-13,1.3964372073347E-15,-1.));
#3390=DIRECTION('center_axis',(-1.,-2.26424273696178E-14,2.00499682862998E-13));
#3391=DIRECTION('ref_axis',(-2.368475785867E-14,1.,1.97498761935272E-28));
#3392=DIRECTION('center_axis',(5.25865633975111E-6,0.999999999986173,-1.05211975431942E-18));
#3393=DIRECTION('ref_axis',(-0.999999999986173,5.25865633975111E-6,0.));
#3394=DIRECTION('',(-0.999999999986173,5.25865633975111E-6,2.00819619785428E-13));
#3395=DIRECTION('',(-2.00499682862998E-13,2.23917408620942E-21,-1.));
#3396=DIRECTION('',(-0.577350269187129,3.03608665335903E-6,-0.816496580923846));
#3397=DIRECTION('',(-0.999999999986173,5.25865633975111E-6,2.00819619403354E-13));
#3398=DIRECTION('',(-0.577350269186806,3.03608665335905E-6,0.816496580924075));
#3399=DIRECTION('center_axis',(-1.53548169603474E-14,-1.11022302462516E-16,
1.));
#3400=DIRECTION('ref_axis',(-1.30270476177091E-14,1.,1.23358113847243E-16));
#3401=DIRECTION('',(1.53548169603474E-14,1.11022302462516E-16,-1.));
#3402=DIRECTION('center_axis',(-1.0266294767139E-14,1.75811087910205E-10,
1.));
#3403=DIRECTION('ref_axis',(-1.,-2.42896434201077E-14,-6.16794168885247E-14));
#3404=DIRECTION('',(-1.53548169603474E-14,-1.11022302462516E-16,1.));
#3405=DIRECTION('center_axis',(2.00819617452892E-13,-4.44089209857802E-16,
1.));
#3406=DIRECTION('ref_axis',(-1.,-5.52644350035647E-14,2.00819617452892E-13));
#3407=DIRECTION('center_axis',(-0.707106781186405,-1.63246324273127E-14,
0.70710678118669));
#3408=DIRECTION('ref_axis',(-0.70710678118669,-3.84973303661029E-14,-0.707106781186405));
#3409=DIRECTION('center_axis',(-6.16794168927951E-14,1.75811365465961E-10,
1.));
#3410=DIRECTION('ref_axis',(-1.,-2.42896434201077E-14,-6.16794168885247E-14));
#3411=DIRECTION('',(6.16794168927951E-14,-1.75811365465961E-10,-1.));
#3412=DIRECTION('center_axis',(5.29709290654225E-14,-1.75812586711288E-10,
-1.));
#3413=DIRECTION('ref_axis',(-1.,-1.97372982155587E-14,-5.29709290619524E-14));
#3414=DIRECTION('',(-6.16794168927951E-14,1.75811365465961E-10,1.));
#3415=DIRECTION('center_axis',(5.29709290654225E-14,-1.75812586711288E-10,
-1.));
#3416=DIRECTION('ref_axis',(1.,1.41748444060894E-30,5.29709290654225E-14));
#3417=DIRECTION('',(0.999999999986173,-5.25865633968554E-6,5.38954670383959E-14));
#3418=DIRECTION('',(-5.16758353373182E-14,-1.,1.75812586711288E-10));
#3419=DIRECTION('center_axis',(-5.29709290654225E-14,1.75812586711288E-10,
1.));
#3420=DIRECTION('ref_axis',(-1.,3.75248735794926E-29,-5.29709290654225E-14));
#3421=DIRECTION('',(-1.,6.79195262123624E-15,-5.29709290666166E-14));
#3422=DIRECTION('center_axis',(-5.29709290654225E-14,1.75812586711288E-10,
1.));
#3423=DIRECTION('ref_axis',(-1.,1.42108547152012E-14,-5.29709290679209E-14));
#3424=DIRECTION('',(3.03025578392795E-14,-1.,1.75812586711288E-10));
#3425=DIRECTION('',(1.,6.04885559906196E-16,5.29709290653161E-14));
#3426=DIRECTION('',(-3.67524237226978E-14,1.,-1.75812586711288E-10));
#3427=DIRECTION('center_axis',(1.,3.32493197195261E-15,6.27243326800931E-14));
#3428=DIRECTION('ref_axis',(3.32493196092486E-15,-1.,1.75812975289347E-10));
#3429=DIRECTION('',(-6.27243326800931E-14,-1.10996907657296E-15,1.));
#3430=DIRECTION('',(-3.32493196092492E-15,1.,-1.75812087110927E-10));
#3431=DIRECTION('',(1.48029736616687E-14,9.86864910777917E-16,-1.));
#3432=DIRECTION('center_axis',(-1.49466025647337E-14,-8.88178419700111E-16,
1.));
#3433=DIRECTION('ref_axis',(-1.,-9.60890376268669E-45,-1.49466025647337E-14));
#3434=DIRECTION('center_axis',(1.24811720707227E-14,-1.75811365465961E-10,
-1.));
#3435=DIRECTION('ref_axis',(-1.,-2.09219669034274E-14,-1.24811720670444E-14));
#3436=DIRECTION('center_axis',(-1.49466025647337E-14,-8.88178419700111E-16,
1.));
#3437=DIRECTION('ref_axis',(-1.,-9.60890376268669E-45,-1.49466025647337E-14));
#3438=DIRECTION('center_axis',(1.24811720707227E-14,-1.75811365465961E-10,
-1.));
#3439=DIRECTION('ref_axis',(-1.,-2.09219669034274E-14,-1.24811720670444E-14));
#3440=DIRECTION('center_axis',(-1.49466025647337E-14,-8.88178419700111E-16,
1.));
#3441=DIRECTION('ref_axis',(-1.,-9.60890376268669E-45,-1.49466025647337E-14));
#3442=DIRECTION('center_axis',(1.24811720707227E-14,-1.75811365465961E-10,
-1.));
#3443=DIRECTION('ref_axis',(-1.,-2.09219669034274E-14,-1.24811720670444E-14));
#3444=DIRECTION('center_axis',(-1.49466025647337E-14,-8.88178419700111E-16,
1.));
#3445=DIRECTION('ref_axis',(-1.,-9.60890376268669E-45,-1.49466025647337E-14));
#3446=DIRECTION('center_axis',(1.24811720707227E-14,-1.75811365465961E-10,
-1.));
#3447=DIRECTION('ref_axis',(-1.,-2.09219669034274E-14,-1.24811720670444E-14));
#3448=DIRECTION('center_axis',(-1.49466025647337E-14,-8.88178419700125E-16,
1.));
#3449=DIRECTION('ref_axis',(-1.,-2.09219669038609E-14,-1.49466025647337E-14));
#3450=DIRECTION('',(-0.642787610593649,-0.766044442357823,-1.02878750913115E-14));
#3451=DIRECTION('',(0.642787609686552,-0.766044443118968,8.92710679261062E-15));
#3452=DIRECTION('',(1.,4.15601623698781E-15,1.49466025647338E-14));
#3453=DIRECTION('',(-1.3275249845831E-29,1.,8.88178419700122E-16));
#3454=DIRECTION('center_axis',(-1.49466025647337E-14,-8.88178419700124E-16,
1.));
#3455=DIRECTION('ref_axis',(1.,-1.1842378929335E-14,1.49466025647337E-14));
#3456=DIRECTION('',(-1.,-3.23732823621401E-14,-6.853281975486E-15));
#3457=DIRECTION('',(5.32907051904356E-14,-1.,-4.4408920985417E-16));
#3458=DIRECTION('',(-1.,-4.25994733154744E-43,-1.49466025647337E-14));
#3459=DIRECTION('center_axis',(-1.49466025647337E-14,-8.88178419700125E-16,
1.));
#3460=DIRECTION('ref_axis',(-1.,-2.09219669038609E-14,-1.49466025647337E-14));
#3461=DIRECTION('',(-0.64623246481767,0.763140617065871,-8.98117478878345E-15));
#3462=DIRECTION('',(1.89964070956351E-14,1.,8.88178419700409E-16));
#3463=DIRECTION('',(-0.00161156056450826,0.99999870143543,8.64089911076395E-16));
#3464=DIRECTION('',(-1.,5.87266311569848E-29,-8.10669111135641E-14));
#3465=DIRECTION('center_axis',(-1.49466025647337E-14,-8.88178419700125E-16,
1.));
#3466=DIRECTION('ref_axis',(1.1842378929335E-14,1.,8.88178419700302E-16));
#3467=DIRECTION('',(3.48583695684881E-14,-1.,-8.88178419699604E-16));
#3468=DIRECTION('',(0.99999870143543,0.0016115605645098,9.18363460234975E-15));
#3469=DIRECTION('',(-0.64065573960925,-0.767828251177126,-1.02575952034866E-14));
#3470=DIRECTION('center_axis',(1.48029736616687E-14,9.86864910777917E-16,
-1.));
#3471=DIRECTION('ref_axis',(-1.,-1.41742324608371E-31,-1.48029736616687E-14));
#3472=DIRECTION('center_axis',(-2.00819617452892E-13,4.44089209843468E-16,
-1.));
#3473=DIRECTION('ref_axis',(-1.,-1.79093104944409E-32,-1.49213974509621E-14));
#3474=DIRECTION('',(1.48029736616687E-14,9.86864910777917E-16,-1.));
#3475=DIRECTION('center_axis',(-6.28353549831402E-14,1.75812087110927E-10,
1.));
#3476=DIRECTION('ref_axis',(-1.,4.72597293826564E-29,-6.28353549831402E-14));
#3477=DIRECTION('center_axis',(-3.70283844732367E-14,-0.707106781062396,
0.707106781310699));
#3478=DIRECTION('ref_axis',(-1.0467283056054E-14,0.707106781310699,0.707106781062396));
#3479=DIRECTION('',(1.48029736616687E-14,9.86864910777917E-16,-1.));
#3480=DIRECTION('center_axis',(-6.28353549831402E-14,1.75812087110927E-10,
1.));
#3481=DIRECTION('ref_axis',(-1.,4.72597293826564E-29,-6.28353549831402E-14));
#3482=DIRECTION('',(-1.48029736616687E-14,-9.86864910777917E-16,1.));
#3483=DIRECTION('center_axis',(-6.28353549831402E-14,1.75812087110927E-10,
1.));
#3484=DIRECTION('ref_axis',(-1.,4.72597293826564E-29,-6.28353549831402E-14));
#3485=DIRECTION('',(1.48029736616687E-14,9.86864910777917E-16,-1.));
#3486=DIRECTION('center_axis',(-6.28353549831402E-14,1.75812087110927E-10,
1.));
#3487=DIRECTION('ref_axis',(-1.,4.72597293826564E-29,-6.28353549831402E-14));
#3488=DIRECTION('',(4.39861480572289E-10,1.75811957584907E-10,1.));
#3489=DIRECTION('center_axis',(-5.29709290654225E-14,1.75812586711288E-10,
1.));
#3490=DIRECTION('ref_axis',(-1.,3.75248735794926E-29,-5.29709290654225E-14));
#3491=DIRECTION('',(1.48029736616687E-14,9.86864910777917E-16,-1.));
#3492=DIRECTION('center_axis',(-6.28353549831402E-14,1.75812087110927E-10,
1.));
#3493=DIRECTION('ref_axis',(-1.,4.72597293826564E-29,-6.28353549831402E-14));
#3494=DIRECTION('',(-1.48029736616687E-14,-9.86864910777917E-16,1.));
#3495=DIRECTION('center_axis',(-5.29709290654225E-14,1.75812586711288E-10,
1.));
#3496=DIRECTION('ref_axis',(-1.,3.75248735794926E-29,-5.29709290654225E-14));
#3497=DIRECTION('',(4.3988516533015E-10,-1.75811957584908E-10,-1.));
#3498=DIRECTION('center_axis',(-6.28353549831402E-14,1.75812087110927E-10,
1.));
#3499=DIRECTION('ref_axis',(-1.,4.72597293826564E-29,-6.28353549831402E-14));
#3500=DIRECTION('',(-1.48029736616687E-14,-9.86864910777917E-16,1.));
#3501=DIRECTION('center_axis',(-6.28353549831402E-14,1.75812087110927E-10,
1.));
#3502=DIRECTION('ref_axis',(-1.,4.72597293826564E-29,-6.28353549831402E-14));
#3503=DIRECTION('',(1.48029736616687E-14,9.86864910777917E-16,-1.));
#3504=DIRECTION('center_axis',(-6.28353549831402E-14,1.75812087110927E-10,
1.));
#3505=DIRECTION('ref_axis',(-1.,4.72597293826564E-29,-6.28353549831402E-14));
#3506=DIRECTION('',(-1.48029736616687E-14,-9.86864910777917E-16,1.));
#3507=DIRECTION('center_axis',(-3.7028384473234E-14,-0.707106781062446,
0.707106781310649));
#3508=DIRECTION('ref_axis',(-1.04672830560548E-14,0.707106781310649,0.707106781062446));
#3509=DIRECTION('center_axis',(-6.28353549831402E-14,1.75812087110927E-10,
1.));
#3510=DIRECTION('ref_axis',(-1.,4.72597293826564E-29,-6.28353549831402E-14));
#3511=DIRECTION('center_axis',(-3.78838218225895E-14,0.707106781310648,
0.707106781062448));
#3512=DIRECTION('ref_axis',(1.04672830597289E-14,0.707106781062448,-0.707106781310648));
#3513=DIRECTION('',(1.48029736616687E-14,9.86864910777917E-16,-1.));
#3514=DIRECTION('center_axis',(-6.28353549831402E-14,1.75812087110927E-10,
1.));
#3515=DIRECTION('ref_axis',(-1.,4.72597293826564E-29,-6.28353549831402E-14));
#3516=DIRECTION('',(-1.48029736616687E-14,-9.86864910777917E-16,1.));
#3517=DIRECTION('center_axis',(-6.28353549831402E-14,1.75812087110927E-10,
1.));
#3518=DIRECTION('ref_axis',(-1.,4.72597293826564E-29,-6.28353549831402E-14));
#3519=DIRECTION('',(1.48029736616687E-14,9.86864910777917E-16,-1.));
#3520=DIRECTION('center_axis',(-6.28353549831402E-14,1.75812087110927E-10,
1.));
#3521=DIRECTION('ref_axis',(-1.,4.72597293826564E-29,-6.28353549831402E-14));
#3522=DIRECTION('',(4.39831874624849E-10,1.7581195758486E-10,1.));
#3523=DIRECTION('center_axis',(-6.28353549831402E-14,1.75812087110927E-10,
1.));
#3524=DIRECTION('ref_axis',(-1.,4.72597293826564E-29,-6.28353549831402E-14));
#3525=DIRECTION('',(-1.48029736616687E-14,-9.86864910777917E-16,1.));
#3526=DIRECTION('',(-1.48029736616687E-14,-9.86864910777917E-16,1.));
#3527=DIRECTION('center_axis',(-5.29709290654225E-14,1.75812586711288E-10,
1.));
#3528=DIRECTION('ref_axis',(-1.,3.75248735794926E-29,-5.29709290654225E-14));
#3529=DIRECTION('',(4.39837795814472E-10,-1.75806036395459E-10,-1.));
#3530=DIRECTION('center_axis',(-6.28353549831402E-14,1.75812087110927E-10,
1.));
#3531=DIRECTION('ref_axis',(-1.,4.72597293826564E-29,-6.28353549831402E-14));
#3532=DIRECTION('',(-1.48029736616687E-14,-9.86864910777917E-16,1.));
#3533=DIRECTION('center_axis',(-6.28353549831402E-14,1.75812087110927E-10,
1.));
#3534=DIRECTION('ref_axis',(-1.,4.72597293826564E-29,-6.28353549831402E-14));
#3535=DIRECTION('',(1.48029736616687E-14,9.86864910777917E-16,-1.));
#3536=DIRECTION('center_axis',(-6.28353549831402E-14,1.75812087110927E-10,
1.));
#3537=DIRECTION('ref_axis',(-1.,4.72597293826564E-29,-6.28353549831402E-14));
#3538=DIRECTION('',(-1.48029736616687E-14,-9.86864910777917E-16,1.));
#3539=DIRECTION('center_axis',(-2.35258092756419E-14,0.707106781310864,
0.707106781062231));
#3540=DIRECTION('ref_axis',(1.04672830597321E-14,0.707106781062231,-0.707106781310864));
#3541=DIRECTION('center_axis',(-6.28353549831402E-14,1.75812087110927E-10,
1.));
#3542=DIRECTION('ref_axis',(-1.,4.72597293826564E-29,-6.28353549831402E-14));
#3543=DIRECTION('center_axis',(3.7028384473234E-14,0.707106781062446,-0.707106781310649));
#3544=DIRECTION('ref_axis',(-1.,0.,-5.23660435056223E-14));
#3545=DIRECTION('',(4.54156019306781E-14,-0.707106781310649,-0.707106781062446));
#3546=DIRECTION('',(-1.,-6.04885559906196E-16,-5.29709290653162E-14));
#3547=DIRECTION('',(-3.01814456613733E-14,0.707106781310649,0.707106781062446));
#3548=DIRECTION('',(1.,6.04885561640519E-16,6.28353549830338E-14));
#3549=DIRECTION('center_axis',(1.,1.50302752403399E-15,6.27243326804134E-14));
#3550=DIRECTION('ref_axis',(1.50302751300625E-15,-1.,1.75812919778195E-10));
#3551=DIRECTION('',(1.49519948848527E-14,-1.,1.75812087110927E-10));
#3552=DIRECTION('',(-6.27243326806776E-14,1.75810976887902E-10,1.));
#3553=DIRECTION('',(-3.03025578392795E-14,1.,-1.75812087110927E-10));
#3554=DIRECTION('',(3.55271367880045E-14,-1.75823799963834E-10,-1.));
#3555=DIRECTION('',(3.03025578392795E-14,-1.,1.75812586711288E-10));
#3556=DIRECTION('center_axis',(-6.28353549831402E-14,1.75812087110927E-10,
1.));
#3557=DIRECTION('ref_axis',(-1.58513988441993E-14,1.,-1.75812050103493E-10));
#3558=DIRECTION('center_axis',(6.28353549831402E-14,-1.75812087110927E-10,
-1.));
#3559=DIRECTION('ref_axis',(-1.58513988441993E-14,1.,-1.75812050103493E-10));
#3560=DIRECTION('',(-6.27798438319089E-14,1.75812142622078E-10,1.));
#3561=DIRECTION('center_axis',(6.28353549831402E-14,-1.75812087110927E-10,
-1.));
#3562=DIRECTION('ref_axis',(1.,9.24612143662003E-15,6.27243326790521E-14));
#3563=DIRECTION('center_axis',(6.28353549831402E-14,-1.75812087110927E-10,
-1.));
#3564=DIRECTION('ref_axis',(-1.,-1.58155417024583E-14,-6.29169757628277E-14));
#3565=DIRECTION('center_axis',(-6.28353549831402E-14,1.75813086311649E-10,
1.));
#3566=DIRECTION('ref_axis',(1.62221851305576E-14,-1.,1.75812975289347E-10));
#3567=DIRECTION('',(-1.61478142898409E-14,1.,-1.75813086311649E-10));
#3568=DIRECTION('',(-1.,6.26949472556058E-15,-6.28353549842424E-14));
#3569=DIRECTION('center_axis',(6.28353549831402E-14,-1.75812087110927E-10,
-1.));
#3570=DIRECTION('ref_axis',(-9.31335301676469E-24,-1.,1.75823799963834E-10));
#3571=DIRECTION('',(1.,1.59264972600971E-14,6.29329619167178E-14));
#3572=DIRECTION('center_axis',(-6.28353549831402E-14,1.75813086311649E-10,
1.));
#3573=DIRECTION('ref_axis',(1.62221851305576E-14,-1.,1.75812975289347E-10));
#3574=DIRECTION('center_axis',(6.28353549831402E-14,-1.75813086311649E-10,
-1.));
#3575=DIRECTION('ref_axis',(1.62221851305576E-14,-1.,1.75812975289347E-10));
#3576=DIRECTION('center_axis',(6.28353549831402E-14,-1.75813086311649E-10,
-1.));
#3577=DIRECTION('ref_axis',(1.62221851305576E-14,-1.,1.75812975289347E-10));
#3578=DIRECTION('center_axis',(6.28353549831402E-14,-1.75812087110927E-10,
-1.));
#3579=DIRECTION('ref_axis',(-1.516731089026E-14,1.,-1.75810847361882E-10));
#3580=DIRECTION('',(-6.27798438319089E-14,1.758131418228E-10,1.));
#3581=DIRECTION('center_axis',(6.28353549831402E-14,-1.75813086311649E-10,
-1.));
#3582=DIRECTION('ref_axis',(1.62221851305576E-14,-1.,1.75812975289347E-10));
#3583=DIRECTION('',(6.27798438319089E-14,-1.758131418228E-10,-1.));
#3584=DIRECTION('center_axis',(6.28353549831402E-14,-1.75812087110927E-10,
-1.));
#3585=DIRECTION('ref_axis',(-1.516731089026E-14,1.,-1.75810847361882E-10));
#3586=DIRECTION('center_axis',(2.5623105421893E-14,1.,-1.7581403000122E-10));
#3587=DIRECTION('ref_axis',(1.,-2.56231054109024E-14,6.25126523648579E-14));
#3588=DIRECTION('',(1.,-6.26949472729498E-15,5.29709290665247E-14));
#3589=DIRECTION('',(3.55271367880045E-14,-1.75823799963834E-10,-1.));
#3590=DIRECTION('',(-6.27243326806776E-14,1.75810976887902E-10,1.));
#3591=DIRECTION('',(1.,1.70773720189424E-14,6.28353549801378E-14));
#3592=DIRECTION('center_axis',(5.29709290654225E-14,-1.75812586711288E-10,
-1.));
#3593=DIRECTION('ref_axis',(1.,1.41748444111986E-30,5.29709290654225E-14));
#3594=DIRECTION('',(1.29193541009382E-14,-1.,1.75812586711288E-10));
#3595=DIRECTION('',(1.,0.,0.));
#3596=DIRECTION('',(9.31295464200764E-24,1.,-1.75812586711288E-10));
#3597=DIRECTION('',(1.22508079199831E-14,1.,-1.75812586711288E-10));
#3598=DIRECTION('center_axis',(-5.29709290654225E-14,1.75812586711288E-10,
1.));
#3599=DIRECTION('ref_axis',(-9.31295464200764E-24,-1.,1.75812586711288E-10));
#3600=DIRECTION('center_axis',(-1.,-1.39438044255094E-15,-6.27243326804326E-14));
#3601=DIRECTION('ref_axis',(1.39438043152323E-15,-1.,1.75812253644381E-10));
#3602=DIRECTION('',(1.39438043152324E-15,-1.,1.75812087110927E-10));
#3603=DIRECTION('',(6.27243326806777E-14,-1.75811365465961E-10,-1.));
#3604=DIRECTION('',(-3.5527136785733E-14,0.,1.));
#3605=DIRECTION('center_axis',(1.,1.39438044255094E-15,6.27243326804326E-14));
#3606=DIRECTION('ref_axis',(-1.39438043152323E-15,1.,-1.75812253644381E-10));
#3607=DIRECTION('',(9.31295464200764E-24,1.,-1.75812586711288E-10));
#3608=DIRECTION('',(3.55271367880045E-14,0.,-1.));
#3609=DIRECTION('',(-6.27243326806777E-14,1.75811365465961E-10,1.));
#3610=DIRECTION('',(-1.39438043152324E-15,1.,-1.75812087110927E-10));
#3611=DIRECTION('center_axis',(5.29709290654225E-14,-1.75812586711288E-10,
-1.));
#3612=DIRECTION('ref_axis',(1.,1.41748443906901E-30,5.29709290654225E-14));
#3613=DIRECTION('',(1.,-6.26949472729498E-15,5.29709290665247E-14));
#3614=DIRECTION('center_axis',(-5.29709290654225E-14,1.75812586711288E-10,
1.));
#3615=DIRECTION('ref_axis',(1.,1.41748443906901E-30,5.29709290654225E-14));
#3616=DIRECTION('',(-3.03025578392795E-14,1.,-1.75812586711288E-10));
#3617=DIRECTION('',(-1.,-6.04885559906196E-16,-5.29709290653161E-14));
#3618=DIRECTION('',(2.94015977596137E-14,-1.,1.75812586711288E-10));
#3619=DIRECTION('',(1.,0.,0.));
#3620=DIRECTION('center_axis',(2.5623105421893E-14,1.,-1.7581403000122E-10));
#3621=DIRECTION('ref_axis',(1.,-2.56231054109024E-14,6.25126523648579E-14));
#3622=DIRECTION('',(1.,1.70773720189424E-14,6.28353549801378E-14));
#3623=DIRECTION('',(-6.27798438319089E-14,1.75812864267044E-10,1.));
#3624=DIRECTION('',(-1.,6.26949472556076E-15,-6.28353549842424E-14));
#3625=DIRECTION('',(3.55271367880045E-14,-1.7580603639544E-10,-1.));
#3626=DIRECTION('center_axis',(6.28353549831402E-14,-1.75812087110927E-10,
-1.));
#3627=DIRECTION('ref_axis',(-1.,-1.58155417024583E-14,-6.29169757628277E-14));
#3628=DIRECTION('center_axis',(-6.28353549831402E-14,1.75813086311649E-10,
1.));
#3629=DIRECTION('ref_axis',(-1.,-1.62332022464432E-14,-6.28643262242839E-14));
#3630=DIRECTION('',(-1.,-1.6153986188412E-14,-6.28720064420459E-14));
#3631=DIRECTION('',(3.03025578392795E-14,-1.,1.75812087110927E-10));
#3632=DIRECTION('center_axis',(6.28353549831402E-14,-1.75812087110927E-10,
-1.));
#3633=DIRECTION('ref_axis',(1.,-3.06672256251381E-24,3.55271367880045E-14));
#3634=DIRECTION('',(1.61478142898409E-14,-1.,1.75813086311649E-10));
#3635=DIRECTION('center_axis',(-6.28353549831402E-14,1.75813086311649E-10,
1.));
#3636=DIRECTION('ref_axis',(-1.,-1.62332022464432E-14,-6.28643262242839E-14));
#3637=DIRECTION('center_axis',(6.28353549831402E-14,-1.75813086311649E-10,
-1.));
#3638=DIRECTION('ref_axis',(1.62221851305576E-14,-1.,1.75812975289347E-10));
#3639=DIRECTION('center_axis',(6.28353549831402E-14,-1.75812087110927E-10,
-1.));
#3640=DIRECTION('ref_axis',(-1.,-1.58602516026265E-14,-6.2862665590457E-14));
#3641=DIRECTION('center_axis',(6.28353549831402E-14,-1.75812087110927E-10,
-1.));
#3642=DIRECTION('ref_axis',(-1.,-1.58602516026265E-14,-6.2862665590457E-14));
#3643=DIRECTION('',(-6.27243326806776E-14,1.75810976887902E-10,1.));
#3644=DIRECTION('center_axis',(6.28353549831402E-14,-1.75812087110927E-10,
-1.));
#3645=DIRECTION('ref_axis',(9.15188109519707E-13,-1.,1.75810939880466E-10));
#3646=DIRECTION('center_axis',(-6.28353549831402E-14,1.75813086311649E-10,
1.));
#3647=DIRECTION('ref_axis',(-1.,-1.62332022464432E-14,-6.28643262242839E-14));
#3648=DIRECTION('center_axis',(6.28353549831402E-14,-1.75812087110927E-10,
-1.));
#3649=DIRECTION('ref_axis',(-1.,-1.51673109012876E-14,-6.27243326780111E-14));
#3650=DIRECTION('',(6.27798438319089E-14,-1.758131418228E-10,-1.));
#3651=DIRECTION('center_axis',(-6.28353549831402E-14,1.75813086311649E-10,
1.));
#3652=DIRECTION('ref_axis',(-1.,-1.62332022464432E-14,-6.28643262242839E-14));
#3653=DIRECTION('',(6.27798438319089E-14,-1.758131418228E-10,-1.));
#3654=DIRECTION('center_axis',(6.28353549831402E-14,-1.75812087110927E-10,
-1.));
#3655=DIRECTION('ref_axis',(-1.,-1.51673109012876E-14,-6.27243326780111E-14));
#3656=DIRECTION('center_axis',(-1.,-5.9207530007468E-16,-6.27243326805736E-14));
#3657=DIRECTION('ref_axis',(-5.92075289046937E-16,1.,-1.75812919778195E-10));
#3658=DIRECTION('',(-4.47714614357766E-14,0.707106781310699,0.707106781062396));
#3659=DIRECTION('',(3.55271367880045E-14,-1.7580603639544E-10,-1.));
#3660=DIRECTION('',(5.60335806371336E-15,-1.758131418228E-10,-1.));
#3661=DIRECTION('',(-1.49519948848526E-14,1.,-1.75812087110927E-10));
#3662=DIRECTION('center_axis',(3.70283844732367E-14,0.707106781062396,-0.707106781310699));
#3663=DIRECTION('ref_axis',(-1.,0.,-5.23660435056224E-14));
#3664=DIRECTION('',(1.,6.04885561640519E-16,6.28353549830338E-14));
#3665=DIRECTION('',(3.76822190209863E-14,-0.707106781310699,-0.707106781062396));
#3666=DIRECTION('center_axis',(6.28353549831402E-14,-1.75812087110927E-10,
-1.));
#3667=DIRECTION('ref_axis',(1.51691990385286E-14,-1.,1.75812073233139E-10));
#3668=DIRECTION('',(1.,-1.64621532844083E-13,6.28353550120826E-14));
#3669=DIRECTION('center_axis',(6.28353549831402E-14,-1.75812087110927E-10,
-1.));
#3670=DIRECTION('ref_axis',(1.51691990385286E-14,-1.,1.75812073233139E-10));
#3671=DIRECTION('',(1.6243890792927E-14,-1.,1.75812087110927E-10));
#3672=DIRECTION('center_axis',(6.28353549831402E-14,-1.75812087110927E-10,
-1.));
#3673=DIRECTION('ref_axis',(1.51691990385286E-14,-1.,1.75812073233139E-10));
#3674=DIRECTION('',(-1.,-2.27340036833775E-14,-6.28353549791433E-14));
#3675=DIRECTION('center_axis',(6.28353549831402E-14,-1.75812087110927E-10,
-1.));
#3676=DIRECTION('ref_axis',(1.51691990385286E-14,-1.,1.75812073233139E-10));
#3677=DIRECTION('',(2.03378409351105E-13,1.,-1.75812087110927E-10));
#3678=DIRECTION('center_axis',(6.28353549831402E-14,-1.75812087110927E-10,
-1.));
#3679=DIRECTION('ref_axis',(1.51691990385286E-14,-1.,1.75812073233139E-10));
#3680=DIRECTION('',(1.,1.62438908039877E-14,6.28353549802843E-14));
#3681=DIRECTION('center_axis',(6.28353549831402E-14,-1.75812087110927E-10,
-1.));
#3682=DIRECTION('ref_axis',(1.51691990385286E-14,-1.,1.75812073233139E-10));
#3683=DIRECTION('',(-1.,-6.04885561640519E-16,-6.28353549830338E-14));
#3684=DIRECTION('',(1.04056456206632E-14,-1.,1.75812087110927E-10));
#3685=DIRECTION('center_axis',(6.28353549831402E-14,-1.75812087110927E-10,
-1.));
#3686=DIRECTION('ref_axis',(1.51691990385286E-14,-1.,1.75812073233139E-10));
#3687=DIRECTION('',(-1.,-1.62438908039877E-14,-6.28353549802843E-14));
#3688=DIRECTION('',(-1.49519948848526E-14,1.,-1.75812087110927E-10));
#3689=DIRECTION('center_axis',(6.28353549831402E-14,-1.75812087110927E-10,
-1.));
#3690=DIRECTION('ref_axis',(1.51691990385286E-14,-1.,1.75812073233139E-10));
#3691=DIRECTION('',(-1.,-1.77156709240752E-14,-6.28353549800255E-14));
#3692=DIRECTION('',(-1.62438907929269E-14,1.,-1.75812087110927E-10));
#3693=DIRECTION('center_axis',(6.28353549831402E-14,-1.75812087110927E-10,
-1.));
#3694=DIRECTION('ref_axis',(9.15188109519707E-13,-1.,1.75810939880466E-10));
#3695=DIRECTION('center_axis',(6.28353549831402E-14,-1.75812087110927E-10,
-1.));
#3696=DIRECTION('ref_axis',(1.51691990385286E-14,-1.,1.75812073233139E-10));
#3697=DIRECTION('',(0.999999999986173,-5.25865633968554E-6,6.37598903287506E-14));
#3698=DIRECTION('',(3.32493196092492E-15,-1.,1.75812087110927E-10));
#3699=DIRECTION('center_axis',(6.28353549831402E-14,-1.75812087110927E-10,
-1.));
#3700=DIRECTION('ref_axis',(1.51691990385286E-14,-1.,1.75812073233139E-10));
#3701=DIRECTION('',(1.32514520280943E-13,-1.,1.75812087110927E-10));
#3702=DIRECTION('',(-1.,-1.77156709240752E-14,-6.28353549800255E-14));
#3703=DIRECTION('center_axis',(6.28353549831402E-14,-1.75812087110927E-10,
-1.));
#3704=DIRECTION('ref_axis',(1.51691990385286E-14,-1.,1.75812073233139E-10));
#3705=DIRECTION('',(1.49519948848527E-14,-1.,1.75812087110927E-10));
#3706=DIRECTION('',(-1.,1.38783615180074E-13,-6.283535500754E-14));
#3707=DIRECTION('center_axis',(6.28353549831402E-14,-1.75812087110927E-10,
-1.));
#3708=DIRECTION('ref_axis',(1.,9.24612143662003E-15,6.27243326790521E-14));
#3709=DIRECTION('center_axis',(6.28353549831402E-14,-1.75812087110927E-10,
-1.));
#3710=DIRECTION('ref_axis',(1.51691990385286E-14,-1.,1.75812073233139E-10));
#3711=DIRECTION('',(1.89964071064791E-14,1.,-1.75812087110927E-10));
#3712=DIRECTION('',(-1.,-6.04885561640519E-16,-6.28353549830338E-14));
#3713=DIRECTION('center_axis',(5.29709290654225E-14,-1.75812586711288E-10,
-1.));
#3714=DIRECTION('ref_axis',(1.,1.41748443906901E-30,5.29709290654225E-14));
#3715=DIRECTION('',(0.999999999986173,-5.25865633968554E-6,5.38954670383959E-14));
#3716=DIRECTION('center_axis',(5.29709290654225E-14,-1.75812586711288E-10,
-1.));
#3717=DIRECTION('ref_axis',(-1.57898385631336E-14,1.,-1.75812586711288E-10));
#3718=DIRECTION('',(1.96015201308269E-14,-1.,1.75812586711288E-10));
#3719=DIRECTION('',(1.,-1.97004105126942E-14,5.29709290688861E-14));
#3720=DIRECTION('',(-3.03025578392795E-14,1.,-1.75812586711288E-10));
#3721=DIRECTION('center_axis',(-5.29709290654225E-14,1.75812586711288E-10,
1.));
#3722=DIRECTION('ref_axis',(9.31295464200764E-24,1.,-1.75812586711288E-10));
#3723=DIRECTION('',(-1.,6.79195262123624E-15,-5.29709290666166E-14));
#3724=DIRECTION('',(-1.27486482941878E-6,0.999999999999187,-1.75812586778676E-10));
#3725=DIRECTION('center_axis',(-0.999999999999187,-1.27486482941879E-6,
-3.53030078553756E-14));
#3726=DIRECTION('ref_axis',(-1.27486482941878E-6,0.999999999999187,-1.75812586778676E-10));
#3727=DIRECTION('',(3.53030064401599E-14,1.11011327590404E-15,-1.));
#3728=DIRECTION('',(-1.27486482941878E-6,0.999999999999187,-1.75812586778676E-10));
#3729=DIRECTION('center_axis',(3.55271367880045E-14,-1.7580603639544E-10,
-1.));
#3730=DIRECTION('ref_axis',(-1.57898385631338E-14,1.,-1.7580603639544E-10));
#3731=DIRECTION('',(-3.55271367880045E-14,1.7580603639544E-10,1.));
#3732=DIRECTION('center_axis',(-1.0266294767139E-14,1.75811087910205E-10,
1.));
#3733=DIRECTION('ref_axis',(-1.639472412304E-14,1.,-1.75811279115281E-10));
#3734=DIRECTION('',(3.55271367880045E-14,-1.7580603639544E-10,-1.));
#3735=DIRECTION('center_axis',(-1.,-3.03025578455256E-14,-3.55271367826771E-14));
#3736=DIRECTION('ref_axis',(-3.03025578392795E-14,1.,-1.75812586711288E-10));
#3737=DIRECTION('',(5.60335806371334E-15,-1.75812087110927E-10,-1.));
#3738=DIRECTION('',(3.03025578392795E-14,-1.,1.75812586711288E-10));
#3739=DIRECTION('',(3.55271367880045E-14,-1.7580603639544E-10,-1.));
#3740=DIRECTION('',(3.69433520348796E-15,0.707106781062231,-0.707106781310864));
#3741=DIRECTION('center_axis',(3.55271367880045E-14,-1.7580603639544E-10,
-1.));
#3742=DIRECTION('ref_axis',(9.31272192804051E-24,1.,-1.7580603639544E-10));
#3743=DIRECTION('center_axis',(5.29709290654225E-14,-1.75812586711288E-10,
-1.));
#3744=DIRECTION('ref_axis',(9.31295464200764E-24,1.,-1.75812586711288E-10));
#3745=DIRECTION('',(3.55271367880045E-14,-1.7580603639544E-10,-1.));
#3746=DIRECTION('center_axis',(-6.79195263054885E-15,-1.,1.7580603639544E-10));
#3747=DIRECTION('ref_axis',(-1.,6.79195262123624E-15,-5.29709290666166E-14));
#3748=DIRECTION('',(1.,-6.79195262123624E-15,5.29709290666166E-14));
#3749=DIRECTION('',(-6.27243326806776E-14,1.75810976887902E-10,1.));
#3750=DIRECTION('center_axis',(-6.28353549831402E-14,1.75812087110927E-10,
1.));
#3751=DIRECTION('ref_axis',(-1.58513988441993E-14,1.,-1.75812142622078E-10));
#3752=DIRECTION('center_axis',(-6.28353549831402E-14,1.75812087110927E-10,
1.));
#3753=DIRECTION('ref_axis',(-1.58513988441993E-14,1.,-1.75812142622078E-10));
#3754=DIRECTION('',(-6.28353549831402E-14,1.75812087110927E-10,1.));
#3755=DIRECTION('center_axis',(1.0266294767139E-14,-1.75811087910205E-10,
-1.));
#3756=DIRECTION('ref_axis',(-1.51478526716789E-14,1.,-1.7581110178799E-10));
#3757=DIRECTION('center_axis',(1.0266294767139E-14,-1.75811087910205E-10,
-1.));
#3758=DIRECTION('ref_axis',(-1.51478526716789E-14,1.,-1.7581110178799E-10));
#3759=DIRECTION('center_axis',(6.28353549831402E-14,-1.75812087110927E-10,
-1.));
#3760=DIRECTION('ref_axis',(-1.,-1.58602516026265E-14,-6.2862665590457E-14));
#3761=DIRECTION('',(-6.27243326806776E-14,1.75810976887902E-10,1.));
#3762=DIRECTION('center_axis',(6.28353549831402E-14,-1.75812087110927E-10,
-1.));
#3763=DIRECTION('ref_axis',(-1.,-1.58602516026265E-14,-6.2862665590457E-14));
#3764=DIRECTION('center_axis',(1.,1.59264972600971E-14,6.29329619167178E-14));
#3765=DIRECTION('ref_axis',(-6.27937216197167E-14,1.75812212011017E-10,
1.));
#3766=DIRECTION('',(-1.5925769684916E-14,1.,-1.75812031599776E-10));
#3767=DIRECTION('center_axis',(-1.5925769684916E-14,1.,-1.75812031599776E-10));
#3768=DIRECTION('ref_axis',(6.27937216197167E-14,-1.75812212011017E-10,
-1.));
#3769=DIRECTION('',(-1.,-1.5930215802122E-14,-6.28710100617497E-14));
#3770=DIRECTION('center_axis',(-1.,-1.5944822991062E-14,-6.34563323320694E-14));
#3771=DIRECTION('ref_axis',(-6.34182220710684E-14,1.75812142622078E-10,
1.));
#3772=DIRECTION('',(6.33349553442215E-14,-1.75812420177834E-10,-1.));
#3773=DIRECTION('',(1.5925769684916E-14,-1.,1.75812031599776E-10));
#3774=DIRECTION('center_axis',(-6.28353549831402E-14,1.75812087110927E-10,
1.));
#3775=DIRECTION('ref_axis',(-1.58513988441993E-14,1.,-1.75812050103493E-10));
#3776=DIRECTION('',(6.27798438319089E-14,-1.75812142622078E-10,-1.));
#3777=DIRECTION('center_axis',(6.28353549831402E-14,-1.75812087110927E-10,
-1.));
#3778=DIRECTION('ref_axis',(-1.58513988441993E-14,1.,-1.75812050103493E-10));
#3779=DIRECTION('center_axis',(-6.28353549831402E-14,1.75812087110927E-10,
1.));
#3780=DIRECTION('ref_axis',(-1.58513988441993E-14,1.,-1.75812142622078E-10));
#3781=DIRECTION('center_axis',(-6.28353549831402E-14,1.75812087110927E-10,
1.));
#3782=DIRECTION('ref_axis',(-1.58513988441993E-14,1.,-1.75812142622078E-10));
#3783=DIRECTION('',(-6.28353549831402E-14,1.75812087110927E-10,1.));
#3784=DIRECTION('center_axis',(-1.0266294767139E-14,1.75811365465961E-10,
1.));
#3785=DIRECTION('ref_axis',(-1.58513988441993E-14,1.,-1.75812142622078E-10));
#3786=DIRECTION('center_axis',(-1.0266294767139E-14,1.75811365465961E-10,
1.));
#3787=DIRECTION('ref_axis',(-1.58513988441993E-14,1.,-1.75812142622078E-10));
#3788=DIRECTION('center_axis',(6.28353549831402E-14,-1.75813086311649E-10,
-1.));
#3789=DIRECTION('ref_axis',(1.62221851305576E-14,-1.,1.75812975289347E-10));
#3790=DIRECTION('center_axis',(1.0266294767139E-14,-1.75811087910205E-10,
-1.));
#3791=DIRECTION('ref_axis',(-1.5147852671679E-14,1.,-1.75809852787087E-10));
#3792=DIRECTION('center_axis',(1.0266294767139E-14,-1.75811087910205E-10,
-1.));
#3793=DIRECTION('ref_axis',(-1.5147852671679E-14,1.,-1.75809852787087E-10));
#3794=DIRECTION('center_axis',(1.0266294767139E-14,-1.75811087910205E-10,
-1.));
#3795=DIRECTION('ref_axis',(-1.5147852671679E-14,1.,-1.75809852787087E-10));
#3796=DIRECTION('',(6.28353549831402E-14,-1.75813086311649E-10,-1.));
#3797=DIRECTION('center_axis',(-1.,-1.6150267646387E-14,-6.2933958297014E-14));
#3798=DIRECTION('ref_axis',(-6.27937216197167E-14,1.75813183456164E-10,
1.));
#3799=DIRECTION('center_axis',(-1.61478142898409E-14,1.,-1.75813086311649E-10));
#3800=DIRECTION('ref_axis',(6.27937216197167E-14,-1.75813183456164E-10,
-1.));
#3801=DIRECTION('center_axis',(1.,1.6168593377352E-14,6.34573287123656E-14));
#3802=DIRECTION('ref_axis',(-6.34182220710684E-14,1.75813044678286E-10,
1.));
#3803=DIRECTION('center_axis',(6.28353549831402E-14,-1.75813086311649E-10,
-1.));
#3804=DIRECTION('ref_axis',(1.62221851305576E-14,-1.,1.75812975289347E-10));
#3805=DIRECTION('center_axis',(-1.0266294767139E-14,1.75811365465961E-10,
1.));
#3806=DIRECTION('ref_axis',(1.62221851305576E-14,-1.,1.75812975289347E-10));
#3807=DIRECTION('center_axis',(-1.0266294767139E-14,1.75811365465961E-10,
1.));
#3808=DIRECTION('ref_axis',(1.62221851305576E-14,-1.,1.75812975289347E-10));
#3809=DIRECTION('',(6.28353549831402E-14,-1.75813086311649E-10,-1.));
#3810=DIRECTION('center_axis',(-1.5925769684916E-14,1.,-1.75812031599776E-10));
#3811=DIRECTION('ref_axis',(-6.27937216197167E-14,1.75812212011017E-10,
1.));
#3812=DIRECTION('',(-1.,-1.59559122092991E-14,-2.30805182852452E-14));
#3813=DIRECTION('',(-2.30338595503283E-14,1.75812087110927E-10,1.));
#3814=DIRECTION('center_axis',(-1.61478142898409E-14,1.,-1.75813086311649E-10));
#3815=DIRECTION('ref_axis',(-6.27937216197167E-14,1.75813183456164E-10,
1.));
#3816=DIRECTION('center_axis',(7.27239160403631E-15,-1.,1.7581403000122E-10));
#3817=DIRECTION('ref_axis',(-1.,-7.27239161502691E-15,-6.25126523590745E-14));
#3818=DIRECTION('',(1.,-6.79195261950201E-15,6.28353549843343E-14));
#3819=DIRECTION('',(3.55271367880045E-14,-1.7580603639544E-10,-1.));
#3820=DIRECTION('center_axis',(6.28353549831402E-14,-1.75812087110927E-10,
-1.));
#3821=DIRECTION('ref_axis',(-1.,-1.58155417024583E-14,-6.29169757628277E-14));
#3822=DIRECTION('',(-3.03025578392795E-14,1.,-1.75812087110927E-10));
#3823=DIRECTION('center_axis',(6.28353549831402E-14,-1.75812087110927E-10,
-1.));
#3824=DIRECTION('ref_axis',(-1.,1.42108547182679E-14,-3.55271367905029E-14));
#3825=DIRECTION('center_axis',(1.,1.50302752403399E-15,6.27243326804134E-14));
#3826=DIRECTION('ref_axis',(1.50302751300625E-15,-1.,1.75812919778195E-10));
#3827=DIRECTION('',(-4.32900000371375E-14,-0.707106781062447,0.707106781310648));
#3828=DIRECTION('',(3.55271367880045E-14,-1.7580603639544E-10,-1.));
#3829=DIRECTION('center_axis',(1.,1.59557499704011E-14,4.08998788419195E-14));
#3830=DIRECTION('ref_axis',(4.08668168833699E-14,-1.75812420177834E-10,
-1.));
#3831=DIRECTION('',(4.08998788419195E-14,1.1100838438755E-15,-1.));
#3832=DIRECTION('center_axis',(-1.53548169603474E-14,-1.11022302462516E-16,
1.));
#3833=DIRECTION('ref_axis',(-1.,-2.09219669034274E-14,-1.53548169603474E-14));
#3834=DIRECTION('',(1.53548169603474E-14,1.11022302462516E-16,-1.));
#3835=DIRECTION('center_axis',(-1.53548169603474E-14,-1.11022302462516E-16,
1.));
#3836=DIRECTION('ref_axis',(-1.,-2.09219669034274E-14,-1.53548169603474E-14));
#3837=DIRECTION('',(1.53548169603474E-14,1.11022302462516E-16,-1.));
#3838=DIRECTION('center_axis',(-1.53548169603474E-14,-1.11022302462516E-16,
1.));
#3839=DIRECTION('ref_axis',(-1.,-2.09219669034274E-14,-1.53548169603474E-14));
#3840=DIRECTION('',(1.53548169603474E-14,1.11022302462516E-16,-1.));
#3841=DIRECTION('center_axis',(-1.53548169603474E-14,-1.11022302462516E-16,
1.));
#3842=DIRECTION('ref_axis',(-1.,-2.09219669034274E-14,-1.53548169603474E-14));
#3843=DIRECTION('',(1.53548169603474E-14,1.11022302462516E-16,-1.));
#3844=DIRECTION('center_axis',(6.28353549831402E-14,-1.75812087110927E-10,
-1.));
#3845=DIRECTION('ref_axis',(-1.,-1.58155417024583E-14,-6.29169757628277E-14));
#3846=DIRECTION('center_axis',(3.55271367880045E-14,-1.7580603639544E-10,
-1.));
#3847=DIRECTION('ref_axis',(-1.,1.42108547182679E-14,-3.55271367905029E-14));
#3848=DIRECTION('center_axis',(-1.,-2.04964250700023E-14,0.));
#3849=DIRECTION('ref_axis',(2.04964250700023E-14,-1.,-2.22044604925031E-16));
#3850=DIRECTION('',(-2.04964250700023E-14,1.,2.22044604925031E-16));
#3851=DIRECTION('',(0.,0.,1.));
#3852=DIRECTION('',(2.04964250700023E-14,-1.,-2.22044604925031E-16));
#3853=DIRECTION('',(0.,0.,1.));
#3854=DIRECTION('center_axis',(0.,1.,0.));
#3855=DIRECTION('ref_axis',(-1.,0.,0.));
#3856=DIRECTION('',(1.,0.,0.));
#3857=DIRECTION('',(0.,0.,1.));
#3858=DIRECTION('',(-1.,0.,0.));
#3859=DIRECTION('center_axis',(0.,-1.,0.));
#3860=DIRECTION('ref_axis',(1.,0.,0.));
#3861=DIRECTION('center_axis',(1.,6.83214169000097E-15,0.));
#3862=DIRECTION('ref_axis',(-6.83214169000097E-15,1.,5.48791781249328E-14));
#3863=DIRECTION('',(6.83214169000097E-15,-1.,-5.48791781249328E-14));
#3864=DIRECTION('',(0.,0.,1.));
#3865=DIRECTION('',(-6.83214169000097E-15,1.,5.48791781249328E-14));
#3866=DIRECTION('center_axis',(1.23572649697409E-14,-1.,0.));
#3867=DIRECTION('ref_axis',(1.,1.23572649697409E-14,-2.47145299394818E-14));
#3868=DIRECTION('',(-1.,-1.23572649697409E-14,2.47145299394818E-14));
#3869=DIRECTION('',(1.,1.23572649697409E-14,-2.47145299394818E-14));
#3870=DIRECTION('center_axis',(0.,0.,1.));
#3871=DIRECTION('ref_axis',(1.,0.,0.));
#3872=DIRECTION('center_axis',(0.,1.,0.));
#3873=DIRECTION('ref_axis',(1.,0.,0.));
#3874=DIRECTION('center_axis',(0.,1.,0.));
#3875=DIRECTION('ref_axis',(1.,0.,0.));
#3876=DIRECTION('',(0.,1.,0.));
#3877=DIRECTION('center_axis',(-1.,0.,0.));
#3878=DIRECTION('ref_axis',(0.,1.,2.22044604925031E-16));
#3879=DIRECTION('',(0.,0.,1.));
#3880=DIRECTION('',(0.,-1.,-2.22044604925031E-16));
#3881=DIRECTION('',(0.,0.,-1.));
#3882=DIRECTION('center_axis',(0.,0.,-1.));
#3883=DIRECTION('ref_axis',(-0.707106781186548,0.707106781186548,0.));
#3884=DIRECTION('',(0.,0.,-1.));
#3885=DIRECTION('center_axis',(0.,-2.22044604925031E-16,1.));
#3886=DIRECTION('ref_axis',(-0.707106781186548,0.707106781186548,0.));
#3887=DIRECTION('center_axis',(3.55271367880045E-14,-1.75823799963834E-10,
-1.));
#3888=DIRECTION('ref_axis',(-9.31335301676469E-24,-1.,1.75823799963834E-10));
#3889=DIRECTION('center_axis',(3.55271367880045E-14,-1.7580603639544E-10,
-1.));
#3890=DIRECTION('ref_axis',(1.,-3.06672256251381E-24,3.55271367880045E-14));
#3891=DIRECTION('center_axis',(0.,-1.,0.));
#3892=DIRECTION('ref_axis',(0.,0.,-1.));
#3893=DIRECTION('',(1.,0.,0.));
#3894=DIRECTION('center_axis',(0.00161156056450684,-0.99999870143543,0.));
#3895=DIRECTION('ref_axis',(-0.99999870143543,-0.00161156056450684,-3.57838328858682E-19));
#3896=DIRECTION('',(0.99999870143543,0.00161156056450684,3.57838328858682E-19));
#3897=DIRECTION('',(0.,0.,1.));
#3898=DIRECTION('center_axis',(7.105427357601E-15,1.,0.));
#3899=DIRECTION('ref_axis',(1.,-7.105427357601E-15,-1.57772181044202E-30));
#3900=DIRECTION('',(0.,0.,-1.));
#3901=DIRECTION('',(-1.,7.105427357601E-15,1.57772181044202E-30));
#3902=DIRECTION('center_axis',(0.,-2.22044604925031E-16,1.));
#3903=DIRECTION('ref_axis',(0.,-1.,-2.22044604925031E-16));
#3904=DIRECTION('',(5.32907051904356E-14,-1.,-2.22044604925031E-16));
#3905=DIRECTION('',(-1.,-3.5527136788005E-14,-7.88860905221011E-30));
#3906=DIRECTION('center_axis',(0.,-2.22044604925031E-16,1.));
#3907=DIRECTION('ref_axis',(0.707106781186547,0.707106781186547,0.));
#3908=DIRECTION('',(1.15223144728807E-14,1.,2.22044604925031E-16));
#3909=DIRECTION('',(1.,0.,0.));
#3910=DIRECTION('',(-0.642787609686552,0.766044443118968,1.70096035727367E-16));
#3911=DIRECTION('',(0.642787610593888,0.766044442357622,1.70096035558314E-16));
#3912=DIRECTION('',(-1.,0.,0.));
#3913=DIRECTION('',(-0.646232465672861,0.76314061634169,1.69451256657835E-16));
#3914=DIRECTION('',(-0.64065573960925,-0.767828251177126,-1.70492120682903E-16));
#3915=DIRECTION('',(-0.00161156056450826,0.99999870143543,2.22044316585774E-16));
#3916=DIRECTION('center_axis',(0.766044443118968,0.642787609686552,0.));
#3917=DIRECTION('ref_axis',(-0.642787609686552,0.766044443118968,1.70096035727367E-16));
#3918=DIRECTION('',(0.,-4.23294850376496E-16,1.));
#3919=DIRECTION('',(0.,0.,-1.));
#3920=DIRECTION('center_axis',(0.,-1.,0.));
#3921=DIRECTION('ref_axis',(-1.,0.,0.));
#3922=DIRECTION('',(0.,0.,-1.));
#3923=DIRECTION('center_axis',(1.,-1.15223144728807E-14,0.));
#3924=DIRECTION('ref_axis',(-1.15223144728807E-14,-1.,-2.22044604925031E-16));
#3925=DIRECTION('',(0.,0.,-1.));
#3926=DIRECTION('center_axis',(0.,0.,-1.));
#3927=DIRECTION('ref_axis',(0.707106781186547,0.707106781186547,0.));
#3928=DIRECTION('',(0.,0.,-1.));
#3929=DIRECTION('center_axis',(-3.5527136788005E-14,1.,0.));
#3930=DIRECTION('ref_axis',(1.,3.5527136788005E-14,7.88860905221011E-30));
#3931=DIRECTION('',(0.,0.,-1.));
#3932=DIRECTION('center_axis',(-0.767828251177126,0.64065573960925,0.));
#3933=DIRECTION('ref_axis',(-0.64065573960925,-0.767828251177126,-1.70492120682903E-16));
#3934=DIRECTION('',(0.,-4.23294850376496E-16,1.));
#3935=DIRECTION('center_axis',(-0.99999870143543,-0.00161156056450826,0.));
#3936=DIRECTION('ref_axis',(0.00161156056450826,-0.99999870143543,-2.22044316585774E-16));
#3937=DIRECTION('',(-6.16794168961349E-14,1.91879393641888E-22,1.));
#3938=DIRECTION('',(3.55271367880045E-14,-1.75823799963834E-10,-1.));
#3939=DIRECTION('center_axis',(2.35258092756419E-14,-0.707106781310864,
-0.707106781062231));
#3940=DIRECTION('ref_axis',(-1.,0.,-3.32705185492648E-14));
#3941=DIRECTION('',(3.76822190077452E-14,-0.707106781062231,0.707106781310864));
#3942=DIRECTION('center_axis',(3.78838218225895E-14,-0.707106781310648,
-0.707106781062448));
#3943=DIRECTION('ref_axis',(-1.,0.,-5.35758146254347E-14));
#3944=DIRECTION('',(5.70464222276899E-14,0.707106781062447,-0.707106781310648));
#3945=DIRECTION('center_axis',(5.25865633975111E-6,0.999999999986173,-1.05211975431942E-18));
#3946=DIRECTION('ref_axis',(-0.999999999986173,5.25865633975111E-6,0.));
#3947=DIRECTION('',(-0.707106781181518,3.71843155779335E-6,0.7071067811818));
#3948=DIRECTION('',(-1.53548169603474E-14,-1.11022302462516E-16,1.));
#3949=DIRECTION('',(-0.707106781181802,3.71843155779335E-6,-0.707106781181516));
#3950=DIRECTION('',(0.999999999986173,-5.25865633975111E-6,-2.00819619785428E-13));
#3951=DIRECTION('center_axis',(-0.707106781186405,-1.63246324273127E-14,
0.70710678118669));
#3952=DIRECTION('ref_axis',(0.70710678118669,1.54300875522197E-14,0.707106781186405));
#3953=DIRECTION('',(2.26424273696177E-14,-1.,-4.44089209848015E-16));
#3954=DIRECTION('',(0.542761967023667,-0.640951553789718,0.542761967023433));
#3955=DIRECTION('',(6.79945210126891E-15,-1.,0.));
#3956=DIRECTION('center_axis',(-2.00819617452892E-13,4.44089209843468E-16,
-1.));
#3957=DIRECTION('ref_axis',(-1.,0.,2.00819617452892E-13));
#3958=DIRECTION('center_axis',(2.00819617452892E-13,-4.44089209843468E-16,
1.));
#3959=DIRECTION('ref_axis',(-1.,-2.26424273696178E-14,2.00819617452892E-13));
#3960=DIRECTION('center_axis',(-1.53548169603474E-14,-1.11022302462516E-16,
1.));
#3961=DIRECTION('ref_axis',(1.,3.27643458326735E-14,1.53548169603474E-14));
#3962=DIRECTION('center_axis',(0.707106781186689,1.56965954438485E-14,0.707106781186406));
#3963=DIRECTION('ref_axis',(-0.707106781186406,-1.73281792759879E-14,0.707106781186689));
#3964=DIRECTION('center_axis',(2.00819617452892E-13,-4.44089209843468E-16,
1.));
#3965=DIRECTION('ref_axis',(-2.368475785867E-14,1.,4.44089209848224E-16));
#3966=DIRECTION('',(-1.53548169603474E-14,-1.11022302462516E-16,1.));
#3967=DIRECTION('center_axis',(0.707106781186689,1.56965954438485E-14,0.707106781186406));
#3968=DIRECTION('ref_axis',(0.707106781186406,1.65911403189416E-14,-0.707106781186689));
#3969=DIRECTION('',(0.540716203600928,0.644400476665366,-0.540716203601158));
#3970=DIRECTION('',(6.79945210126891E-15,-1.,0.));
#3971=DIRECTION('center_axis',(-1.,-2.26424273696178E-14,2.00499682862998E-13));
#3972=DIRECTION('ref_axis',(-2.26424273696177E-14,1.,4.44089209848015E-16));
#3973=DIRECTION('',(2.00499682862999E-13,7.94511387513614E-17,1.));
#3974=DIRECTION('',(-8.9806531752055E-14,-0.839886567699869,-0.542761967530274));
#3975=DIRECTION('',(2.26424273696177E-14,-1.,-4.44089209848015E-16));
#3976=DIRECTION('',(1.5778529931289E-13,-0.707106781191433,0.707106781181662));
#3977=DIRECTION('center_axis',(1.,5.32907051904356E-14,0.));
#3978=DIRECTION('ref_axis',(-5.32907051904356E-14,1.,2.22044604925031E-16));
#3979=DIRECTION('',(6.79945210126891E-15,-1.,0.));
#3980=DIRECTION('',(-1.49213974509621E-14,-7.10542735760101E-16,1.));
#3981=DIRECTION('center_axis',(-0.707106781186364,-1.63246324273118E-14,
0.707106781186731));
#3982=DIRECTION('ref_axis',(0.707106781186731,0.,0.707106781186364));
#3983=DIRECTION('',(0.684491802948134,0.25088232977654,0.684491802947784));
#3984=DIRECTION('',(-2.26424273696177E-14,1.,4.44089209848015E-16));
#3985=DIRECTION('',(-0.67859902521206,-0.281081351136055,-0.678599025216491));
#3986=DIRECTION('center_axis',(-0.707105466521144,0.50000092960356,0.500000929610627));
#3987=DIRECTION('ref_axis',(0.577351700417425,0.,0.816495568894962));
#3988=DIRECTION('',(-1.5778529931289E-13,0.707106781191433,-0.707106781181662));
#3989=DIRECTION('center_axis',(2.00819617452892E-13,-4.44089209843468E-16,
1.));
#3990=DIRECTION('ref_axis',(-1.,2.73691106511024E-46,2.00819617452892E-13));
#3991=DIRECTION('',(-0.646232465672861,0.76314061634169,1.30115059055374E-13));
#3992=DIRECTION('',(-1.,0.,2.00819617452892E-13));
#3993=DIRECTION('',(-0.642787610593888,-0.766044442357622,1.28744169991812E-13));
#3994=DIRECTION('',(2.26424273696177E-14,-1.,-4.44089209848015E-16));
#3995=DIRECTION('',(0.999999999986173,-5.25865633975111E-6,-2.00819619785428E-13));
#3996=DIRECTION('center_axis',(-2.00819617452892E-13,4.44089209843468E-16,
-1.));
#3997=DIRECTION('ref_axis',(-1.,4.95762479705632E-61,2.00819617452892E-13));
#3998=DIRECTION('center_axis',(-0.539621904813991,-0.456955358700219,0.7071067811866));
#3999=DIRECTION('ref_axis',(0.794957870342195,0.,0.606664639138463));
#4000=DIRECTION('',(0.646232464817669,-0.763140617065872,-1.12075107363194E-9));
#4001=DIRECTION('',(0.646232465672861,-0.76314061634169,-1.30115059055374E-13));
#4002=DIRECTION('',(-0.311484765520631,-0.671929029306172,-0.671929029306089));
#4003=DIRECTION('center_axis',(0.707106781186723,1.56965954438493E-14,0.707106781186372));
#4004=DIRECTION('ref_axis',(0.707106781186372,0.,-0.707106781186723));
#4005=DIRECTION('',(0.684791078693135,-0.249243569794944,-0.68479107869347));
#4006=DIRECTION('',(-0.678597663869025,0.281087924280365,0.678597663874006));
#4007=DIRECTION('center_axis',(0.707108095849499,0.499999070387808,0.49999907039456));
#4008=DIRECTION('ref_axis',(0.577348837967154,0.,-0.816497592952959));
#4009=DIRECTION('',(1.5778529931289E-13,-0.707106781191433,0.707106781181662));
#4010=DIRECTION('center_axis',(0.541675219881439,-0.454519478313599,0.707106781186497));
#4011=DIRECTION('ref_axis',(0.793844806391147,0.,-0.608120402030553));
#4012=DIRECTION('',(-0.313145612578256,0.671542934339609,0.671542934339671));
#4013=DIRECTION('',(0.642787610593888,0.766044442357622,-1.28744169991812E-13));
#4014=DIRECTION('center_axis',(-1.,-2.368475785867E-14,1.8947806286936E-13));
#4015=DIRECTION('ref_axis',(-2.368475785867E-14,1.,1.97498761935272E-28));
#4016=DIRECTION('',(-1.,-2.368475785867E-14,1.8947806286936E-13));
#4017=DIRECTION('center_axis',(-1.,-2.26424273696178E-14,2.00499682862998E-13));
#4018=DIRECTION('ref_axis',(-2.26424273696178E-14,1.,0.));
#4019=DIRECTION('center_axis',(1.,2.26424273696178E-14,-2.00499682862998E-13));
#4020=DIRECTION('ref_axis',(-2.26424273696178E-14,1.,0.));
#4021=DIRECTION('center_axis',(1.,2.26424273696178E-14,-2.00499682862998E-13));
#4022=DIRECTION('ref_axis',(-2.22044604925031E-14,1.,-8.81716851939192E-29));
#4023=DIRECTION('center_axis',(-1.,-2.22044604925031E-14,2.01320441798695E-13));
#4024=DIRECTION('ref_axis',(-2.22044604925031E-14,1.,-8.81716851939192E-29));
#4025=DIRECTION('',(-1.,-2.22044604925031E-14,2.01320441798695E-13));
#4026=DIRECTION('center_axis',(3.71843169976857E-6,0.707106781176773,0.707106781186545));
#4027=DIRECTION('ref_axis',(0.999999999986173,0.,-5.25865654049806E-6));
#4028=DIRECTION('center_axis',(1.42000913296222E-13,-0.70710678118658,0.707106781186515));
#4029=DIRECTION('ref_axis',(1.,0.,-2.00819617452892E-13));
#4030=DIRECTION('',(1.,0.,-2.00819617452892E-13));
#4031=DIRECTION('center_axis',(0.763140617065872,0.646232464817669,-1.53060795606808E-13));
#4032=DIRECTION('ref_axis',(0.646232464817669,-0.763140617065872,-1.30115058883956E-13));
#4033=DIRECTION('',(0.646232464817669,-0.763140617065872,-1.30115058883956E-13));
#4034=DIRECTION('',(-1.49213974509621E-14,-7.10542735760101E-16,1.));
#4035=DIRECTION('',(-1.49213974509621E-14,-7.10542735760101E-16,1.));
#4036=DIRECTION('center_axis',(1.3156087071665E-28,1.,6.55119616227291E-16));
#4037=DIRECTION('ref_axis',(1.,0.,-2.00819617452892E-13));
#4038=DIRECTION('',(1.,2.24207754291971E-44,-2.00819617452892E-13));
#4039=DIRECTION('',(-1.49213974509621E-14,-7.10542735760101E-16,1.));
#4040=DIRECTION('center_axis',(-2.00819617452892E-13,4.44089209843468E-16,
-1.));
#4041=DIRECTION('ref_axis',(1.,7.87484974567895E-31,-2.00819617452892E-13));
#4042=DIRECTION('',(6.79945210126891E-15,-1.,0.));
#4043=DIRECTION('center_axis',(-2.00819617452892E-13,4.44089209843468E-16,
-1.));
#4044=DIRECTION('ref_axis',(1.,7.87484974567895E-31,-2.00819617452892E-13));
#4045=DIRECTION('',(0.642787610593882,0.766044442357627,-1.28744169991811E-13));
#4046=DIRECTION('center_axis',(-2.00499682862998E-13,2.34731902024131E-16,
-1.));
#4047=DIRECTION('ref_axis',(-1.,-2.26424273696178E-14,2.00499682862998E-13));
#4048=DIRECTION('',(2.00499682862998E-13,-2.34731902024131E-16,1.));
#4049=DIRECTION('',(2.00499682862998E-13,-2.34731902024131E-16,1.));
#4050=DIRECTION('center_axis',(0.766044442357622,-0.642787610593888,-2.72088685450206E-16));
#4051=DIRECTION('ref_axis',(0.642787610593888,0.766044442357622,1.70096035558314E-16));
#4052=DIRECTION('',(8.15135737148052E-59,0.,-1.));
#4053=DIRECTION('center_axis',(0.,-1.,0.));
#4054=DIRECTION('ref_axis',(1.,0.,0.));
#4055=DIRECTION('',(0.,7.09498450929106E-15,-1.));
#4056=DIRECTION('center_axis',(-0.76314061634169,-0.646232465672861,-2.73546874865428E-16));
#4057=DIRECTION('ref_axis',(0.646232465672861,-0.76314061634169,-1.69451256657835E-16));
#4058=DIRECTION('center_axis',(1.,-1.89964070956351E-14,6.16794168961349E-14));
#4059=DIRECTION('ref_axis',(1.89964071064791E-14,1.,-1.75812253644381E-10));
#4060=DIRECTION('center_axis',(1.,2.26424273696178E-14,-2.00499682862998E-13));
#4061=DIRECTION('ref_axis',(2.26424273696177E-14,-1.,-4.44089209848015E-16));
#4062=DIRECTION('center_axis',(1.,1.36496208701539E-14,-2.00811589579075E-13));
#4063=DIRECTION('ref_axis',(-2.00811589579076E-13,5.87250304671061E-15,
-1.));
#4064=DIRECTION('',(-2.00499682862999E-13,5.87250304671062E-15,-1.));
#4065=DIRECTION('center_axis',(-1.,-2.26424273696178E-14,2.00499682862998E-13));
#4066=DIRECTION('ref_axis',(1.88472376319662E-13,0.249999999999987,0.968245836551857));
#4067=DIRECTION('',(-2.00499682862999E-13,5.87250304671062E-15,-1.));
#4068=DIRECTION('',(-2.26424273696177E-14,1.,4.44089209848015E-16));
#4069=DIRECTION('',(-1.36496208701524E-14,1.,7.72796093825308E-15));
#4070=DIRECTION('center_axis',(2.00819617452892E-13,-4.44089209843468E-16,
1.));
#4071=DIRECTION('ref_axis',(-1.,-2.26424273696178E-14,2.00819617452892E-13));
#4072=DIRECTION('',(-2.26424273696177E-14,1.,4.44089209848015E-16));
#4073=DIRECTION('',(-1.,-1.36496208701539E-14,2.00811589579075E-13));
#4074=DIRECTION('',(1.36496208701524E-14,-1.,-7.72796093825308E-15));
#4075=DIRECTION('',(1.,2.15322043449926E-14,-2.00819617452892E-13));
#4076=DIRECTION('',(1.36496208701524E-14,-1.,-7.72796093825308E-15));
#4077=DIRECTION('',(1.,1.36496208701539E-14,-2.00811589579075E-13));
#4078=DIRECTION('center_axis',(-1.,-2.26424273696178E-14,2.00499682862998E-13));
#4079=DIRECTION('ref_axis',(-2.26424273696177E-14,1.,4.44089209848015E-16));
#4080=DIRECTION('',(2.26424273696177E-14,-1.,-4.44089209848015E-16));
#4081=DIRECTION('',(2.00499682862999E-13,-5.87250304671062E-15,1.));
#4082=DIRECTION('center_axis',(1.,1.36496208701539E-14,-2.00811589579075E-13));
#4083=DIRECTION('ref_axis',(1.67811279983969E-13,0.494342998332133,0.869266932535683));
#4084=DIRECTION('',(2.00499682862999E-13,-5.87250304671062E-15,1.));
#4085=DIRECTION('center_axis',(1.,1.36496208701539E-14,-2.00811589579075E-13));
#4086=DIRECTION('ref_axis',(-2.00811589579076E-13,5.87250304671061E-15,
-1.));
#4087=DIRECTION('center_axis',(-0.707106781186422,-1.63246324273131E-14,
0.707106781186673));
#4088=DIRECTION('ref_axis',(0.707106781186673,0.,0.707106781186422));
#4089=DIRECTION('',(-2.26424273696177E-14,1.,4.44089209848015E-16));
#4090=DIRECTION('center_axis',(0.707106781186422,1.63246324273131E-14,-0.707106781186673));
#4091=DIRECTION('ref_axis',(0.707106781186673,5.49925275104322E-15,0.707106781186422));
#4092=DIRECTION('center_axis',(-0.707106781186422,-1.63246324273131E-14,
0.707106781186673));
#4093=DIRECTION('ref_axis',(0.707106781186673,3.09111952803375E-15,0.707106781186422));
#4094=DIRECTION('',(-0.57735026918984,-0.577350269189388,-0.577350269189649));
#4095=DIRECTION('center_axis',(-0.707106781186343,0.707106781186752,1.45927172105007E-13));
#4096=DIRECTION('ref_axis',(2.06372185909713E-13,0.,1.));
#4097=DIRECTION('center_axis',(-0.707106781186343,0.707106781186752,1.45927172105007E-13));
#4098=DIRECTION('ref_axis',(0.707106781186752,0.707106781186343,-1.38020940196129E-13));
#4099=DIRECTION('',(-2.00499682862999E-13,5.87250304671062E-15,-1.));
#4100=DIRECTION('center_axis',(-0.707106781186343,0.707106781186752,1.45927172105007E-13));
#4101=DIRECTION('ref_axis',(0.707106781186752,0.707106781186343,-1.37996407501461E-13));
#4102=DIRECTION('center_axis',(-1.,-1.36496208701539E-14,2.00811589579075E-13));
#4103=DIRECTION('ref_axis',(1.32343497254306E-13,0.707106781186531,0.707106781186564));
#4104=DIRECTION('',(-1.,-1.36496208701539E-14,2.00811589579075E-13));
#4105=DIRECTION('',(1.,1.36496208701539E-14,-2.00811589579075E-13));
#4106=DIRECTION('',(1.,1.36496208701539E-14,-2.00811589579075E-13));
#4107=DIRECTION('center_axis',(0.707106781186663,1.56965954438479E-14,0.707106781186432));
#4108=DIRECTION('ref_axis',(-0.707106781186432,-3.67990420003996E-15,0.707106781186663));
#4109=DIRECTION('center_axis',(0.707106781186757,0.707106781186338,-1.37622198651354E-13));
#4110=DIRECTION('ref_axis',(-0.707106781186338,0.707106781186757,1.46362056382974E-13));
#4111=DIRECTION('',(1.,1.36496208701539E-14,-2.00811589579075E-13));
#4112=DIRECTION('center_axis',(0.707106781186663,1.56965954438479E-14,0.707106781186432));
#4113=DIRECTION('ref_axis',(0.707106781186432,0.,-0.707106781186663));
#4114=DIRECTION('',(-0.577350269189416,0.57735026918987,0.577350269189591));
#4115=DIRECTION('center_axis',(-0.707106781186663,-1.56965954438479E-14,
-0.707106781186432));
#4116=DIRECTION('ref_axis',(-0.707106781186432,-1.38042262047792E-14,0.707106781186663));
#4117=DIRECTION('',(2.26424273696177E-14,-1.,-4.44089209848015E-16));
#4118=DIRECTION('center_axis',(2.00819617452892E-13,-4.44089209843468E-16,
1.));
#4119=DIRECTION('ref_axis',(-1.,-2.26424273696178E-14,2.00819617452892E-13));
#4120=DIRECTION('',(1.,1.36496208701539E-14,-2.00811589579075E-13));
#4121=DIRECTION('',(-1.36496208701528E-14,1.,5.87250304671335E-15));
#4122=DIRECTION('',(-1.,-1.36496208701539E-14,2.00811589579075E-13));
#4123=DIRECTION('',(-1.36496208701528E-14,1.,5.87250304671335E-15));
#4124=DIRECTION('',(-1.,-1.36496208701539E-14,2.00811589579075E-13));
#4125=DIRECTION('center_axis',(1.,1.36496208701539E-14,-2.00811589579075E-13));
#4126=DIRECTION('ref_axis',(2.00811589579076E-13,-5.87250304671061E-15,
1.));
#4127=DIRECTION('center_axis',(1.,1.36496208701539E-14,-2.00811589579075E-13));
#4128=DIRECTION('ref_axis',(2.00811589579076E-13,-5.87250304671061E-15,
1.));
#4129=DIRECTION('center_axis',(1.36496208701528E-14,-1.,-5.87250304671335E-15));
#4130=DIRECTION('ref_axis',(-1.,-1.36496208701539E-14,2.00811589579075E-13));
#4131=DIRECTION('',(2.00499682862999E-13,-5.87250304671062E-15,1.));
#4132=DIRECTION('',(1.,1.36496208701539E-14,-2.00811589579075E-13));
#4133=DIRECTION('center_axis',(1.,1.36496208701539E-14,-2.00811589579075E-13));
#4134=DIRECTION('ref_axis',(2.00811589579076E-13,-5.87250304671061E-15,
1.));
#4135=DIRECTION('center_axis',(1.,1.36496208701539E-14,-2.00811589579075E-13));
#4136=DIRECTION('ref_axis',(2.00811589579076E-13,-5.87250304671061E-15,
1.));
#4137=DIRECTION('center_axis',(-0.707106781186354,0.707106781186741,1.45927172105009E-13));
#4138=DIRECTION('ref_axis',(2.06372185909712E-13,0.,1.));
#4139=DIRECTION('center_axis',(-0.707106781186354,0.707106781186741,1.45927172105009E-13));
#4140=DIRECTION('ref_axis',(0.707106781186741,0.707106781186354,-1.37996407501463E-13));
#4141=DIRECTION('',(-2.00499682862999E-13,5.87250304671062E-15,-1.));
#4142=DIRECTION('center_axis',(-0.707106781186354,0.707106781186741,1.45927172105009E-13));
#4143=DIRECTION('ref_axis',(0.707106781186741,0.707106781186354,-1.38020940196131E-13));
#4144=DIRECTION('center_axis',(-1.36496208701528E-14,1.,5.87250304671335E-15));
#4145=DIRECTION('ref_axis',(1.,1.36496208701539E-14,-2.00811589579075E-13));
#4146=DIRECTION('',(-1.,-1.36496208701539E-14,2.00811589579075E-13));
#4147=DIRECTION('',(2.00499682862999E-13,-5.87250304671062E-15,1.));
#4148=DIRECTION('',(1.,1.36496208701539E-14,-2.00811589579075E-13));
#4149=DIRECTION('center_axis',(-1.,-1.36496208701539E-14,2.00811589579075E-13));
#4150=DIRECTION('ref_axis',(1.91022580323762E-13,0.249999999999987,0.968245836551858));
#4151=DIRECTION('center_axis',(1.,2.26424273696178E-14,-2.00499682862998E-13));
#4152=DIRECTION('ref_axis',(1.91022580323762E-13,0.249999999999987,0.968245836551857));
#4153=DIRECTION('',(-1.,-1.36496208701539E-14,2.00811589579075E-13));
#4154=DIRECTION('',(-1.,-1.36496208701539E-14,2.00811589579075E-13));
#4155=DIRECTION('center_axis',(0.707106781186773,0.707106781186323,-1.37622198651357E-13));
#4156=DIRECTION('ref_axis',(-1.94627179816292E-13,0.,-1.));
#4157=DIRECTION('center_axis',(0.707106781186773,0.707106781186323,-1.37622198651357E-13));
#4158=DIRECTION('ref_axis',(-0.707106781186323,0.707106781186773,1.46362056382977E-13));
#4159=DIRECTION('',(0.707106781186328,-0.707106781186767,-1.25607396694744E-13));
#4160=DIRECTION('center_axis',(-1.,-2.96059473233583E-14,1.7763568394015E-13));
#4161=DIRECTION('ref_axis',(1.90293950608305E-13,0.249999999999988,0.968245836551857));
#4162=DIRECTION('center_axis',(0.707106781186757,0.707106781186338,-1.37622198651354E-13));
#4163=DIRECTION('ref_axis',(-1.94627179816291E-13,0.,-1.));
#4164=DIRECTION('center_axis',(1.,1.36496208701539E-14,-2.00811589579075E-13));
#4165=DIRECTION('ref_axis',(1.36496208701528E-14,-1.,-5.87250304671335E-15));
#4166=DIRECTION('',(2.01019223732471E-13,-0.0174524064372892,0.999847695156391));
#4167=DIRECTION('center_axis',(-1.,-1.36496208701539E-14,2.00811589579075E-13));
#4168=DIRECTION('ref_axis',(2.00811589579076E-13,-5.87250304671061E-15,
1.));
#4169=DIRECTION('center_axis',(-1.,-1.36496208701539E-14,2.00811589579075E-13));
#4170=DIRECTION('ref_axis',(-3.10995631837948E-14,0.996194698091797,-0.0871557427470712));
#4171=DIRECTION('',(-1.98857798008895E-13,-0.0871557427474347,-0.996194698091765));
#4172=DIRECTION('',(2.00811589579075E-13,-2.34731902024124E-16,1.));
#4173=DIRECTION('',(-1.,-1.36496208701539E-14,2.00811589579075E-13));
#4174=DIRECTION('',(1.,1.36496208701539E-14,-2.00811589579075E-13));
#4175=DIRECTION('center_axis',(1.,1.36496208701539E-14,-2.00811589579075E-13));
#4176=DIRECTION('ref_axis',(1.36496208701528E-14,-1.,-5.87250304671335E-15));
#4177=DIRECTION('',(-2.00811589579075E-13,2.34731902024124E-16,-1.));
#4178=DIRECTION('',(1.98857798008895E-13,0.0871557427474347,0.996194698091765));
#4179=DIRECTION('center_axis',(1.,1.36496208701539E-14,-2.00811589579075E-13));
#4180=DIRECTION('ref_axis',(-3.10995631837948E-14,0.996194698091797,-0.0871557427470712));
#4181=DIRECTION('center_axis',(1.,1.36496208701539E-14,-2.00811589579075E-13));
#4182=DIRECTION('ref_axis',(2.00811589579076E-13,-5.87250304671061E-15,
1.));
#4183=DIRECTION('',(-2.01019223732471E-13,0.0174524064372892,-0.999847695156391));
#4184=DIRECTION('center_axis',(-3.10995631839108E-14,0.996194698091746,
-0.0871557427476523));
#4185=DIRECTION('ref_axis',(1.,1.36496208701539E-14,-2.00811589579075E-13));
#4186=DIRECTION('',(1.,2.15322043449926E-14,-1.10713248180781E-13));
#4187=DIRECTION('',(1.,1.36496208701539E-14,-2.00811589579075E-13));
#4188=DIRECTION('center_axis',(-1.,-1.36496208701539E-14,2.00811589579075E-13));
#4189=DIRECTION('ref_axis',(1.25602787371743E-13,0.737277336810127,0.675590207615657));
#4190=DIRECTION('center_axis',(-1.40802727209525E-13,-0.665493714171141,
-0.746403454171201));
#4191=DIRECTION('ref_axis',(-1.438269747632E-13,0.746403454171201,-0.665493714171141));
#4192=DIRECTION('center_axis',(-1.40802727209525E-13,-0.665493714171141,
-0.746403454171201));
#4193=DIRECTION('ref_axis',(1.438269747632E-13,-0.7464034541712,0.665493714171141));
#4194=DIRECTION('center_axis',(-1.40802727209525E-13,-0.665493714171141,
-0.746403454171201));
#4195=DIRECTION('ref_axis',(-1.438269747632E-13,0.746403454171201,-0.665493714171141));
#4196=DIRECTION('center_axis',(-1.40802727209525E-13,-0.665493714171141,
-0.746403454171201));
#4197=DIRECTION('ref_axis',(1.438269747632E-13,-0.7464034541712,0.665493714171141));
#4198=DIRECTION('',(1.,1.36496208701539E-14,-2.00811589579075E-13));
#4199=DIRECTION('',(1.,1.36496208701539E-14,-2.00811589579075E-13));
#4200=DIRECTION('center_axis',(2.00811589579076E-13,-5.87250304671061E-15,
1.));
#4201=DIRECTION('ref_axis',(-1.,-1.36496208701539E-14,2.00811589579075E-13));
#4202=DIRECTION('center_axis',(-2.00811589579076E-13,5.87250304671061E-15,
-1.));
#4203=DIRECTION('ref_axis',(1.,1.36496208701539E-14,-2.00811589579075E-13));
#4204=DIRECTION('center_axis',(1.,1.36496208701539E-14,-2.00811589579075E-13));
#4205=DIRECTION('ref_axis',(1.50486301731175E-13,-0.713250449154184,0.700909264299849));
#4206=DIRECTION('',(1.,1.36496208701539E-14,-2.00811589579075E-13));
#4207=DIRECTION('center_axis',(1.01428964881298E-14,-0.999847695156391,
-0.0174524064372894));
#4208=DIRECTION('ref_axis',(-1.,-1.36496208701539E-14,2.00811589579075E-13));
#4209=DIRECTION('center_axis',(1.,1.36496208701539E-14,-2.00811589579075E-13));
#4210=DIRECTION('ref_axis',(-1.51646976210123E-13,0.707106781186558,-0.707106781186537));
#4211=DIRECTION('center_axis',(-2.15322043449926E-14,1.,2.34731902028448E-16));
#4212=DIRECTION('ref_axis',(1.,2.15322043449926E-14,-2.00819617452892E-13));
#4213=CARTESIAN_POINT('',(0.,0.,0.));
#4214=CARTESIAN_POINT('Origin',(-205.66843555372,-128.300336554015,335.999999991202));
#4215=CARTESIAN_POINT('',(-205.668435553717,-128.70033655402,350.799999991203));
#4216=CARTESIAN_POINT('',(-205.668437657177,-128.700336554009,365.099999991203));
#4217=CARTESIAN_POINT('',(-205.668435553716,-128.70033655402,358.654795546815));
#4218=CARTESIAN_POINT('',(-205.668437657182,-128.700336554009,335.999999991202));
#4219=CARTESIAN_POINT('',(-205.668437657181,-128.700336554009,343.504795546814));
#4220=CARTESIAN_POINT('',(-205.66843555372,-128.300336554015,335.999999991202));
#4221=CARTESIAN_POINT('',(-205.66843555372,-128.300336554015,335.999999991202));
#4222=CARTESIAN_POINT('',(-205.668435553715,-128.300336554015,365.099999991203));
#4223=CARTESIAN_POINT('',(-205.668435553716,-128.300336554015,358.654795546815));
#4224=CARTESIAN_POINT('',(-205.668435553715,-128.300336554015,365.099999991203));
#4225=CARTESIAN_POINT('Origin',(-237.668435553715,-128.300168277012,365.099999991209));
#4226=CARTESIAN_POINT('',(-237.668435553717,-128.700168277018,350.799999991209));
#4227=CARTESIAN_POINT('',(-237.668437657183,-128.700168277007,335.999999991209));
#4228=CARTESIAN_POINT('',(-237.668437657178,-128.700168277007,358.054795546821));
#4229=CARTESIAN_POINT('',(-237.668437657177,-128.700168277007,365.099999991209));
#4230=CARTESIAN_POINT('',(-237.668435553716,-128.700168277018,358.654795546821));
#4231=CARTESIAN_POINT('',(-237.668435553715,-128.300168277012,365.099999991209));
#4232=CARTESIAN_POINT('',(-237.668435553715,-128.300168277012,365.099999991209));
#4233=CARTESIAN_POINT('',(-237.66843555372,-128.300168277012,335.999999991209));
#4234=CARTESIAN_POINT('',(-237.668435553716,-128.300168277012,358.654795546821));
#4235=CARTESIAN_POINT('',(-237.66843555372,-128.300168277012,335.999999991209));
#4236=CARTESIAN_POINT('Origin',(-205.668435553715,-128.300336554015,365.099999991203));
#4237=CARTESIAN_POINT('',(-206.868437657177,-128.700330243622,366.299999991203));
#4238=CARTESIAN_POINT('',(-206.109196232564,-128.700334236212,365.540758566589));
#4239=CARTESIAN_POINT('',(-206.868435553714,-128.300330243627,366.299999991203));
#4240=CARTESIAN_POINT('',(-206.409178747859,-128.300332658701,365.840743185347));
#4241=CARTESIAN_POINT('',(-206.868435553714,-128.300330243627,366.299999991203));
#4242=CARTESIAN_POINT('Origin',(-236.468435553714,-128.3001745874,366.299999991209));
#4243=CARTESIAN_POINT('',(-236.468437657177,-128.700174587394,366.299999991209));
#4244=CARTESIAN_POINT('',(-236.554400676743,-128.700174135344,366.214036971642));
#4245=CARTESIAN_POINT('',(-236.468435553714,-128.3001745874,366.299999991209));
#4246=CARTESIAN_POINT('',(-236.468435553714,-128.3001745874,366.299999991209));
#4247=CARTESIAN_POINT('',(-236.854347695895,-128.30017255802,365.914087849028));
#4248=CARTESIAN_POINT('Origin',(-205.668435553714,-126.500084138507,366.299999991203));
#4249=CARTESIAN_POINT('',(-205.668435553716,-183.88297567484,350.799999991203));
#4250=CARTESIAN_POINT('',(-205.668435553717,-140.000126207759,350.799999991203));
#4251=CARTESIAN_POINT('',(-205.668435553714,-128.70033655402,368.428932179386));
#4252=CARTESIAN_POINT('',(-205.668435553716,-128.70033655402,358.654795546815));
#4253=CARTESIAN_POINT('',(-205.668435553711,-140.571404366001,380.299999991202));
#4254=CARTESIAN_POINT('',(-205.668435553713,-131.785796838823,371.514392464146));
#4255=CARTESIAN_POINT('',(-205.66843555371,-176.10435655152,380.299999991202));
#4256=CARTESIAN_POINT('',(-205.668435553711,-141.187584129526,380.299999991202));
#4257=CARTESIAN_POINT('',(-205.668435553711,-183.88297567484,375.299999991203));
#4258=CARTESIAN_POINT('',(-205.668435553709,-163.363312068585,388.489785530858));
#4259=CARTESIAN_POINT('',(-205.668435553711,-183.88297567484,375.799999991203));
#4260=CARTESIAN_POINT('',(-205.668435553713,-156.750084138507,368.049999991203));
#4261=CARTESIAN_POINT('Origin',(-205.668435553713,-153.500084138507,368.049999991203));
#4262=CARTESIAN_POINT('Origin',(-221.521880847087,-128.7002531862,351.00959110243));
#4263=CARTESIAN_POINT('',(-214.19515925213,-128.700291714911,366.299999991204));
#4264=CARTESIAN_POINT('',(-237.668435553714,-128.700168277018,368.428932179392));
#4265=CARTESIAN_POINT('',(-237.668435553716,-128.700168277018,358.654795546821));
#4266=CARTESIAN_POINT('',(-232.668435553747,-128.700194570299,375.499999991208));
#4267=CARTESIAN_POINT('',(-234.340526087625,-128.70018577735,373.135306880683));
#4268=CARTESIAN_POINT('',(-210.668435553678,-128.700310260739,375.499999991204));
#4269=CARTESIAN_POINT('',(-217.595122737555,-128.700273835671,375.499999991205));
#4270=CARTESIAN_POINT('',(-205.765482060856,-128.700336043686,368.566176665967));
#4271=CARTESIAN_POINT('Origin',(-242.07854669304,-133.000168277018,317.999999991998));
#4272=CARTESIAN_POINT('',(-243.405098826093,-128.700138109877,345.063336718836));
#4273=CARTESIAN_POINT('',(-243.405098826083,-128.700138109877,267.99999999124));
#4274=CARTESIAN_POINT('',(-243.405098826079,-128.700138109877,317.999999991998));
#4275=CARTESIAN_POINT('',(-246.578546693043,-133.000168277018,267.999999991997));
#4276=CARTESIAN_POINT('Origin',(-242.078546693043,-133.000168277018,267.999999991996));
#4277=CARTESIAN_POINT('',(-246.578546693042,-133.000168277015,341.999999991211));
#4278=CARTESIAN_POINT('',(-246.57854669304,-133.000168277019,317.999999991998));
#4279=CARTESIAN_POINT('',(-246.468435553719,-132.010786757629,341.999999991211));
#4280=CARTESIAN_POINT('Origin',(-242.078546693042,-133.000168277015,341.99999999121));
#4281=CARTESIAN_POINT('Origin',(-242.078546693041,-133.000168277015,346.389888851887));
#4282=CARTESIAN_POINT('Origin',(-242.078546693043,-133.000168278425,259.999999991998));
#4283=CARTESIAN_POINT('',(-243.405098826079,-128.700138109877,258.999999991242));
#4284=CARTESIAN_POINT('',(-243.405098821523,-128.700138109877,259.999999991242));
#4285=CARTESIAN_POINT('',(-246.578546693046,-133.000168278597,258.999999991998));
#4286=CARTESIAN_POINT('Origin',(-242.078546693046,-133.000168278597,258.999999991998));
#4287=CARTESIAN_POINT('',(-246.578546693043,-133.000168278425,259.999999991997));
#4288=CARTESIAN_POINT('Origin',(-237.123491123383,-138.000126209343,258.999999992878));
#4289=CARTESIAN_POINT('',(-227.66843555372,-128.700220863581,258.999999991243));
#4290=CARTESIAN_POINT('',(-218.527509468934,-128.70026893257,258.999999991244));
#4291=CARTESIAN_POINT('',(-227.66843555372,-133.37547234101,258.999999992065));
#4292=CARTESIAN_POINT('',(-227.66843555372,-128.500168278597,258.999999991208));
#4293=CARTESIAN_POINT('',(-229.462874690476,-134.000168278602,258.999999992175));
#4294=CARTESIAN_POINT('Origin',(-221.668435553719,-153.500084138508,258.999999995604));
#4295=CARTESIAN_POINT('',(-238.668435553725,-134.000168278602,258.999999992174));
#4296=CARTESIAN_POINT('',(-238.668435553725,-134.000168278602,258.999999992174));
#4297=CARTESIAN_POINT('',(-241.168435553725,-136.500168278602,258.999999992614));
#4298=CARTESIAN_POINT('Origin',(-238.668435553725,-136.500168278602,258.999999992614));
#4299=CARTESIAN_POINT('',(-241.168435553725,-141.500084140089,258.999999993493));
#4300=CARTESIAN_POINT('',(-241.168435553724,-170.500168278602,258.999999998591));
#4301=CARTESIAN_POINT('',(-246.578546693045,-141.500084140089,258.999999993493));
#4302=CARTESIAN_POINT('',(-239.145963338549,-141.500084140089,258.999999993493));
#4303=CARTESIAN_POINT('',(-246.578546693045,-147.500084140089,258.999999994547));
#4304=CARTESIAN_POINT('Origin',(-227.668435553717,-128.000168277546,264.99999999112));
#4305=CARTESIAN_POINT('',(-227.668435553717,-128.700220863581,264.999999991242));
#4306=CARTESIAN_POINT('',(-227.668435553718,-128.700220863581,275.499999991163));
#4307=CARTESIAN_POINT('',(-227.668435553717,-133.375472341009,264.999999992064));
#4308=CARTESIAN_POINT('',(-227.668435553717,-131.250168248131,264.99999999169));
#4309=CARTESIAN_POINT('',(-227.668435553719,-133.375472341009,285.999999991207));
#4310=CARTESIAN_POINT('Origin',(-221.668435553713,-160.600069054938,285.999999991207));
#4311=CARTESIAN_POINT('',(-237.418435553713,-136.75016821819,285.999999992657));
#4312=CARTESIAN_POINT('Origin',(-238.418435553713,-136.75016821819,285.999999992657));
#4313=CARTESIAN_POINT('Origin',(-221.668435553713,-160.600069054938,285.999999991207));
#4314=CARTESIAN_POINT('',(-203.918435553713,-136.750168218189,285.999999992658));
#4315=CARTESIAN_POINT('Origin',(-204.918435553713,-136.750168218189,285.999999992658));
#4316=CARTESIAN_POINT('Origin',(-221.668435553713,-160.600069054938,285.999999991207));
#4317=CARTESIAN_POINT('',(-203.918435553711,-170.25016827702,285.999999998547));
#4318=CARTESIAN_POINT('Origin',(-204.918435553711,-170.25016827702,285.999999998547));
#4319=CARTESIAN_POINT('Origin',(-221.668435553713,-160.600069054938,285.999999991207));
#4320=CARTESIAN_POINT('',(-237.418435553712,-170.250168277021,285.999999998547));
#4321=CARTESIAN_POINT('Origin',(-238.418435553712,-170.250168277021,285.999999998547));
#4322=CARTESIAN_POINT('Origin',(-221.668435553713,-153.500084138511,285.999999991207));
#4323=CARTESIAN_POINT('',(-196.866660860368,-173.393429088067,285.999999991207));
#4324=CARTESIAN_POINT('',(-207.054121855141,-185.534372298796,285.999999991207));
#4325=CARTESIAN_POINT('',(-205.108787038512,-183.216012547863,285.999999991207));
#4326=CARTESIAN_POINT('',(-201.209266220143,-192.5,285.999999991207));
#4327=CARTESIAN_POINT('',(-215.037739062501,-176.019867810028,285.999999991207));
#4328=CARTESIAN_POINT('',(-192.660902892825,-192.5,285.999999991207));
#4329=CARTESIAN_POINT('',(-201.209266220143,-192.5,285.999999991207));
#4330=CARTESIAN_POINT('',(-192.660902892825,-191.5,285.999999991207));
#4331=CARTESIAN_POINT('',(-192.660902892825,-192.5,285.999999991207));
#4332=CARTESIAN_POINT('',(-195.660902892825,-188.5,285.999999991207));
#4333=CARTESIAN_POINT('Origin',(-195.660902892825,-191.5,285.999999991207));
#4334=CARTESIAN_POINT('',(-196.758324414392,-188.5,285.999999991207));
#4335=CARTESIAN_POINT('',(-195.660902892825,-188.5,285.999999991207));
#4336=CARTESIAN_POINT('',(-196.758324414387,-173.393429088067,285.999999991207));
#4337=CARTESIAN_POINT('',(-196.758324414393,-174.504803328943,285.999999991201));
#4338=CARTESIAN_POINT('',(-209.26754820704,-173.393429088067,285.999999991207));
#4339=CARTESIAN_POINT('Origin',(-221.668435553713,-153.500084138511,285.999999991207));
#4340=CARTESIAN_POINT('',(-236.263139227203,-185.574968777482,285.999999991207));
#4341=CARTESIAN_POINT('',(-246.578546693039,-173.393429088067,285.999999991207));
#4342=CARTESIAN_POINT('',(-246.282474326351,-173.743063098909,285.999999991207));
#4343=CARTESIAN_POINT('',(-246.57854669304,-178.50000000498,285.999999991207));
#4344=CARTESIAN_POINT('',(-246.578546693044,-181.141382758425,285.999999991207));
#4345=CARTESIAN_POINT('',(-246.562431066476,-188.5,285.999999991207));
#4346=CARTESIAN_POINT('',(-246.563358045926,-187.924794657461,285.999999991207));
#4347=CARTESIAN_POINT('',(-247.637052088904,-188.5,285.999999991207));
#4348=CARTESIAN_POINT('',(-246.562431066476,-188.5,285.999999991207));
#4349=CARTESIAN_POINT('',(-250.637052088904,-191.5,285.999999991207));
#4350=CARTESIAN_POINT('Origin',(-247.637052088904,-191.5,285.999999991207));
#4351=CARTESIAN_POINT('',(-250.637052088904,-192.519185269644,285.999999991207));
#4352=CARTESIAN_POINT('',(-250.637052088904,-191.5,285.999999991207));
#4353=CARTESIAN_POINT('',(-242.045658824549,-192.505339701086,285.999999991207));
#4354=CARTESIAN_POINT('',(-250.637052088904,-192.519185269644,285.999999991207));
#4355=CARTESIAN_POINT('',(-235.168592262136,-184.263150229613,285.999999991207));
#4356=CARTESIAN_POINT('Origin',(-221.668435553719,-153.500084138508,285.999999991207));
#4357=CARTESIAN_POINT('',(-200.668435553719,-153.500084138508,335.999999991207));
#4358=CARTESIAN_POINT('Origin',(-221.66843555372,-153.500084138508,335.999999991206));
#4359=CARTESIAN_POINT('',(-200.668435553718,-153.500084138508,264.999999995604));
#4360=CARTESIAN_POINT('',(-200.668435553719,-153.500084138508,285.999999991207));
#4361=CARTESIAN_POINT('',(-201.543823756378,-159.500084139038,264.999999996659));
#4362=CARTESIAN_POINT('Origin',(-221.668435553719,-153.500084138508,264.999999995602));
#4363=CARTESIAN_POINT('',(-202.168435553717,-161.294312772564,263.205771363764));
#4364=CARTESIAN_POINT('Origin',(-221.668435553719,-153.500084138508,270.999999995082));
#4365=CARTESIAN_POINT('',(-202.168435553716,-161.294312772562,264.999999996974));
#4366=CARTESIAN_POINT('',(-202.168435553718,-161.294312772567,285.999999991207));
#4367=CARTESIAN_POINT('',(-205.959359733106,-167.436544839211,264.999999998054));
#4368=CARTESIAN_POINT('Origin',(-221.668435553719,-153.500084138508,264.999999995602));
#4369=CARTESIAN_POINT('',(-205.959359734266,-167.436544840519,259.999999998053));
#4370=CARTESIAN_POINT('',(-205.959359728229,-167.436544833713,285.999999991207));
#4371=CARTESIAN_POINT('',(-207.732053762749,-169.209229964311,259.999999998365));
#4372=CARTESIAN_POINT('Origin',(-221.668435553719,-153.500084138508,259.999999995602));
#4373=CARTESIAN_POINT('',(-207.732053763233,-169.20922996474,264.999999998365));
#4374=CARTESIAN_POINT('',(-207.732053765269,-169.209229966546,285.999999991207));
#4375=CARTESIAN_POINT('',(-213.874417426311,-173.000168277548,264.999999999031));
#4376=CARTESIAN_POINT('Origin',(-221.668435553719,-153.500084138508,264.999999995602));
#4377=CARTESIAN_POINT('',(-213.874417428949,-173.000168278602,258.999999999032));
#4378=CARTESIAN_POINT('',(-213.874417574817,-173.000168336905,261.999999999032));
#4379=CARTESIAN_POINT('',(-215.66843555372,-173.624695936006,258.999999999142));
#4380=CARTESIAN_POINT('Origin',(-221.668435553719,-153.500084138508,258.999999995604));
#4381=CARTESIAN_POINT('',(-215.668435553717,-173.624695936006,264.999999999141));
#4382=CARTESIAN_POINT('',(-215.668435553718,-173.624695936006,285.999999991207));
#4383=CARTESIAN_POINT('',(-227.668435553717,-173.624695936007,264.99999999914));
#4384=CARTESIAN_POINT('Origin',(-221.668435553719,-153.500084138508,264.999999995602));
#4385=CARTESIAN_POINT('',(-227.66843555372,-173.624695936006,258.999999999142));
#4386=CARTESIAN_POINT('',(-227.668435553718,-173.624695936006,285.999999991207));
#4387=CARTESIAN_POINT('',(-229.462453678489,-173.000168278602,258.999999999032));
#4388=CARTESIAN_POINT('Origin',(-221.668435553719,-153.500084138508,258.999999995604));
#4389=CARTESIAN_POINT('',(-229.462453681125,-173.000168277548,264.99999999903));
#4390=CARTESIAN_POINT('',(-229.462453532621,-173.000168336904,261.999999999031));
#4391=CARTESIAN_POINT('',(-235.604817344196,-169.209229964748,264.999999998363));
#4392=CARTESIAN_POINT('Origin',(-221.668435553719,-153.500084138508,264.999999995602));
#4393=CARTESIAN_POINT('',(-235.604817344679,-169.209229964319,259.999999998363));
#4394=CARTESIAN_POINT('',(-235.604817342164,-169.20922996655,285.999999991207));
#4395=CARTESIAN_POINT('',(-237.377511373174,-167.436544840516,259.999999998052));
#4396=CARTESIAN_POINT('Origin',(-221.668435553719,-153.500084138508,259.999999995602));
#4397=CARTESIAN_POINT('',(-237.377511374334,-167.436544839208,264.999999998052));
#4398=CARTESIAN_POINT('',(-237.37751137921,-167.436544833712,285.999999991207));
#4399=CARTESIAN_POINT('',(-241.168435553715,-161.294312772577,264.999999996971));
#4400=CARTESIAN_POINT('Origin',(-221.668435553719,-153.500084138508,264.999999995602));
#4401=CARTESIAN_POINT('',(-241.168435553718,-161.294312772571,263.205771363754));
#4402=CARTESIAN_POINT('',(-241.168435553719,-161.294312772568,285.999999991207));
#4403=CARTESIAN_POINT('',(-241.793047351059,-159.500084139038,264.999999996656));
#4404=CARTESIAN_POINT('Origin',(-221.668435553719,-153.500084138508,270.999999995083));
#4405=CARTESIAN_POINT('',(-241.793047351375,-147.500084139038,264.999999994546));
#4406=CARTESIAN_POINT('Origin',(-221.668435553719,-153.500084138508,264.999999995602));
#4407=CARTESIAN_POINT('',(-241.168435553718,-145.705855504444,263.205771359324));
#4408=CARTESIAN_POINT('Origin',(-221.668435553719,-153.500084138508,270.999999996124));
#4409=CARTESIAN_POINT('',(-241.168435553716,-145.705855504439,264.999999994231));
#4410=CARTESIAN_POINT('',(-241.168435553719,-145.705855504447,285.999999991207));
#4411=CARTESIAN_POINT('',(-237.377733505479,-139.563873826416,264.999999993151));
#4412=CARTESIAN_POINT('Origin',(-221.668435553719,-153.500084138508,264.999999995602));
#4413=CARTESIAN_POINT('',(-237.377733506639,-139.563873827724,259.999999993151));
#4414=CARTESIAN_POINT('',(-237.377733500603,-139.563873820919,285.999999991207));
#4415=CARTESIAN_POINT('',(-235.60472472153,-137.79085614248,259.99999999284));
#4416=CARTESIAN_POINT('Origin',(-221.668435553719,-153.500084138508,259.999999995602));
#4417=CARTESIAN_POINT('',(-235.604724722014,-137.79085614291,264.99999999284));
#4418=CARTESIAN_POINT('',(-235.604724724049,-137.790856144715,285.999999991207));
#4419=CARTESIAN_POINT('',(-229.462874540659,-134.000168218717,264.999999992174));
#4420=CARTESIAN_POINT('Origin',(-221.668435553719,-153.500084138508,264.999999995602));
#4421=CARTESIAN_POINT('',(-229.462874689154,-134.000168278073,261.999999992174));
#4422=CARTESIAN_POINT('',(-215.668435553718,-133.375472341009,264.999999992065));
#4423=CARTESIAN_POINT('Origin',(-221.668435553719,-153.500084138508,264.999999995602));
#4424=CARTESIAN_POINT('',(-215.668436350123,-133.375472341011,259.999999992066));
#4425=CARTESIAN_POINT('',(-215.668435553717,-133.37547234101,285.999999991207));
#4426=CARTESIAN_POINT('',(-215.668436350124,-133.375472103567,258.999999992066));
#4427=CARTESIAN_POINT('',(-215.668436350125,-133.375472103567,285.999999991207));
#4428=CARTESIAN_POINT('',(-213.873996416961,-134.000168278602,258.999999992176));
#4429=CARTESIAN_POINT('Origin',(-221.668435553719,-153.500084138508,258.999999995604));
#4430=CARTESIAN_POINT('',(-213.87399656678,-134.000168218717,264.999999992175));
#4431=CARTESIAN_POINT('',(-213.87399641828,-134.000168278075,261.999999992175));
#4432=CARTESIAN_POINT('',(-207.732146385416,-137.790856142917,264.999999992841));
#4433=CARTESIAN_POINT('Origin',(-221.668435553719,-153.500084138508,264.999999995602));
#4434=CARTESIAN_POINT('',(-207.732146385899,-137.790856142488,259.999999992841));
#4435=CARTESIAN_POINT('',(-207.732146383385,-137.790856144718,285.999999991207));
#4436=CARTESIAN_POINT('',(-205.959137600802,-139.56387382772,259.999999993153));
#4437=CARTESIAN_POINT('Origin',(-221.668435553719,-153.500084138508,259.999999995602));
#4438=CARTESIAN_POINT('',(-205.959137601962,-139.563873826412,264.999999993153));
#4439=CARTESIAN_POINT('',(-205.959137606837,-139.563873820917,285.999999991207));
#4440=CARTESIAN_POINT('',(-202.168435553716,-145.705855504453,264.999999994233));
#4441=CARTESIAN_POINT('Origin',(-221.668435553719,-153.500084138508,264.999999995602));
#4442=CARTESIAN_POINT('',(-202.168435553725,-145.705855504432,263.205771359315));
#4443=CARTESIAN_POINT('',(-202.168435553725,-145.705855504431,285.999999991207));
#4444=CARTESIAN_POINT('',(-201.543823756062,-147.500084139038,264.999999994549));
#4445=CARTESIAN_POINT('Origin',(-221.668435553719,-153.500084138508,270.999999996131));
#4446=CARTESIAN_POINT('Origin',(-221.668435553719,-153.500084138508,264.999999995602));
#4447=CARTESIAN_POINT('Origin',(-242.101018908213,-162.500084139564,261.999999997185));
#4448=CARTESIAN_POINT('',(-241.168435553724,-165.500084140089,258.999999997712));
#4449=CARTESIAN_POINT('',(-241.168435553718,-154.625105172811,269.874978961173));
#4450=CARTESIAN_POINT('',(-246.578546693045,-165.500084140089,258.999999997712));
#4451=CARTESIAN_POINT('',(-242.101018908213,-165.500084140089,258.999999997712));
#4452=CARTESIAN_POINT('',(-246.578546693043,-159.500084139038,264.999999996656));
#4453=CARTESIAN_POINT('',(-246.578546693042,-165.875063105529,258.625021032404));
#4454=CARTESIAN_POINT('',(-234.351018908211,-159.500084139038,264.999999996656));
#4455=CARTESIAN_POINT('Origin',(-241.168435553718,-134.000168277546,264.999999992174));
#4456=CARTESIAN_POINT('',(-241.168435553715,-167.250168277548,264.999999998019));
#4457=CARTESIAN_POINT('',(-241.168435553716,-146.625168233425,264.999999994392));
#4458=CARTESIAN_POINT('',(-241.168435553716,-167.250168278427,259.999999998018));
#4459=CARTESIAN_POINT('',(-241.168435553715,-167.250168278163,261.499999998019));
#4460=CARTESIAN_POINT('',(-241.168435553724,-170.500168278426,259.999999998591));
#4461=CARTESIAN_POINT('',(-241.168435553725,-146.750126179755,259.999999994414));
#4462=CARTESIAN_POINT('',(-241.168435553724,-170.500168278602,258.999999998591));
#4463=CARTESIAN_POINT('',(-241.168435553724,-170.500168278426,259.999999998591));
#4464=CARTESIAN_POINT('',(-241.168435553724,-170.500168278602,258.999999998591));
#4465=CARTESIAN_POINT('Origin',(-238.418435553716,-136.750168219464,260.749999992656));
#4466=CARTESIAN_POINT('',(-235.418435553716,-136.750168219596,259.999999992657));
#4467=CARTESIAN_POINT('Origin',(-238.418435553716,-136.750168219596,259.999999992657));
#4468=CARTESIAN_POINT('',(-235.418435553716,-136.750168218717,264.999999992657));
#4469=CARTESIAN_POINT('',(-235.418435553717,-136.750168219464,260.749999992657));
#4470=CARTESIAN_POINT('Origin',(-238.418435553716,-136.750168218717,264.999999992656));
#4471=CARTESIAN_POINT('Origin',(-202.168435553716,-134.000168219596,259.999999992175));
#4472=CARTESIAN_POINT('',(-235.418435553716,-170.250168278427,259.999999998547));
#4473=CARTESIAN_POINT('Origin',(-238.418435553716,-170.250168278427,259.999999998546));
#4474=CARTESIAN_POINT('',(-235.418435553716,-173.000168278427,259.99999999903));
#4475=CARTESIAN_POINT('',(-235.418435553716,-171.750168278427,259.99999999881));
#4476=CARTESIAN_POINT('',(-238.668435553724,-173.000168278426,259.999999999031));
#4477=CARTESIAN_POINT('',(-220.41843555372,-173.000168278426,259.999999999031));
#4478=CARTESIAN_POINT('Origin',(-238.668435553724,-170.500168278426,259.999999998591));
#4479=CARTESIAN_POINT('',(-238.418435553716,-167.250168278427,259.999999998019));
#4480=CARTESIAN_POINT('',(-241.129457604821,-167.250168278427,259.999999998018));
#4481=CARTESIAN_POINT('Origin',(-238.418435553716,-170.250168278427,259.999999998546));
#4482=CARTESIAN_POINT('',(-238.418435553716,-169.250168278427,259.99999999837));
#4483=CARTESIAN_POINT('Origin',(-238.418435553716,-170.250168278427,259.999999998546));
#4484=CARTESIAN_POINT('Origin',(-238.418435553716,-170.250168278295,260.749999998546));
#4485=CARTESIAN_POINT('',(-235.418435553716,-170.250168277549,264.999999998546));
#4486=CARTESIAN_POINT('Origin',(-238.418435553716,-170.250168277549,264.999999998546));
#4487=CARTESIAN_POINT('',(-235.418435553716,-170.250168278295,260.749999998546));
#4488=CARTESIAN_POINT('Origin',(-238.418435553716,-170.250168278295,260.749999998546));
#4489=CARTESIAN_POINT('',(-238.418435553716,-167.250168277549,264.999999998019));
#4490=CARTESIAN_POINT('',(-238.418435553716,-167.250168278295,260.749999998018));
#4491=CARTESIAN_POINT('Origin',(-238.418435553716,-170.250168277549,264.999999998546));
#4492=CARTESIAN_POINT('Origin',(-241.168435553718,-173.000168336377,264.999999999031));
#4493=CARTESIAN_POINT('',(-238.668435553724,-173.000168278602,258.999999999031));
#4494=CARTESIAN_POINT('',(-204.668435553724,-173.000168278602,258.999999999033));
#4495=CARTESIAN_POINT('',(-238.668435553724,-173.000168278426,259.999999999031));
#4496=CARTESIAN_POINT('',(-235.418435553716,-173.000168277549,264.99999999903));
#4497=CARTESIAN_POINT('',(-235.418435553716,-173.000168278164,261.49999999903));
#4498=CARTESIAN_POINT('',(-228.543435553716,-173.000168277548,264.99999999903));
#4499=CARTESIAN_POINT('Origin',(-237.123491123383,-169.000042070836,258.999999998328));
#4500=CARTESIAN_POINT('',(-227.66843555372,-178.500000001583,258.999999999999));
#4501=CARTESIAN_POINT('',(-227.66843555372,-173.0001682786,258.999999999032));
#4502=CARTESIAN_POINT('',(-246.578546693046,-178.500000001582,258.999999999998));
#4503=CARTESIAN_POINT('',(-221.045761658395,-178.5,258.999999999999));
#4504=CARTESIAN_POINT('',(-246.578546693045,-174.000000001582,258.999999999206));
#4505=CARTESIAN_POINT('',(-246.578546693046,-174.0001682786,258.999999999207));
#4506=CARTESIAN_POINT('',(-246.578546693046,-174.000000001582,258.999999999206));
#4507=CARTESIAN_POINT('Origin',(-238.668435553724,-170.500168278602,258.999999998592));
#4508=CARTESIAN_POINT('Origin',(-227.668435553717,-173.000168278427,259.999999999031));
#4509=CARTESIAN_POINT('',(-227.668435553717,-178.500000000531,264.999999999997));
#4510=CARTESIAN_POINT('',(-227.668435553717,-168.125105173666,264.999999998173));
#4511=CARTESIAN_POINT('',(-227.668435553717,-178.50000000141,259.999999999998));
#4512=CARTESIAN_POINT('',(-227.668435553717,-178.50000000141,259.999999999998));
#4513=CARTESIAN_POINT('',(-227.66843555372,-178.5,266.502342870025));
#4514=CARTESIAN_POINT('Origin',(-215.668435553717,-179.00000000141,260.000000000087));
#4515=CARTESIAN_POINT('',(-215.66843555372,-178.500000001583,258.999999999999));
#4516=CARTESIAN_POINT('',(-215.66843555372,-178.500000001583,258.999999999999));
#4517=CARTESIAN_POINT('',(-215.668435553717,-178.50000000141,259.999999999999));
#4518=CARTESIAN_POINT('',(-215.66843555372,-178.5,266.502342870509));
#4519=CARTESIAN_POINT('',(-215.668435553717,-178.500000000531,264.999999999998));
#4520=CARTESIAN_POINT('',(-215.668435553717,-178.50000000141,259.999999999999));
#4521=CARTESIAN_POINT('',(-215.668435553717,-171.125021035158,264.999999998701));
#4522=CARTESIAN_POINT('Origin',(-206.213379984056,-169.000042070836,258.99999999833));
#4523=CARTESIAN_POINT('',(-204.668435553724,-173.000168278602,258.999999999033));
#4524=CARTESIAN_POINT('',(-204.668435553724,-173.000168278602,258.999999999033));
#4525=CARTESIAN_POINT('',(-202.168435553724,-170.500168278602,258.999999998594));
#4526=CARTESIAN_POINT('Origin',(-204.668435553724,-170.500168278602,258.999999998593));
#4527=CARTESIAN_POINT('',(-202.168435553724,-165.50008414009,258.999999997714));
#4528=CARTESIAN_POINT('',(-202.168435553725,-136.500168278602,258.999999992616));
#4529=CARTESIAN_POINT('',(-196.758324414393,-165.50008414009,258.999999997715));
#4530=CARTESIAN_POINT('',(-204.190907768886,-165.50008414009,258.999999997714));
#4531=CARTESIAN_POINT('',(-196.758324414393,-178.500000001582,259.));
#4532=CARTESIAN_POINT('',(-196.758324414393,-159.50008414009,258.99999999666));
#4533=CARTESIAN_POINT('',(-221.045761658395,-178.5,258.999999999999));
#4534=CARTESIAN_POINT('Origin',(-241.168435553718,-173.000168336377,264.999999999031));
#4535=CARTESIAN_POINT('',(-207.918435553716,-173.000168277548,264.999999999032));
#4536=CARTESIAN_POINT('',(-228.543435553716,-173.000168277548,264.99999999903));
#4537=CARTESIAN_POINT('',(-207.918435553716,-173.000168278427,259.999999999032));
#4538=CARTESIAN_POINT('',(-207.918435553716,-173.000168278361,260.374999999032));
#4539=CARTESIAN_POINT('',(-204.668435553724,-173.000168278427,259.999999999033));
#4540=CARTESIAN_POINT('',(-208.918435553718,-173.000168278427,259.999999999031));
#4541=CARTESIAN_POINT('',(-204.668435553724,-173.000168278427,259.999999999033));
#4542=CARTESIAN_POINT('Origin',(-202.168435553716,-134.000168219596,259.999999992175));
#4543=CARTESIAN_POINT('',(-204.918435553713,-167.250168278427,259.999999998021));
#4544=CARTESIAN_POINT('Origin',(-204.918435553715,-170.250168278427,259.999999998548));
#4545=CARTESIAN_POINT('',(-202.168435553716,-167.250168278427,259.999999998021));
#4546=CARTESIAN_POINT('',(-202.220648718113,-167.250168278427,259.999999998021));
#4547=CARTESIAN_POINT('',(-202.168435553724,-170.500168278426,259.999999998594));
#4548=CARTESIAN_POINT('',(-202.168435553724,-152.250168249011,259.999999995384));
#4549=CARTESIAN_POINT('Origin',(-204.668435553724,-170.500168278426,259.999999998592));
#4550=CARTESIAN_POINT('',(-207.918435553716,-170.250168278427,259.999999998548));
#4551=CARTESIAN_POINT('',(-207.918435553716,-172.638860648127,259.999999998968));
#4552=CARTESIAN_POINT('Origin',(-204.918435553715,-170.250168278427,259.999999998548));
#4553=CARTESIAN_POINT('',(-204.918435553715,-169.250168278427,259.999999998371));
#4554=CARTESIAN_POINT('Origin',(-204.918435553716,-170.250168278427,259.999999998547));
#4555=CARTESIAN_POINT('Origin',(-204.918435553716,-136.750168219464,260.749999992658));
#4556=CARTESIAN_POINT('',(-204.918435553714,-139.750168219596,259.999999993186));
#4557=CARTESIAN_POINT('Origin',(-204.918435553716,-136.750168219596,259.999999992658));
#4558=CARTESIAN_POINT('',(-204.918435553713,-139.750168218717,264.999999993186));
#4559=CARTESIAN_POINT('',(-204.918435553713,-139.750168219332,261.499999993186));
#4560=CARTESIAN_POINT('Origin',(-204.918435553716,-136.750168218717,264.999999992659));
#4561=CARTESIAN_POINT('Origin',(-204.918435553716,-170.250168278295,260.749999998548));
#4562=CARTESIAN_POINT('',(-204.918435553713,-167.250168277548,264.999999998021));
#4563=CARTESIAN_POINT('Origin',(-204.918435553716,-170.250168277548,264.999999998548));
#4564=CARTESIAN_POINT('',(-204.918435553716,-167.250168278295,260.74999999802));
#4565=CARTESIAN_POINT('Origin',(-204.918435553716,-170.250168278295,260.749999998548));
#4566=CARTESIAN_POINT('',(-207.918435553716,-170.250168277548,264.999999998548));
#4567=CARTESIAN_POINT('',(-207.918435553716,-170.250168278295,260.749999998548));
#4568=CARTESIAN_POINT('Origin',(-204.918435553716,-170.250168277548,264.999999998548));
#4569=CARTESIAN_POINT('Origin',(-202.168435553717,-173.000168336377,264.999999999033));
#4570=CARTESIAN_POINT('',(-202.168435553717,-164.375105189227,260.124978948182));
#4571=CARTESIAN_POINT('',(-202.168435553724,-170.500168278426,259.999999998594));
#4572=CARTESIAN_POINT('',(-202.168435553716,-167.250168277548,264.999999998021));
#4573=CARTESIAN_POINT('',(-202.168435553716,-167.250168278361,260.374999998021));
#4574=CARTESIAN_POINT('',(-202.168435553716,-160.37516826284,264.999999996812));
#4575=CARTESIAN_POINT('Origin',(-204.190907768886,-162.500084139564,261.999999997187));
#4576=CARTESIAN_POINT('',(-196.75832441439,-159.500084139038,264.999999996659));
#4577=CARTESIAN_POINT('',(-211.895963338548,-159.500084139038,264.999999996658));
#4578=CARTESIAN_POINT('',(-196.758324414393,-169.750063106253,254.750021033045));
#4579=CARTESIAN_POINT('Origin',(-221.668435553717,-134.500168218717,264.999999992262));
#4580=CARTESIAN_POINT('',(-231.418435553717,-167.25016827755,264.999999998019));
#4581=CARTESIAN_POINT('Origin',(-221.668435553717,-134.500168218717,264.999999992262));
#4582=CARTESIAN_POINT('',(-235.418435553716,-161.875168262841,264.999999997074));
#4583=CARTESIAN_POINT('Origin',(-221.668435553717,-134.500168218717,264.999999992262));
#4584=CARTESIAN_POINT('',(-211.443921921201,-178.500000000531,264.999999999998));
#4585=CARTESIAN_POINT('Origin',(-221.668435553717,-134.500168218717,264.999999992262));
#4586=CARTESIAN_POINT('',(-207.918435553714,-163.250168262842,264.999999997317));
#4587=CARTESIAN_POINT('Origin',(-221.668435553717,-134.500168218717,264.999999992262));
#4588=CARTESIAN_POINT('',(-213.293435553714,-167.250168277548,264.99999999802));
#4589=CARTESIAN_POINT('Origin',(-221.668435553717,-134.500168218717,264.999999992262));
#4590=CARTESIAN_POINT('',(-196.75832441439,-147.500084139038,264.999999994549));
#4591=CARTESIAN_POINT('',(-208.895963338548,-147.500084139038,264.999999994548));
#4592=CARTESIAN_POINT('',(-196.75832441439,-133.75025238664,264.999999992132));
#4593=CARTESIAN_POINT('Origin',(-221.668435553717,-134.500168218717,264.999999992262));
#4594=CARTESIAN_POINT('',(-202.168435553716,-139.750168218717,264.999999993186));
#4595=CARTESIAN_POINT('',(-211.918435553716,-139.750168218717,264.999999993186));
#4596=CARTESIAN_POINT('',(-202.168435553716,-160.37516826284,264.999999996812));
#4597=CARTESIAN_POINT('Origin',(-221.668435553717,-134.500168218717,264.999999992262));
#4598=CARTESIAN_POINT('',(-207.918435553717,-134.000168218717,264.999999992175));
#4599=CARTESIAN_POINT('',(-214.793435553716,-134.000168218717,264.999999992174));
#4600=CARTESIAN_POINT('',(-207.918435553716,-136.750168218717,264.999999992658));
#4601=CARTESIAN_POINT('',(-207.918435553717,-145.125168233425,264.999999994131));
#4602=CARTESIAN_POINT('Origin',(-204.918435553716,-136.750168218717,264.999999992659));
#4603=CARTESIAN_POINT('Origin',(-221.668435553717,-134.500168218717,264.999999992262));
#4604=CARTESIAN_POINT('',(-215.668435553718,-128.700283967457,264.999999991243));
#4605=CARTESIAN_POINT('',(-210.799990886853,-128.700309568934,264.999999991243));
#4606=CARTESIAN_POINT('',(-215.668435553718,-134.250168248131,264.999999992218));
#4607=CARTESIAN_POINT('Origin',(-221.668435553717,-134.500168218717,264.999999992262));
#4608=CARTESIAN_POINT('',(-235.418435553717,-134.000168218717,264.999999992173));
#4609=CARTESIAN_POINT('',(-235.418435553715,-143.750168233426,264.999999993887));
#4610=CARTESIAN_POINT('',(-214.793435553716,-134.000168218717,264.999999992174));
#4611=CARTESIAN_POINT('Origin',(-221.668435553717,-134.500168218717,264.999999992262));
#4612=CARTESIAN_POINT('',(-241.168435553716,-139.750168218717,264.999999993184));
#4613=CARTESIAN_POINT('',(-241.168435553716,-146.625168233425,264.999999994392));
#4614=CARTESIAN_POINT('',(-238.418435553716,-139.750168218718,264.999999993184));
#4615=CARTESIAN_POINT('',(-230.043435553715,-139.750168218719,264.999999993184));
#4616=CARTESIAN_POINT('Origin',(-238.418435553716,-136.750168218717,264.999999992656));
#4617=CARTESIAN_POINT('Origin',(-221.668435553717,-134.500168218717,264.999999992262));
#4618=CARTESIAN_POINT('',(-246.578546693042,-147.500084139038,264.999999994546));
#4619=CARTESIAN_POINT('',(-246.578546693043,-154.250084109624,264.999999995733));
#4620=CARTESIAN_POINT('',(-231.395963338548,-147.500084139038,264.999999994547));
#4621=CARTESIAN_POINT('Origin',(-206.213383489828,-138.000210347828,258.999999992879));
#4622=CARTESIAN_POINT('',(-215.668442310357,-128.700283967421,258.999999991244));
#4623=CARTESIAN_POINT('',(-199.931576719754,-128.700366722189,258.999999991245));
#4624=CARTESIAN_POINT('',(-203.072455652363,-128.700350205387,258.999999991245));
#4625=CARTESIAN_POINT('',(-196.758324414394,-133.000336555615,258.999999992001));
#4626=CARTESIAN_POINT('Origin',(-201.258324414393,-133.000336555615,258.999999992001));
#4627=CARTESIAN_POINT('',(-196.758324414393,-141.50008414009,258.999999993495));
#4628=CARTESIAN_POINT('',(-196.758324414394,-133.000336555615,258.999999992001));
#4629=CARTESIAN_POINT('',(-202.168435553725,-141.50008414009,258.999999993495));
#4630=CARTESIAN_POINT('',(-201.485853952111,-141.50008414009,258.999999993495));
#4631=CARTESIAN_POINT('',(-202.168435553725,-136.500168278602,258.999999992616));
#4632=CARTESIAN_POINT('',(-202.168435553725,-136.500168278602,258.999999992616));
#4633=CARTESIAN_POINT('',(-204.668435553725,-134.000168278602,258.999999992176));
#4634=CARTESIAN_POINT('Origin',(-204.668435553725,-136.500168278602,258.999999992616));
#4635=CARTESIAN_POINT('',(-238.668435553725,-134.000168278602,258.999999992174));
#4636=CARTESIAN_POINT('',(-215.668435553721,-134.000168278598,258.999999992176));
#4637=CARTESIAN_POINT('Origin',(-215.668435553721,-134.000168278422,259.999999992176));
#4638=CARTESIAN_POINT('',(-215.668442310357,-128.700283967466,259.999999991244));
#4639=CARTESIAN_POINT('',(-215.668442310357,-128.700283967421,272.999999991691));
#4640=CARTESIAN_POINT('',(-215.668435553721,-134.000168278422,259.999999992176));
#4641=CARTESIAN_POINT('Origin',(-201.258324414394,-133.000336555439,259.999999992001));
#4642=CARTESIAN_POINT('',(-199.931576719758,-128.700366722189,267.999999991242));
#4643=CARTESIAN_POINT('',(-199.93157672431,-128.700366722189,259.999999991245));
#4644=CARTESIAN_POINT('',(-196.758324414391,-133.000336554036,267.999999991998));
#4645=CARTESIAN_POINT('Origin',(-201.258324414391,-133.000336554036,267.999999991998));
#4646=CARTESIAN_POINT('',(-196.758324414394,-133.000336555439,259.999999992001));
#4647=CARTESIAN_POINT('Origin',(-202.168435553725,-147.500084139914,259.99999999455));
#4648=CARTESIAN_POINT('',(-202.168435553716,-139.750168219596,259.999999993186));
#4649=CARTESIAN_POINT('',(-202.168435553716,-139.75016821953,260.374999993186));
#4650=CARTESIAN_POINT('',(-202.168435553725,-136.500168278426,259.999999992616));
#4651=CARTESIAN_POINT('',(-202.168435553725,-136.500168278426,259.999999992616));
#4652=CARTESIAN_POINT('',(-202.168435553725,-136.500168278426,259.999999992616));
#4653=CARTESIAN_POINT('',(-202.168435553725,-144.750084139519,262.249999994066));
#4654=CARTESIAN_POINT('Origin',(-204.668435553725,-136.500168278426,259.999999992616));
#4655=CARTESIAN_POINT('',(-204.668435553725,-134.000168278426,259.999999992176));
#4656=CARTESIAN_POINT('Origin',(-204.668435553725,-136.500168278426,259.999999992616));
#4657=CARTESIAN_POINT('',(-204.668435553725,-134.000168278426,259.999999992176));
#4658=CARTESIAN_POINT('Origin',(-204.668435553725,-134.000168278426,259.999999992176));
#4659=CARTESIAN_POINT('',(-207.918435553717,-134.000168219596,259.999999992175));
#4660=CARTESIAN_POINT('',(-238.668435553725,-134.000168278426,259.999999992174));
#4661=CARTESIAN_POINT('',(-207.918435553717,-134.000168219332,261.499999992175));
#4662=CARTESIAN_POINT('Origin',(-204.918435553716,-136.750168219156,262.499999992658));
#4663=CARTESIAN_POINT('',(-204.918435553716,-137.750168219596,259.999999992833));
#4664=CARTESIAN_POINT('Origin',(-204.918435553716,-136.750168219596,259.999999992658));
#4665=CARTESIAN_POINT('',(-204.918435553716,-137.750168218189,267.999999992833));
#4666=CARTESIAN_POINT('',(-204.918435553716,-137.750168219156,262.499999992834));
#4667=CARTESIAN_POINT('',(-203.918435553712,-136.750168218189,267.999999992658));
#4668=CARTESIAN_POINT('Origin',(-204.918435553716,-136.750168218189,267.999999992658));
#4669=CARTESIAN_POINT('Origin',(-204.918435553716,-136.750168218189,267.999999992658));
#4670=CARTESIAN_POINT('Origin',(-204.918435553716,-136.750168219464,260.749999992658));
#4671=CARTESIAN_POINT('',(-207.918435553716,-136.750168219596,259.999999992659));
#4672=CARTESIAN_POINT('',(-207.918435553716,-136.750168219332,261.499999992658));
#4673=CARTESIAN_POINT('Origin',(-204.918435553716,-136.750168219596,259.999999992658));
#4674=CARTESIAN_POINT('Origin',(-207.918435553717,-134.361475849764,260.749999992238));
#4675=CARTESIAN_POINT('',(-207.918435553717,-134.361475849896,259.999999992239));
#4676=CARTESIAN_POINT('Origin',(-202.220648718114,-139.750168219464,260.749999993186));
#4677=CARTESIAN_POINT('',(-202.220648718113,-139.750168219596,259.999999993186));
#4678=CARTESIAN_POINT('Origin',(-235.418435553717,-135.250168219464,260.749999992393));
#4679=CARTESIAN_POINT('',(-235.418435553716,-134.000168219596,259.999999992173));
#4680=CARTESIAN_POINT('',(-235.418435553717,-134.00016821953,260.374999992173));
#4681=CARTESIAN_POINT('',(-235.418435553716,-135.250168219596,259.999999992393));
#4682=CARTESIAN_POINT('Origin',(-238.418435553716,-136.750168219464,260.749999992656));
#4683=CARTESIAN_POINT('',(-238.418435553716,-139.750168219596,259.999999993184));
#4684=CARTESIAN_POINT('',(-238.418435553716,-139.750168219464,260.749999993184));
#4685=CARTESIAN_POINT('Origin',(-238.418435553716,-136.750168219596,259.999999992657));
#4686=CARTESIAN_POINT('Origin',(-238.418435553716,-136.750168219157,262.499999992656));
#4687=CARTESIAN_POINT('',(-238.418435553716,-137.750168219596,259.999999992832));
#4688=CARTESIAN_POINT('Origin',(-238.418435553716,-136.750168219596,259.999999992657));
#4689=CARTESIAN_POINT('',(-238.418435553717,-137.75016821819,267.999999992831));
#4690=CARTESIAN_POINT('',(-238.418435553716,-137.750168219157,262.499999992832));
#4691=CARTESIAN_POINT('',(-237.418435553713,-136.75016821819,267.999999992657));
#4692=CARTESIAN_POINT('Origin',(-238.418435553717,-136.75016821819,267.999999992655));
#4693=CARTESIAN_POINT('Origin',(-238.418435553717,-136.75016821819,267.999999992655));
#4694=CARTESIAN_POINT('Origin',(-204.918435553716,-170.250168277987,262.499999998548));
#4695=CARTESIAN_POINT('',(-204.918435553715,-171.25016827702,267.999999998723));
#4696=CARTESIAN_POINT('',(-204.918435553716,-169.25016827702,267.999999998371));
#4697=CARTESIAN_POINT('Origin',(-204.918435553715,-170.25016827702,267.999999998547));
#4698=CARTESIAN_POINT('',(-203.918435553711,-170.25016827702,267.999999998547));
#4699=CARTESIAN_POINT('Origin',(-204.918435553715,-170.25016827702,267.999999998547));
#4700=CARTESIAN_POINT('Origin',(-204.918435553715,-170.25016827702,267.999999998547));
#4701=CARTESIAN_POINT('',(-204.918435553716,-169.250168277987,262.499999998372));
#4702=CARTESIAN_POINT('Origin',(-207.918435553716,-172.638860647995,260.749999998968));
#4703=CARTESIAN_POINT('Origin',(-202.220648718113,-167.250168278295,260.74999999802));
#4704=CARTESIAN_POINT('Origin',(-235.418435553716,-171.750168278295,260.74999999881));
#4705=CARTESIAN_POINT('Origin',(-238.418435553716,-170.250168277988,262.499999998546));
#4706=CARTESIAN_POINT('',(-238.418435553716,-169.250168277021,267.999999998369));
#4707=CARTESIAN_POINT('',(-237.418435553712,-170.250168277021,267.999999998547));
#4708=CARTESIAN_POINT('Origin',(-238.418435553716,-170.250168277021,267.999999998545));
#4709=CARTESIAN_POINT('Origin',(-238.418435553716,-170.250168277021,267.999999998545));
#4710=CARTESIAN_POINT('',(-238.418435553716,-169.250168277988,262.49999999837));
#4711=CARTESIAN_POINT('Origin',(-239.918435553717,-139.750168219464,260.749999993184));
#4712=CARTESIAN_POINT('',(-241.168435553716,-139.750168219596,259.999999993183));
#4713=CARTESIAN_POINT('',(-240.168435553716,-139.750168219596,259.999999993183));
#4714=CARTESIAN_POINT('',(-241.168435553716,-139.750168218827,264.374999993184));
#4715=CARTESIAN_POINT('Origin',(-239.918435553716,-167.250168278295,260.749999998019));
#4716=CARTESIAN_POINT('Origin',(-227.668435553717,-134.000168277546,264.999999992175));
#4717=CARTESIAN_POINT('',(-238.668435553725,-134.000168278426,259.999999992174));
#4718=CARTESIAN_POINT('',(-214.918435553718,-134.000168278426,259.999999992174));
#4719=CARTESIAN_POINT('',(-238.668435553725,-134.000168278426,259.999999992174));
#4720=CARTESIAN_POINT('Origin',(-202.168435553716,-134.000168219596,259.999999992175));
#4721=CARTESIAN_POINT('',(-241.168435553725,-136.500168278426,259.999999992614));
#4722=CARTESIAN_POINT('',(-241.168435553725,-135.250168249012,259.999999992393));
#4723=CARTESIAN_POINT('Origin',(-238.668435553725,-136.500168278426,259.999999992613));
#4724=CARTESIAN_POINT('Origin',(-241.168435553718,-134.000168277546,264.999999992174));
#4725=CARTESIAN_POINT('',(-241.168435553718,-142.625105174519,260.125021028318));
#4726=CARTESIAN_POINT('',(-241.168435553725,-136.500168278426,259.999999992614));
#4727=CARTESIAN_POINT('Origin',(-215.668435553716,-134.500168219156,262.499999992262));
#4728=CARTESIAN_POINT('',(-215.668435553717,-128.700283967457,274.249999991735));
#4729=CARTESIAN_POINT('Origin',(-238.418435553712,-170.250168277021,267.999999998547));
#4730=CARTESIAN_POINT('',(-237.418435553712,-170.250168277021,267.999999998547));
#4731=CARTESIAN_POINT('Origin',(-204.918435553711,-170.25016827702,267.999999998547));
#4732=CARTESIAN_POINT('',(-203.918435553711,-170.25016827702,267.999999998547));
#4733=CARTESIAN_POINT('Origin',(-204.918435553712,-136.750168218189,267.999999992658));
#4734=CARTESIAN_POINT('',(-203.918435553712,-136.750168218189,267.999999992658));
#4735=CARTESIAN_POINT('Origin',(-238.418435553713,-136.75016821819,267.999999992657));
#4736=CARTESIAN_POINT('',(-237.418435553713,-136.75016821819,267.999999992657));
#4737=CARTESIAN_POINT('Origin',(-202.168435553716,-134.000168219596,259.999999992175));
#4738=CARTESIAN_POINT('Origin',(-238.668435553725,-136.500168278426,259.999999992614));
#4739=CARTESIAN_POINT('Origin',(-215.898977490864,-184.1,258.999999999999));
#4740=CARTESIAN_POINT('',(-215.898977490864,-189.3,258.999999999999));
#4741=CARTESIAN_POINT('',(-215.898977490864,-184.1,258.999999999999));
#4742=CARTESIAN_POINT('',(-215.898977490864,-184.1,258.999999999999));
#4743=CARTESIAN_POINT('',(-215.898977490864,-189.3,270.999999999999));
#4744=CARTESIAN_POINT('',(-215.898977490864,-189.3,258.999999999999));
#4745=CARTESIAN_POINT('',(-215.898977490864,-184.1,270.999999999999));
#4746=CARTESIAN_POINT('',(-215.898977490864,-184.1,270.999999999999));
#4747=CARTESIAN_POINT('',(-215.898977490864,-184.1,258.999999999999));
#4748=CARTESIAN_POINT('Origin',(-215.898977490864,-189.3,258.999999999999));
#4749=CARTESIAN_POINT('',(-227.398977490864,-189.3,258.999999999999));
#4750=CARTESIAN_POINT('',(-215.898977490864,-189.3,258.999999999999));
#4751=CARTESIAN_POINT('',(-227.398977490864,-189.3,270.999999999999));
#4752=CARTESIAN_POINT('',(-227.398977490864,-189.3,258.999999999999));
#4753=CARTESIAN_POINT('',(-215.898977490864,-189.3,270.999999999999));
#4754=CARTESIAN_POINT('',(-225.323977490864,-189.3,265.249999999999));
#4755=CARTESIAN_POINT('Origin',(-221.648977490864,-189.3,265.249999999999));
#4756=CARTESIAN_POINT('Origin',(-227.398977490864,-189.3,258.999999999999));
#4757=CARTESIAN_POINT('',(-227.398977490864,-184.1,258.999999999999));
#4758=CARTESIAN_POINT('',(-227.398977490864,-189.3,258.999999999999));
#4759=CARTESIAN_POINT('',(-227.398977490864,-184.1,270.999999999999));
#4760=CARTESIAN_POINT('',(-227.398977490864,-184.1,258.999999999999));
#4761=CARTESIAN_POINT('',(-227.398977490864,-189.3,270.999999999999));
#4762=CARTESIAN_POINT('Origin',(-227.398977490864,-184.1,258.999999999999));
#4763=CARTESIAN_POINT('',(-227.398977490864,-184.1,258.999999999999));
#4764=CARTESIAN_POINT('',(-227.398977490864,-184.1,270.999999999999));
#4765=CARTESIAN_POINT('Origin',(-221.648977490864,-187.874999957849,270.999999999999));
#4766=CARTESIAN_POINT('Origin',(-221.648977490864,-192.5,265.249999999999));
#4767=CARTESIAN_POINT('',(-225.323977490864,-192.5,265.249999999999));
#4768=CARTESIAN_POINT('Origin',(-221.648977490864,-192.5,265.249999999999));
#4769=CARTESIAN_POINT('',(-225.323977490864,-192.5,265.249999999999));
#4770=CARTESIAN_POINT('Origin',(-250.637052088904,-192.519185269644,285.999999999999));
#4771=CARTESIAN_POINT('',(-250.637052088904,-191.5,258.999999999999));
#4772=CARTESIAN_POINT('',(-250.637052088904,-191.5,285.999999999999));
#4773=CARTESIAN_POINT('',(-250.637052088904,-192.519185269644,258.999999999999));
#4774=CARTESIAN_POINT('',(-250.637052088904,-190.201888931157,258.999999999999));
#4775=CARTESIAN_POINT('',(-250.637052088904,-192.519185269644,285.999999999999));
#4776=CARTESIAN_POINT('Origin',(-247.637052088904,-191.5,285.999999999999));
#4777=CARTESIAN_POINT('',(-247.637052088904,-188.5,258.999999999999));
#4778=CARTESIAN_POINT('',(-247.637052088904,-188.5,285.999999999999));
#4779=CARTESIAN_POINT('Origin',(-247.637052088904,-191.5,258.999999999999));
#4780=CARTESIAN_POINT('Origin',(-238.668435553724,-170.500168278426,259.999999998592));
#4781=CARTESIAN_POINT('Origin',(-204.668435553724,-170.500168278426,259.999999998593));
#4782=CARTESIAN_POINT('Origin',(-221.648977490864,-178.5,273.004685741018));
#4783=CARTESIAN_POINT('',(-221.045761658395,-178.5,258.999999999999));
#4784=CARTESIAN_POINT('Origin',(-238.732290236877,-192.5,285.999999999999));
#4785=CARTESIAN_POINT('',(-242.045658824549,-192.505339701086,258.999999999999));
#4786=CARTESIAN_POINT('',(-230.186937048186,-192.486228627908,258.999999999999));
#4787=CARTESIAN_POINT('',(-242.045658824549,-192.505339701086,272.499999999999));
#4788=CARTESIAN_POINT('Origin',(-250.637052088904,-188.5,285.999999999999));
#4789=CARTESIAN_POINT('',(-246.562431066476,-188.5,258.999999999999));
#4790=CARTESIAN_POINT('',(-246.562431066476,-188.5,272.499999999999));
#4791=CARTESIAN_POINT('',(-236.143014789884,-188.5,258.999999999999));
#4792=CARTESIAN_POINT('Origin',(-220.442545825927,-133.518950108464,258.999999999999));
#4793=CARTESIAN_POINT('',(-196.758324414392,-188.5,258.999999999999));
#4794=CARTESIAN_POINT('',(-196.758324414394,-156.009475055022,258.999999999999));
#4795=CARTESIAN_POINT('',(-195.660902892824,-188.5,258.999999999999));
#4796=CARTESIAN_POINT('',(-209.654940191844,-188.500000000001,258.999999999999));
#4797=CARTESIAN_POINT('',(-192.660902892824,-191.5,258.999999999999));
#4798=CARTESIAN_POINT('Origin',(-195.660902892824,-191.5,258.999999999999));
#4799=CARTESIAN_POINT('',(-192.660902892824,-192.5,258.999999999999));
#4800=CARTESIAN_POINT('',(-192.660902892824,-188.192296296336,258.999999999999));
#4801=CARTESIAN_POINT('',(-201.209266220142,-192.5,258.999999999999));
#4802=CARTESIAN_POINT('',(-207.154940191844,-192.5,258.999999999999));
#4803=CARTESIAN_POINT('',(-207.054121855136,-185.534372298802,258.999999999999));
#4804=CARTESIAN_POINT('',(-201.209266220142,-192.5,258.999999999999));
#4805=CARTESIAN_POINT('',(-212.898977504189,-192.5,258.999999999999));
#4806=CARTESIAN_POINT('',(-212.898977504189,-192.5,258.999999999999));
#4807=CARTESIAN_POINT('',(-230.398977490864,-192.5,258.999999999999));
#4808=CARTESIAN_POINT('',(-212.898977490864,-192.5,258.999999999999));
#4809=CARTESIAN_POINT('',(-236.263139227198,-185.574968777476,258.999999999999));
#4810=CARTESIAN_POINT('',(-230.398977490864,-192.5,258.999999999999));
#4811=CARTESIAN_POINT('',(-221.447483168821,-167.818350709426,258.999999999999));
#4812=CARTESIAN_POINT('',(-246.607483999364,-160.543945864765,258.999999999999));
#4813=CARTESIAN_POINT('Origin',(-201.209266220142,-192.5,258.999999999999));
#4814=CARTESIAN_POINT('',(-207.054121855136,-185.534372298802,258.999999999999));
#4815=CARTESIAN_POINT('',(-201.209266220142,-192.5,272.499999999999));
#4816=CARTESIAN_POINT('Origin',(-192.660902892824,-192.5,285.999999999999));
#4817=CARTESIAN_POINT('',(-192.660902892824,-192.5,285.999999999999));
#4818=CARTESIAN_POINT('Origin',(-192.660902892824,-188.5,285.999999999999));
#4819=CARTESIAN_POINT('',(-192.660902892824,-191.5,285.999999999999));
#4820=CARTESIAN_POINT('Origin',(-195.660902892824,-191.5,285.999999999999));
#4821=CARTESIAN_POINT('',(-195.660902892825,-188.5,285.999999991207));
#4822=CARTESIAN_POINT('Origin',(-197.660902892824,-188.5,285.999999999999));
#4823=CARTESIAN_POINT('',(-196.758324414392,-188.5,285.999999991207));
#4824=CARTESIAN_POINT('Origin',(-238.732290236877,-188.534255309132,258.999999999999));
#4825=CARTESIAN_POINT('',(-236.263139227198,-185.574968777476,258.999999999999));
#4826=CARTESIAN_POINT('Origin',(-246.563999592182,-187.52670510593,258.999999999999));
#4827=CARTESIAN_POINT('',(-246.578546693046,-178.500000001406,259.999999999998));
#4828=CARTESIAN_POINT('',(-246.578546693043,-178.500000001582,259.499999999602));
#4829=CARTESIAN_POINT('',(-246.578546693046,-178.500000001406,259.999999999998));
#4830=CARTESIAN_POINT('Origin',(-201.485853952111,-144.500084139563,261.999999994022));
#4831=CARTESIAN_POINT('',(-196.758324414394,-154.750063102298,272.249978960362));
#4832=CARTESIAN_POINT('Origin',(-239.145963338549,-144.500084139564,261.99999999402));
#4833=CARTESIAN_POINT('',(-246.578546693043,-151.375063103733,268.874978960602));
#4834=CARTESIAN_POINT('Origin',(-221.521880847087,-128.7002531862,351.00959110243));
#4835=CARTESIAN_POINT('',(-199.931576719747,-128.70036672219,345.06314115723));
#4836=CARTESIAN_POINT('',(-207.484179799522,-128.700327005645,352.615744237008));
#4837=CARTESIAN_POINT('',(-199.931576719755,-128.70036672219,317.999999991999));
#4838=CARTESIAN_POINT('',(-235.779348747644,-128.700178211076,352.689086797282));
#4839=CARTESIAN_POINT('',(-229.595159252136,-128.700210731603,335.999999991207));
#4840=CARTESIAN_POINT('Origin',(-242.068435553717,-167.000084138509,346.39999999121));
#4841=CARTESIAN_POINT('',(-246.468435553718,-173.523460133212,341.999999991211));
#4842=CARTESIAN_POINT('',(-246.468435553718,-167.000084138509,341.999999991211));
#4843=CARTESIAN_POINT('',(-237.668435553716,-183.91544412627,350.799999991209));
#4844=CARTESIAN_POINT('',(-239.967877849577,-181.200015997686,348.500557695349));
#4845=CARTESIAN_POINT('',(-237.668435553716,-178.500000000003,350.799999991209));
#4846=CARTESIAN_POINT('Origin',(-221.648977490866,-160.509606657887,335.999999991206));
#4847=CARTESIAN_POINT('',(-215.21843555372,-153.500084138508,335.999999991204));
#4848=CARTESIAN_POINT('Origin',(-221.66843555372,-153.500084138508,335.999999991206));
#4849=CARTESIAN_POINT('Origin',(-201.258324414387,-133.000336554036,317.999999991999));
#4850=CARTESIAN_POINT('',(-196.868435553719,-132.010955034617,341.999999991201));
#4851=CARTESIAN_POINT('Origin',(-201.258324414389,-133.000336554033,346.389888851872));
#4852=CARTESIAN_POINT('',(-196.75832441439,-133.000336554033,341.999999991201));
#4853=CARTESIAN_POINT('Origin',(-201.25832441439,-133.000336554033,341.999999991202));
#4854=CARTESIAN_POINT('',(-196.758324414387,-133.000336554036,267.999999991999));
#4855=CARTESIAN_POINT('Origin',(-201.268435553718,-140.000126207759,346.399999991202));
#4856=CARTESIAN_POINT('',(-196.868435553718,-173.395544085238,341.999999991201));
#4857=CARTESIAN_POINT('',(-204.338480001649,-182.297996371485,349.470044439134));
#4858=CARTESIAN_POINT('',(-196.868435553718,-178.500000000003,341.999999991201));
#4859=CARTESIAN_POINT('Origin',(-237.668435553713,-180.500084138508,366.299999991209));
#4860=CARTESIAN_POINT('',(-237.668435553711,-183.91544412627,375.299999993644));
#4861=CARTESIAN_POINT('',(-237.668435553711,-183.91544412627,375.799999991209));
#4862=CARTESIAN_POINT('',(-237.66843555371,-176.178290295167,380.299999991209));
#4863=CARTESIAN_POINT('',(-237.668435553711,-181.28722146485,376.998442804472));
#4864=CARTESIAN_POINT('',(-237.668435553711,-140.571236088998,380.299999991209));
#4865=CARTESIAN_POINT('',(-237.668435553711,-168.187584129526,380.299999991209));
#4866=CARTESIAN_POINT('',(-237.66843555371,-145.285712700509,385.014476602654));
#4867=CARTESIAN_POINT('Origin',(-196.758324414392,-188.5,308.999999999999));
#4868=CARTESIAN_POINT('',(-196.758324414386,-173.393429088067,341.999999991201));
#4869=CARTESIAN_POINT('',(-196.758324414388,-178.500000000003,341.999999991201));
#4870=CARTESIAN_POINT('',(-196.758324414387,-173.393429088067,285.999999991207));
#4871=CARTESIAN_POINT('Origin',(-235.16843555371,-168.187584129526,382.799999991208));
#4872=CARTESIAN_POINT('',(-232.668435553709,-174.345672806572,385.299999991208));
#4873=CARTESIAN_POINT('',(-235.685442980962,-175.451476921453,382.282992563956));
#4874=CARTESIAN_POINT('',(-232.668435553745,-138.500194570435,385.299999991208));
#4875=CARTESIAN_POINT('',(-232.668435553709,-168.187584129526,385.299999991208));
#4876=CARTESIAN_POINT('',(-232.668435553745,-138.500194570435,385.299999991208));
#4877=CARTESIAN_POINT('Origin',(-235.168435553727,-143.517952320875,386.782236982312));
#4878=CARTESIAN_POINT('',(-232.668435553744,-141.750191941241,388.54999736197));
#4879=CARTESIAN_POINT('Origin',(-221.66843555371,-155.875084120544,385.299999991206));
#4880=CARTESIAN_POINT('',(-225.763297948305,-182.5,385.299999991207));
#4881=CARTESIAN_POINT('',(-232.907729516775,-174.063088826098,385.299999991208));
#4882=CARTESIAN_POINT('',(-217.562054078529,-182.5,385.299999991205));
#4883=CARTESIAN_POINT('',(-226.033706522279,-182.5,385.299999991207));
#4884=CARTESIAN_POINT('',(-210.668435553709,-174.284505376834,385.299999991203));
#4885=CARTESIAN_POINT('',(-213.353961061257,-177.484990040759,385.299999991204));
#4886=CARTESIAN_POINT('',(-210.66843555371,-138.500310260874,385.299999991204));
#4887=CARTESIAN_POINT('',(-210.66843555371,-141.187584129526,385.299999991204));
#4888=CARTESIAN_POINT('',(-213.668416162857,-138.500294485007,385.299999991204));
#4889=CARTESIAN_POINT('',(-215.21843555371,-153.500084138508,385.299999991204));
#4890=CARTESIAN_POINT('Origin',(-221.66843555371,-153.500084138508,385.299999991206));
#4891=CARTESIAN_POINT('Origin',(-236.723432598484,-177.294251154461,380.299999991209));
#4892=CARTESIAN_POINT('',(-236.263139227198,-185.574968777476,375.299999991209));
#4893=CARTESIAN_POINT('',(-243.558841191026,-176.959421274499,375.30000000386));
#4894=CARTESIAN_POINT('',(-230.398977490864,-192.5,375.299999991207));
#4895=CARTESIAN_POINT('',(-240.539135680193,-180.525413482825,375.29999999121));
#4896=CARTESIAN_POINT('',(-225.763297948305,-182.5,385.299999991207));
#4897=CARTESIAN_POINT('Origin',(-208.168435553711,-141.187584129526,382.799999991203));
#4898=CARTESIAN_POINT('',(-210.332426481065,-174.406802677945,384.963990918559));
#4899=CARTESIAN_POINT('',(-205.668435553711,-140.571404366001,380.299999991202));
#4900=CARTESIAN_POINT('Origin',(-208.168435553696,-130.018023312549,373.282165990446));
#4901=CARTESIAN_POINT('',(-210.668435553678,-128.250249786274,375.049939516745));
#4902=CARTESIAN_POINT('Origin',(-209.523738849469,-180.698928093729,380.299999991203));
#4903=CARTESIAN_POINT('',(-212.898977504189,-192.5,375.299999991204));
#4904=CARTESIAN_POINT('',(-212.898977504189,-192.5,375.299999991204));
#4905=CARTESIAN_POINT('',(-205.693516637682,-183.912866146699,375.299999991203));
#4906=CARTESIAN_POINT('Origin',(-205.668435553713,-153.500084138507,368.049999991203));
#4907=CARTESIAN_POINT('',(-208.668435553713,-156.750084138507,368.049999991203));
#4908=CARTESIAN_POINT('',(-205.668435553713,-156.750084138507,368.049999991203));
#4909=CARTESIAN_POINT('Origin',(-208.668435553713,-153.500084138507,368.049999991203));
#4910=CARTESIAN_POINT('Origin',(-208.668435553713,-153.500084138507,368.049999991203));
#4911=CARTESIAN_POINT('',(-208.668435553713,-154.750084138507,368.049999991203));
#4912=CARTESIAN_POINT('Origin',(-208.668435553713,-153.500084138507,368.049999991203));
#4913=CARTESIAN_POINT('Origin',(-205.668435553713,-153.500084138507,368.049999991203));
#4914=CARTESIAN_POINT('',(-215.340718745891,-154.750084138508,368.049999991204));
#4915=CARTESIAN_POINT('',(-205.668435553713,-154.750084138507,368.049999991203));
#4916=CARTESIAN_POINT('',(-215.218435553713,-153.500084138508,369.299999991205));
#4917=CARTESIAN_POINT('Ctrl Pts',(-215.218435553713,-153.500084138508,369.299999991205));
#4918=CARTESIAN_POINT('Ctrl Pts',(-215.218435553713,-153.657462087537,369.299999991205));
#4919=CARTESIAN_POINT('Ctrl Pts',(-215.224778523557,-153.825060708348,369.268466605206));
#4920=CARTESIAN_POINT('Ctrl Pts',(-215.247700051172,-154.132920057969,369.140774645528));
#4921=CARTESIAN_POINT('Ctrl Pts',(-215.263962689797,-154.273213251361,369.044637831317));
#4922=CARTESIAN_POINT('Ctrl Pts',(-215.294607251198,-154.494727437484,368.823123645194));
#4923=CARTESIAN_POINT('Ctrl Pts',(-215.311005326425,-154.590859974477,368.682832774996));
#4924=CARTESIAN_POINT('Ctrl Pts',(-215.334238297359,-154.718548830605,368.374981481441));
#4925=CARTESIAN_POINT('Ctrl Pts',(-215.340718745891,-154.750084138508,368.207385697082));
#4926=CARTESIAN_POINT('Ctrl Pts',(-215.340718745891,-154.750084138508,368.049999991204));
#4927=CARTESIAN_POINT('',(-215.340718745891,-152.250084138508,368.049999991205));
#4928=CARTESIAN_POINT('Ctrl Pts',(-215.340718745891,-152.250084138508,368.049999991205));
#4929=CARTESIAN_POINT('Ctrl Pts',(-215.340718745891,-152.250084138508,368.207385697082));
#4930=CARTESIAN_POINT('Ctrl Pts',(-215.334238297359,-152.28161944641,368.374981481441));
#4931=CARTESIAN_POINT('Ctrl Pts',(-215.311005326425,-152.409308302538,368.682832774996));
#4932=CARTESIAN_POINT('Ctrl Pts',(-215.294607251199,-152.505440839531,368.823123645194));
#4933=CARTESIAN_POINT('Ctrl Pts',(-215.263962689797,-152.726955025654,369.044637831317));
#4934=CARTESIAN_POINT('Ctrl Pts',(-215.247700051172,-152.867248219046,369.140774645528));
#4935=CARTESIAN_POINT('Ctrl Pts',(-215.224778523557,-153.175107568667,369.268466605206));
#4936=CARTESIAN_POINT('Ctrl Pts',(-215.218435553713,-153.342706189478,369.299999991204));
#4937=CARTESIAN_POINT('Ctrl Pts',(-215.218435553713,-153.500084138508,369.299999991204));
#4938=CARTESIAN_POINT('',(-215.218435553714,-153.500084138508,366.799999991204));
#4939=CARTESIAN_POINT('Ctrl Pts',(-215.218435553714,-153.500084138508,366.799999991204));
#4940=CARTESIAN_POINT('Ctrl Pts',(-215.218435553714,-153.342706189478,366.799999991204));
#4941=CARTESIAN_POINT('Ctrl Pts',(-215.224778523557,-153.175107568667,366.831533377203));
#4942=CARTESIAN_POINT('Ctrl Pts',(-215.247700051172,-152.867248219046,366.959225336881));
#4943=CARTESIAN_POINT('Ctrl Pts',(-215.263962689798,-152.726955025654,367.055362151092));
#4944=CARTESIAN_POINT('Ctrl Pts',(-215.294607251199,-152.505440839531,367.276876337215));
#4945=CARTESIAN_POINT('Ctrl Pts',(-215.311005326426,-152.409308302538,367.417167207413));
#4946=CARTESIAN_POINT('Ctrl Pts',(-215.334238297359,-152.28161944641,367.725018500968));
#4947=CARTESIAN_POINT('Ctrl Pts',(-215.340718745891,-152.250084138508,367.892614285326));
#4948=CARTESIAN_POINT('Ctrl Pts',(-215.340718745891,-152.250084138508,368.049999991204));
#4949=CARTESIAN_POINT('Ctrl Pts',(-215.340718745891,-154.750084138508,368.049999991204));
#4950=CARTESIAN_POINT('Ctrl Pts',(-215.340718745891,-154.750084138508,367.892614285326));
#4951=CARTESIAN_POINT('Ctrl Pts',(-215.334238297359,-154.718548830605,367.725018500968));
#4952=CARTESIAN_POINT('Ctrl Pts',(-215.311005326426,-154.590859974477,367.417167207413));
#4953=CARTESIAN_POINT('Ctrl Pts',(-215.294607251199,-154.494727437484,367.276876337215));
#4954=CARTESIAN_POINT('Ctrl Pts',(-215.263962689798,-154.273213251361,367.055362151092));
#4955=CARTESIAN_POINT('Ctrl Pts',(-215.247700051172,-154.132920057969,366.959225336881));
#4956=CARTESIAN_POINT('Ctrl Pts',(-215.224778523557,-153.825060708348,366.831533377203));
#4957=CARTESIAN_POINT('Ctrl Pts',(-215.218435553714,-153.657462087537,366.799999991204));
#4958=CARTESIAN_POINT('Ctrl Pts',(-215.218435553714,-153.500084138508,366.799999991204));
#4959=CARTESIAN_POINT('Origin',(-213.668389869577,-133.500294485076,380.299999991204));
#4960=CARTESIAN_POINT('Origin',(-226.03370652228,-187.5,380.299999991206));
#4961=CARTESIAN_POINT('',(-226.033706522281,-192.5,375.299999991206));
#4962=CARTESIAN_POINT('Origin',(-246.57854669303,-173.393429088067,385.299999991211));
#4963=CARTESIAN_POINT('',(-246.57854669304,-173.393429088065,341.999999991211));
#4964=CARTESIAN_POINT('',(-250.553657646275,-168.699191656629,341.999999991212));
#4965=CARTESIAN_POINT('',(-246.578546693039,-173.393429088067,285.999999991207));
#4966=CARTESIAN_POINT('',(-236.263139227202,-185.574968777482,285.999999991207));
#4967=CARTESIAN_POINT('Origin',(-196.866660860359,-173.393429088067,385.299999991201));
#4968=CARTESIAN_POINT('',(-196.866660860367,-173.393429088067,341.999999991201));
#4969=CARTESIAN_POINT('',(-199.04002042221,-173.393429088067,341.999999991201));
#4970=CARTESIAN_POINT('',(-196.866660860368,-173.393429088067,285.999999991207));
#4971=CARTESIAN_POINT('Origin',(-242.12349112338,-153.500084138509,341.99999999121));
#4972=CARTESIAN_POINT('',(-246.57854669304,-178.500000000003,341.999999991211));
#4973=CARTESIAN_POINT('Origin',(-201.213379984053,-153.50016827701,341.999999991202));
#4974=CARTESIAN_POINT('',(-200.883039630173,-178.179962904689,341.999999991202));
#4975=CARTESIAN_POINT('Origin',(-221.668435553714,-153.500084138508,366.299999991206));
#4976=CARTESIAN_POINT('',(-215.218435553714,-153.500084138508,366.299999991205));
#4977=CARTESIAN_POINT('',(-215.218435553714,-153.500084138508,366.299999991205));
#4978=CARTESIAN_POINT('Origin',(-212.898977504189,-192.5,308.999999999999));
#4979=CARTESIAN_POINT('',(-212.898977504189,-192.5,342.33051947922));
#4980=CARTESIAN_POINT('Origin',(-230.398977490864,-192.5,308.999999999999));
#4981=CARTESIAN_POINT('',(-230.398977490864,-192.5,278.007359317201));
#4982=CARTESIAN_POINT('Origin',(-236.263139227198,-185.574968777476,308.999999999999));
#4983=CARTESIAN_POINT('Origin',(-246.578546693043,-174.00000000141,309.999999999206));
#4984=CARTESIAN_POINT('Origin',(-205.668435553714,-126.500084138507,366.299999991203));
#4985=CARTESIAN_POINT('',(-205.66843555372,-120.200084138506,335.999999995704));
#4986=CARTESIAN_POINT('',(-205.66843555372,-120.176915020208,336.000134197716));
#4987=CARTESIAN_POINT('Ctrl Pts',(-205.66843555372,-120.200084138506,336.000134197573));
#4988=CARTESIAN_POINT('Ctrl Pts',(-205.66843555372,-120.198716664136,336.000118355591));
#4989=CARTESIAN_POINT('Ctrl Pts',(-205.66843555372,-120.197279534532,336.000104545216));
#4990=CARTESIAN_POINT('Ctrl Pts',(-205.66843555372,-120.193751406361,336.000078785757));
#4991=CARTESIAN_POINT('Ctrl Pts',(-205.66843555372,-120.191591117689,336.000067094459));
#4992=CARTESIAN_POINT('Ctrl Pts',(-205.66843555372,-120.185408041026,336.000067094459));
#4993=CARTESIAN_POINT('Ctrl Pts',(-205.66843555372,-120.183247752354,336.000078785757));
#4994=CARTESIAN_POINT('Ctrl Pts',(-205.66843555372,-120.179719863336,336.000104543469));
#4995=CARTESIAN_POINT('Ctrl Pts',(-205.66843555372,-120.178282921951,336.000118351485));
#4996=CARTESIAN_POINT('Ctrl Pts',(-205.66843555372,-120.176915020208,336.000134197716));
#4997=CARTESIAN_POINT('',(-205.66843555372,-119.400084138506,336.16696971322));
#4998=CARTESIAN_POINT('Origin',(-205.668435553719,-120.200084138506,337.999999991202));
#4999=CARTESIAN_POINT('',(-205.668435553719,-119.400084138506,346.363508318098));
#5000=CARTESIAN_POINT('',(-205.668435553715,-119.400084138507,366.299999991202));
#5001=CARTESIAN_POINT('',(-205.668435553718,-120.900084138506,346.750806652719));
#5002=CARTESIAN_POINT('Origin',(-205.668435553719,-120.200084138506,346.363508318098));
#5003=CARTESIAN_POINT('',(-205.668435553715,-120.900084138507,365.099999991203));
#5004=CARTESIAN_POINT('',(-205.668435553715,-120.900084138507,366.299999991202));
#5005=CARTESIAN_POINT('',(-205.668435553714,-140.000084138507,365.099999991203));
#5006=CARTESIAN_POINT('',(-205.66843555372,-120.200084138506,335.999999991202));
#5007=CARTESIAN_POINT('Origin',(-221.66843555372,-153.500084138508,335.999999991206));
#5008=CARTESIAN_POINT('',(-237.66843555372,-120.200084138507,336.00013419758));
#5009=CARTESIAN_POINT('',(-237.66843555372,-126.500084138508,335.999999991209));
#5010=CARTESIAN_POINT('',(-234.66843555372,-120.200084138507,336.000134197579));
#5011=CARTESIAN_POINT('',(-234.66843555372,-120.200084138507,336.000134197579));
#5012=CARTESIAN_POINT('',(-234.66843555372,-126.500084138507,335.999999991208));
#5013=CARTESIAN_POINT('',(-234.66843555372,-120.200084138507,335.999999991208));
#5014=CARTESIAN_POINT('',(-208.66843555372,-126.500084138506,335.999999991203));
#5015=CARTESIAN_POINT('',(-205.66843555372,-126.500084138507,335.999999991203));
#5016=CARTESIAN_POINT('',(-208.66843555372,-120.200084138506,335.999999995705));
#5017=CARTESIAN_POINT('',(-208.66843555372,-120.200084138506,335.999999991203));
#5018=CARTESIAN_POINT('',(-208.66843555372,-120.200084138506,335.999999991203));
#5019=CARTESIAN_POINT('Origin',(-237.668435553713,-180.500084138508,366.299999991209));
#5020=CARTESIAN_POINT('',(-237.668435553715,-120.900084138507,365.099999991209));
#5021=CARTESIAN_POINT('',(-237.668435553714,-167.000084138508,365.099999991209));
#5022=CARTESIAN_POINT('',(-237.668435553718,-120.900084138507,348.237007717624));
#5023=CARTESIAN_POINT('',(-237.668435553714,-120.900084138507,366.299999991209));
#5024=CARTESIAN_POINT('',(-237.668435553717,-119.400084138507,348.196538596087));
#5025=CARTESIAN_POINT('Origin',(-237.668435553718,-120.200084138507,346.363508318105));
#5026=CARTESIAN_POINT('',(-237.66843555372,-119.400084138507,336.166969713226));
#5027=CARTESIAN_POINT('',(-237.668435553714,-119.400084138507,366.299999991209));
#5028=CARTESIAN_POINT('',(-237.66843555372,-120.176915020209,336.000134197722));
#5029=CARTESIAN_POINT('Origin',(-237.668435553719,-120.200084138507,337.999999991208));
#5030=CARTESIAN_POINT('Ctrl Pts',(-237.66843555372,-120.200084138507,336.00013419758));
#5031=CARTESIAN_POINT('Ctrl Pts',(-237.66843555372,-120.198716664136,336.000118355598));
#5032=CARTESIAN_POINT('Ctrl Pts',(-237.66843555372,-120.197279534532,336.000104545222));
#5033=CARTESIAN_POINT('Ctrl Pts',(-237.66843555372,-120.193751406361,336.000078785764));
#5034=CARTESIAN_POINT('Ctrl Pts',(-237.66843555372,-120.191591117689,336.000067094465));
#5035=CARTESIAN_POINT('Ctrl Pts',(-237.66843555372,-120.185408041026,336.000067094465));
#5036=CARTESIAN_POINT('Ctrl Pts',(-237.66843555372,-120.183247752355,336.000078785764));
#5037=CARTESIAN_POINT('Ctrl Pts',(-237.66843555372,-120.179719863337,336.000104543476));
#5038=CARTESIAN_POINT('Ctrl Pts',(-237.66843555372,-120.178282921951,336.000118351491));
#5039=CARTESIAN_POINT('Ctrl Pts',(-237.66843555372,-120.176915020209,336.000134197722));
#5040=CARTESIAN_POINT('Origin',(-237.068435553713,-167.000084138508,365.699999991209));
#5041=CARTESIAN_POINT('',(-236.468435553714,-120.682476745535,366.299999991208));
#5042=CARTESIAN_POINT('',(-236.468435553713,-167.000084138508,366.299999991209));
#5043=CARTESIAN_POINT('',(-236.468474307002,-120.691280442021,366.299961237921));
#5044=CARTESIAN_POINT('Origin',(-237.468435553715,-120.682476745535,365.299999991208));
#5045=CARTESIAN_POINT('',(-236.761328772528,-119.992977357321,366.007106772395));
#5046=CARTESIAN_POINT('Origin',(-237.468435553715,-120.700084138507,365.299999991208));
#5047=CARTESIAN_POINT('',(-244.751768887047,-127.983417471834,358.016666657879));
#5048=CARTESIAN_POINT('Origin',(-237.068435553714,-120.300084138507,366.299999991209));
#5049=CARTESIAN_POINT('',(-236.468435553714,-119.700084138507,365.299999991208));
#5050=CARTESIAN_POINT('Origin',(-237.468435553715,-120.700084138507,365.299999991208));
#5051=CARTESIAN_POINT('',(-236.468435553717,-119.700084138507,348.299999991208));
#5052=CARTESIAN_POINT('',(-236.468435553714,-119.700084138507,366.299999991209));
#5053=CARTESIAN_POINT('Origin',(-236.968435553718,-120.200084138507,346.363508318105));
#5054=CARTESIAN_POINT('Origin',(-223.093435553714,-120.700084138507,365.299999991206));
#5055=CARTESIAN_POINT('',(-234.668435553714,-120.691280442021,366.299961237921));
#5056=CARTESIAN_POINT('',(-234.668435553714,-120.691280442021,366.299961237921));
#5057=CARTESIAN_POINT('',(-208.668435553714,-120.691280442021,366.299961237916));
#5058=CARTESIAN_POINT('',(-221.668435553714,-120.691280442021,366.299961237918));
#5059=CARTESIAN_POINT('',(-206.868396800427,-120.691280442021,366.299961237916));
#5060=CARTESIAN_POINT('',(-208.668435553714,-120.691280442021,366.299961237916));
#5061=CARTESIAN_POINT('',(-206.575542334901,-119.99297735732,366.007106772389));
#5062=CARTESIAN_POINT('Origin',(-205.868435553714,-120.700084138507,365.299999991202));
#5063=CARTESIAN_POINT('',(-206.868435553714,-119.700084138507,365.299999991202));
#5064=CARTESIAN_POINT('Origin',(-205.868435553715,-120.700084138507,365.299999991202));
#5065=CARTESIAN_POINT('',(-221.668435553714,-119.700084138507,365.299999991205));
#5066=CARTESIAN_POINT('Origin',(-206.268435553714,-140.000084138507,365.699999991203));
#5067=CARTESIAN_POINT('',(-203.085102220381,-123.483417471843,362.516666657868));
#5068=CARTESIAN_POINT('',(-206.868435553715,-120.682476745535,366.299999991202));
#5069=CARTESIAN_POINT('Origin',(-205.868435553714,-120.682476745534,365.299999991202));
#5070=CARTESIAN_POINT('',(-206.868435553714,-140.000084138507,366.299999991203));
#5071=CARTESIAN_POINT('Origin',(-221.668435553714,-153.500084138508,366.299999991206));
#5072=CARTESIAN_POINT('',(-208.668435553714,-120.682476745535,366.299999991203));
#5073=CARTESIAN_POINT('',(-208.668435553714,-120.682476745535,366.299999991203));
#5074=CARTESIAN_POINT('',(-208.668435553714,-126.291392639576,366.299999991203));
#5075=CARTESIAN_POINT('',(-208.668435553714,-129.200084138507,366.299999991203));
#5076=CARTESIAN_POINT('',(-234.668435553714,-126.291392639576,366.299999991208));
#5077=CARTESIAN_POINT('',(-221.668435553714,-126.291392639576,366.299999991205));
#5078=CARTESIAN_POINT('',(-234.668435553714,-120.682476745535,366.299999991208));
#5079=CARTESIAN_POINT('',(-234.668435553714,-129.200084138507,366.299999991208));
#5080=CARTESIAN_POINT('',(-234.668435553714,-120.682476745535,366.299999991208));
#5081=CARTESIAN_POINT('Origin',(-208.668435553714,-120.682476745535,365.299999991203));
#5082=CARTESIAN_POINT('Origin',(-208.668435553714,-120.682476745535,365.299999991203));
#5083=CARTESIAN_POINT('Origin',(-214.918435553714,-119.700084138507,366.299999991204));
#5084=CARTESIAN_POINT('',(-206.868435553717,-119.700084138507,348.299999991202));
#5085=CARTESIAN_POINT('',(-206.868435553714,-119.700084138507,366.299999991203));
#5086=CARTESIAN_POINT('',(-221.668435553717,-119.700084138507,348.299999991205));
#5087=CARTESIAN_POINT('Origin',(-234.668435553714,-120.682476745535,365.299999991208));
#5088=CARTESIAN_POINT('Origin',(-234.668435553714,-120.682476745535,365.299999991208));
#5089=CARTESIAN_POINT('Origin',(-237.068435553714,-118.800084138507,366.299999991209));
#5090=CARTESIAN_POINT('',(-236.468435553718,-118.200084138507,346.363508318105));
#5091=CARTESIAN_POINT('Origin',(-238.468435553719,-120.200084138507,346.363508318105));
#5092=CARTESIAN_POINT('',(-236.468435553719,-118.200084138507,337.999999991208));
#5093=CARTESIAN_POINT('',(-236.468435553714,-118.200084138507,366.299999991209));
#5094=CARTESIAN_POINT('Origin',(-238.468435553721,-120.200084138507,337.999999991209));
#5095=CARTESIAN_POINT('Origin',(-231.268435553714,-118.200084138507,366.299999991207));
#5096=CARTESIAN_POINT('',(-206.868435553718,-118.200084138507,346.363508318099));
#5097=CARTESIAN_POINT('',(-214.918435553718,-118.200084138507,346.3635083181));
#5098=CARTESIAN_POINT('',(-206.868435553719,-118.200084138506,337.999999991202));
#5099=CARTESIAN_POINT('',(-206.868435553714,-118.200084138507,366.299999991203));
#5100=CARTESIAN_POINT('',(-221.668435553719,-118.200084138507,337.999999991205));
#5101=CARTESIAN_POINT('Origin',(-214.918435553718,-120.200084138507,346.3635083181));
#5102=CARTESIAN_POINT('Origin',(-206.868435553718,-120.200084138506,346.363508318099));
#5103=CARTESIAN_POINT('',(-229.568435553718,-118.222712145178,346.663508318103));
#5104=CARTESIAN_POINT('',(-229.268435553718,-118.222712145178,346.663508318103));
#5105=CARTESIAN_POINT('Ctrl Pts',(-229.568435553718,-118.222712145178,346.663508318103));
#5106=CARTESIAN_POINT('Ctrl Pts',(-229.562233622208,-118.221771209705,346.657306386594));
#5107=CARTESIAN_POINT('Ctrl Pts',(-229.555975388917,-118.220881542494,346.651245171989));
#5108=CARTESIAN_POINT('Ctrl Pts',(-229.529955255306,-118.217436774861,346.627044730194));
#5109=CARTESIAN_POINT('Ctrl Pts',(-229.50997440931,-118.215369086263,346.610630089718));
#5110=CARTESIAN_POINT('Ctrl Pts',(-229.478119651019,-118.213124076464,346.591610209476));
#5111=CARTESIAN_POINT('Ctrl Pts',(-229.467199895532,-118.212521250718,346.586242192769));
#5112=CARTESIAN_POINT('Ctrl Pts',(-229.44406121646,-118.211658977998,346.578403407584));
#5113=CARTESIAN_POINT('Ctrl Pts',(-229.431839224317,-118.211398141843,346.575941852818));
#5114=CARTESIAN_POINT('Ctrl Pts',(-229.418435553718,-118.211398141843,346.575941852818));
#5115=CARTESIAN_POINT('Ctrl Pts',(-229.405031883119,-118.211398141843,346.575941852818));
#5116=CARTESIAN_POINT('Ctrl Pts',(-229.392809890975,-118.211658977998,346.578403407584));
#5117=CARTESIAN_POINT('Ctrl Pts',(-229.369671211903,-118.212521250718,346.586242192769));
#5118=CARTESIAN_POINT('Ctrl Pts',(-229.358751456417,-118.213124076464,346.591610209476));
#5119=CARTESIAN_POINT('Ctrl Pts',(-229.326896698125,-118.215369086263,346.610630089718));
#5120=CARTESIAN_POINT('Ctrl Pts',(-229.306915852129,-118.217436774861,346.627044730194));
#5121=CARTESIAN_POINT('Ctrl Pts',(-229.280895718518,-118.220881542494,346.651245171989));
#5122=CARTESIAN_POINT('Ctrl Pts',(-229.274637485227,-118.221771209705,346.657306386594));
#5123=CARTESIAN_POINT('Ctrl Pts',(-229.268435553718,-118.222712145178,346.663508318103));
#5124=CARTESIAN_POINT('',(-221.668435553718,-118.222712145178,346.663508318101));
#5125=CARTESIAN_POINT('',(-213.768435553718,-118.222712145178,346.6635083181));
#5126=CARTESIAN_POINT('',(-214.068435553718,-118.222712145178,346.6635083181));
#5127=CARTESIAN_POINT('',(-221.668435553718,-118.222712145178,346.663508318101));
#5128=CARTESIAN_POINT('Ctrl Pts',(-214.068435553718,-118.222712145178,346.6635083181));
#5129=CARTESIAN_POINT('Ctrl Pts',(-214.062233622208,-118.221771209705,346.657306386591));
#5130=CARTESIAN_POINT('Ctrl Pts',(-214.055975388917,-118.220881542494,346.651245171986));
#5131=CARTESIAN_POINT('Ctrl Pts',(-214.029955255306,-118.217436774861,346.627044730191));
#5132=CARTESIAN_POINT('Ctrl Pts',(-214.00997440931,-118.215369086262,346.610630089715));
#5133=CARTESIAN_POINT('Ctrl Pts',(-213.978119651019,-118.213124076464,346.591610209473));
#5134=CARTESIAN_POINT('Ctrl Pts',(-213.967199895532,-118.212521250718,346.586242192766));
#5135=CARTESIAN_POINT('Ctrl Pts',(-213.94406121646,-118.211658977997,346.578403407581));
#5136=CARTESIAN_POINT('Ctrl Pts',(-213.931839224317,-118.211398141842,346.575941852815));
#5137=CARTESIAN_POINT('Ctrl Pts',(-213.905031883119,-118.211398141842,346.575941852815));
#5138=CARTESIAN_POINT('Ctrl Pts',(-213.892809890975,-118.211658977997,346.578403407581));
#5139=CARTESIAN_POINT('Ctrl Pts',(-213.869671211903,-118.212521250718,346.586242192766));
#5140=CARTESIAN_POINT('Ctrl Pts',(-213.858751456417,-118.213124076464,346.591610209473));
#5141=CARTESIAN_POINT('Ctrl Pts',(-213.826896698125,-118.215369086262,346.610630089715));
#5142=CARTESIAN_POINT('Ctrl Pts',(-213.806915852129,-118.217436774861,346.627044730191));
#5143=CARTESIAN_POINT('Ctrl Pts',(-213.780895718518,-118.220881542494,346.651245171986));
#5144=CARTESIAN_POINT('Ctrl Pts',(-213.774637485227,-118.221771209705,346.657306386591));
#5145=CARTESIAN_POINT('Ctrl Pts',(-213.768435553718,-118.222712145178,346.6635083181));
#5146=CARTESIAN_POINT('Origin',(-206.268435553714,-118.800084138507,366.299999991202));
#5147=CARTESIAN_POINT('Origin',(-204.868435553721,-120.200084138506,337.999999991202));
#5148=CARTESIAN_POINT('',(-206.868435553718,-118.200084138507,346.363508318099));
#5149=CARTESIAN_POINT('Origin',(-206.268435553718,-120.200084138506,346.363508318099));
#5150=CARTESIAN_POINT('Ctrl Pts',(-205.668435553718,-120.900084138507,346.750806652718));
#5151=CARTESIAN_POINT('Ctrl Pts',(-205.868435553717,-120.700084138508,347.52540332196));
#5152=CARTESIAN_POINT('Ctrl Pts',(-206.868435553718,-119.700084138506,348.299999991203));
#5153=CARTESIAN_POINT('Origin',(-206.268435553714,-120.300084138507,366.299999991202));
#5154=CARTESIAN_POINT('Origin',(-234.668435553717,-131.167189721311,351.149999991208));
#5155=CARTESIAN_POINT('',(-234.66843555372,-121.188347274514,336.982614688027));
#5156=CARTESIAN_POINT('Ctrl Pts',(-234.66843555372,-120.200084138507,336.000134197579));
#5157=CARTESIAN_POINT('Ctrl Pts',(-234.66843555372,-120.20034879012,336.000137263528));
#5158=CARTESIAN_POINT('Ctrl Pts',(-234.66843555372,-120.200610832791,336.00014040557));
#5159=CARTESIAN_POINT('Ctrl Pts',(-234.66843555372,-120.204079984285,336.000183313253));
#5160=CARTESIAN_POINT('Ctrl Pts',(-234.66843555372,-120.206922037824,336.000232656355));
#5161=CARTESIAN_POINT('Ctrl Pts',(-234.66843555372,-120.215510084043,336.000415633102));
#5162=CARTESIAN_POINT('Ctrl Pts',(-234.66843555372,-120.221044016081,336.000580012182));
#5163=CARTESIAN_POINT('Ctrl Pts',(-234.66843555372,-120.237888917536,336.001226219085));
#5164=CARTESIAN_POINT('Ctrl Pts',(-234.66843555372,-120.249708000718,336.001869093514));
#5165=CARTESIAN_POINT('Ctrl Pts',(-234.66843555372,-120.285825173742,336.004521709686));
#5166=CARTESIAN_POINT('Ctrl Pts',(-234.66843555372,-120.312530905623,336.007407421806));
#5167=CARTESIAN_POINT('Ctrl Pts',(-234.66843555372,-120.394123323118,336.019890081022));
#5168=CARTESIAN_POINT('Ctrl Pts',(-234.66843555372,-120.456357474894,336.034383100244));
#5169=CARTESIAN_POINT('Ctrl Pts',(-234.66843555372,-120.64194570817,336.099199447171));
#5170=CARTESIAN_POINT('Ctrl Pts',(-234.66843555372,-120.778391191369,336.176620653502));
#5171=CARTESIAN_POINT('Ctrl Pts',(-234.66843555372,-120.972640992297,336.369402766443));
#5172=CARTESIAN_POINT('Ctrl Pts',(-234.66843555372,-121.049196323553,336.473839689132));
#5173=CARTESIAN_POINT('Ctrl Pts',(-234.66843555372,-121.129953175466,336.65641942721));
#5174=CARTESIAN_POINT('Ctrl Pts',(-234.66843555372,-121.151395417878,336.721547224054));
#5175=CARTESIAN_POINT('Ctrl Pts',(-234.66843555372,-121.179639000446,336.85225118134));
#5176=CARTESIAN_POINT('Ctrl Pts',(-234.66843555372,-121.187201514263,336.917593260392));
#5177=CARTESIAN_POINT('Ctrl Pts',(-234.66843555372,-121.188347274514,336.982614688027));
#5178=CARTESIAN_POINT('',(-234.668435553714,-121.682324440691,365.282547584771));
#5179=CARTESIAN_POINT('',(-234.668435553714,-121.682324440691,365.282547584771));
#5180=CARTESIAN_POINT('Origin',(-234.668435553714,-120.682476745535,365.299999991208));
#5181=CARTESIAN_POINT('',(-234.668435553714,-125.295197941485,365.21284424846));
#5182=CARTESIAN_POINT('Origin',(-234.668435553714,-126.291392639587,365.299999991208));
#5183=CARTESIAN_POINT('',(-234.668435553717,-126.500084138507,351.440931997655));
#5184=CARTESIAN_POINT('',(-234.66843555372,-127.771127119268,336.91284424846));
#5185=CARTESIAN_POINT('',(-234.668435553715,-126.500084138508,358.724999991208));
#5186=CARTESIAN_POINT('Ctrl Pts',(-234.66843555372,-120.200084138507,336.000134197579));
#5187=CARTESIAN_POINT('Ctrl Pts',(-237.66843555372,-120.200084138507,336.000134197579));
#5188=CARTESIAN_POINT('Ctrl Pts',(-234.66843555372,-120.198716664136,336.000118355597));
#5189=CARTESIAN_POINT('Ctrl Pts',(-237.66843555372,-120.198716664136,336.000118355598));
#5190=CARTESIAN_POINT('Ctrl Pts',(-234.66843555372,-120.197279534532,336.000104545221));
#5191=CARTESIAN_POINT('Ctrl Pts',(-237.66843555372,-120.197279534532,336.000104545222));
#5192=CARTESIAN_POINT('Ctrl Pts',(-234.66843555372,-120.193751406361,336.000078785763));
#5193=CARTESIAN_POINT('Ctrl Pts',(-237.66843555372,-120.193751406361,336.000078785764));
#5194=CARTESIAN_POINT('Ctrl Pts',(-234.66843555372,-120.191591117689,336.000067094465));
#5195=CARTESIAN_POINT('Ctrl Pts',(-237.66843555372,-120.191591117689,336.000067094465));
#5196=CARTESIAN_POINT('Ctrl Pts',(-234.66843555372,-120.185408041026,336.000067094465));
#5197=CARTESIAN_POINT('Ctrl Pts',(-237.66843555372,-120.185408041026,336.000067094465));
#5198=CARTESIAN_POINT('Ctrl Pts',(-234.66843555372,-120.183247752355,336.000078785763));
#5199=CARTESIAN_POINT('Ctrl Pts',(-237.66843555372,-120.183247752355,336.000078785764));
#5200=CARTESIAN_POINT('Ctrl Pts',(-234.66843555372,-120.179719863337,336.000104543475));
#5201=CARTESIAN_POINT('Ctrl Pts',(-237.66843555372,-120.179719863337,336.000104543476));
#5202=CARTESIAN_POINT('Ctrl Pts',(-234.66843555372,-120.178282921951,336.00011835149));
#5203=CARTESIAN_POINT('Ctrl Pts',(-237.66843555372,-120.178282921951,336.000118351491));
#5204=CARTESIAN_POINT('Ctrl Pts',(-234.66843555372,-120.176915020209,336.000134197721));
#5205=CARTESIAN_POINT('Ctrl Pts',(-237.66843555372,-120.176915020209,336.000134197722));
#5206=CARTESIAN_POINT('',(-234.66843555372,-120.176915020209,336.000134197721));
#5207=CARTESIAN_POINT('Ctrl Pts',(-234.66843555372,-120.176915020209,336.000134197721));
#5208=CARTESIAN_POINT('Ctrl Pts',(-234.66843555372,-120.178282921951,336.00011835149));
#5209=CARTESIAN_POINT('Ctrl Pts',(-234.66843555372,-120.179719863337,336.000104543475));
#5210=CARTESIAN_POINT('Ctrl Pts',(-234.66843555372,-120.183247752355,336.000078785763));
#5211=CARTESIAN_POINT('Ctrl Pts',(-234.66843555372,-120.185408041026,336.000067094465));
#5212=CARTESIAN_POINT('Ctrl Pts',(-234.66843555372,-120.191591117689,336.000067094465));
#5213=CARTESIAN_POINT('Ctrl Pts',(-234.66843555372,-120.193751406361,336.000078785763));
#5214=CARTESIAN_POINT('Ctrl Pts',(-234.66843555372,-120.197279534532,336.000104545221));
#5215=CARTESIAN_POINT('Ctrl Pts',(-234.66843555372,-120.198716664136,336.000118355597));
#5216=CARTESIAN_POINT('Ctrl Pts',(-234.66843555372,-120.200084138507,336.000134197579));
#5217=CARTESIAN_POINT('',(-234.66843555372,-120.176915020209,336.000134197721));
#5218=CARTESIAN_POINT('Ctrl Pts',(-208.66843555372,-120.200084138506,336.000134197574));
#5219=CARTESIAN_POINT('Ctrl Pts',(-205.66843555372,-120.200084138506,336.000134197573));
#5220=CARTESIAN_POINT('Ctrl Pts',(-208.66843555372,-120.198716664136,336.000118355592));
#5221=CARTESIAN_POINT('Ctrl Pts',(-205.66843555372,-120.198716664136,336.000118355591));
#5222=CARTESIAN_POINT('Ctrl Pts',(-208.66843555372,-120.197279534532,336.000104545216));
#5223=CARTESIAN_POINT('Ctrl Pts',(-205.66843555372,-120.197279534532,336.000104545216));
#5224=CARTESIAN_POINT('Ctrl Pts',(-208.66843555372,-120.193751406361,336.000078785758));
#5225=CARTESIAN_POINT('Ctrl Pts',(-205.66843555372,-120.193751406361,336.000078785757));
#5226=CARTESIAN_POINT('Ctrl Pts',(-208.66843555372,-120.191591117689,336.000067094459));
#5227=CARTESIAN_POINT('Ctrl Pts',(-205.66843555372,-120.191591117689,336.000067094459));
#5228=CARTESIAN_POINT('Ctrl Pts',(-208.66843555372,-120.185408041026,336.000067094459));
#5229=CARTESIAN_POINT('Ctrl Pts',(-205.66843555372,-120.185408041026,336.000067094459));
#5230=CARTESIAN_POINT('Ctrl Pts',(-208.66843555372,-120.183247752354,336.000078785758));
#5231=CARTESIAN_POINT('Ctrl Pts',(-205.66843555372,-120.183247752354,336.000078785757));
#5232=CARTESIAN_POINT('Ctrl Pts',(-208.66843555372,-120.179719863336,336.00010454347));
#5233=CARTESIAN_POINT('Ctrl Pts',(-205.66843555372,-120.179719863336,336.000104543469));
#5234=CARTESIAN_POINT('Ctrl Pts',(-208.66843555372,-120.178282921951,336.000118351485));
#5235=CARTESIAN_POINT('Ctrl Pts',(-205.66843555372,-120.178282921951,336.000118351485));
#5236=CARTESIAN_POINT('Ctrl Pts',(-208.66843555372,-120.176915020208,336.000134197716));
#5237=CARTESIAN_POINT('Ctrl Pts',(-205.66843555372,-120.176915020208,336.000134197716));
#5238=CARTESIAN_POINT('',(-208.66843555372,-120.176915020208,336.000134197716));
#5239=CARTESIAN_POINT('Ctrl Pts',(-208.66843555372,-120.200084138506,336.000134197574));
#5240=CARTESIAN_POINT('Ctrl Pts',(-208.66843555372,-120.198716664136,336.000118355592));
#5241=CARTESIAN_POINT('Ctrl Pts',(-208.66843555372,-120.197279534532,336.000104545216));
#5242=CARTESIAN_POINT('Ctrl Pts',(-208.66843555372,-120.193751406361,336.000078785758));
#5243=CARTESIAN_POINT('Ctrl Pts',(-208.66843555372,-120.191591117689,336.000067094459));
#5244=CARTESIAN_POINT('Ctrl Pts',(-208.66843555372,-120.185408041026,336.000067094459));
#5245=CARTESIAN_POINT('Ctrl Pts',(-208.66843555372,-120.183247752354,336.000078785758));
#5246=CARTESIAN_POINT('Ctrl Pts',(-208.66843555372,-120.179719863336,336.00010454347));
#5247=CARTESIAN_POINT('Ctrl Pts',(-208.66843555372,-120.178282921951,336.000118351485));
#5248=CARTESIAN_POINT('Ctrl Pts',(-208.66843555372,-120.176915020208,336.000134197716));
#5249=CARTESIAN_POINT('',(-208.66843555372,-120.176915020208,336.000134197716));
#5250=CARTESIAN_POINT('Origin',(-208.668435553717,-131.167189721311,351.149999991203));
#5251=CARTESIAN_POINT('',(-208.668435553717,-126.500084138507,351.440931997649));
#5252=CARTESIAN_POINT('',(-208.668435553715,-126.500084138507,358.724999991203));
#5253=CARTESIAN_POINT('',(-208.668435553714,-125.295197941484,365.212844248455));
#5254=CARTESIAN_POINT('',(-208.66843555372,-127.771127119268,336.912844248455));
#5255=CARTESIAN_POINT('Origin',(-208.668435553714,-126.291392639587,365.299999991203));
#5256=CARTESIAN_POINT('',(-208.668435553714,-121.682324440691,365.282547584765));
#5257=CARTESIAN_POINT('Origin',(-208.668435553714,-120.682476745535,365.299999991203));
#5258=CARTESIAN_POINT('',(-208.66843555372,-121.188347274514,336.982614688022));
#5259=CARTESIAN_POINT('',(-208.668435553714,-121.682324440691,365.282547584765));
#5260=CARTESIAN_POINT('Ctrl Pts',(-208.66843555372,-121.188347274514,336.982614688022));
#5261=CARTESIAN_POINT('Ctrl Pts',(-208.66843555372,-121.187201514262,336.917593260387));
#5262=CARTESIAN_POINT('Ctrl Pts',(-208.66843555372,-121.179639000446,336.852251181334));
#5263=CARTESIAN_POINT('Ctrl Pts',(-208.66843555372,-121.151395417877,336.721547224049));
#5264=CARTESIAN_POINT('Ctrl Pts',(-208.66843555372,-121.129953175465,336.656419427205));
#5265=CARTESIAN_POINT('Ctrl Pts',(-208.66843555372,-121.049196323553,336.473839689127));
#5266=CARTESIAN_POINT('Ctrl Pts',(-208.66843555372,-120.972640992296,336.369402766437));
#5267=CARTESIAN_POINT('Ctrl Pts',(-208.66843555372,-120.778391191368,336.176620653497));
#5268=CARTESIAN_POINT('Ctrl Pts',(-208.66843555372,-120.64194570817,336.099199447166));
#5269=CARTESIAN_POINT('Ctrl Pts',(-208.66843555372,-120.456357474894,336.034383100239));
#5270=CARTESIAN_POINT('Ctrl Pts',(-208.66843555372,-120.394123323118,336.019890081016));
#5271=CARTESIAN_POINT('Ctrl Pts',(-208.66843555372,-120.312530905622,336.007407421801));
#5272=CARTESIAN_POINT('Ctrl Pts',(-208.66843555372,-120.285825173742,336.00452170968));
#5273=CARTESIAN_POINT('Ctrl Pts',(-208.66843555372,-120.249708000718,336.001869093508));
#5274=CARTESIAN_POINT('Ctrl Pts',(-208.66843555372,-120.237888917535,336.00122621908));
#5275=CARTESIAN_POINT('Ctrl Pts',(-208.66843555372,-120.22104401608,336.000580012176));
#5276=CARTESIAN_POINT('Ctrl Pts',(-208.66843555372,-120.215510084042,336.000415633097));
#5277=CARTESIAN_POINT('Ctrl Pts',(-208.66843555372,-120.206922037824,336.00023265635));
#5278=CARTESIAN_POINT('Ctrl Pts',(-208.66843555372,-120.204079984285,336.000183313248));
#5279=CARTESIAN_POINT('Ctrl Pts',(-208.66843555372,-120.200610832791,336.000140405565));
#5280=CARTESIAN_POINT('Ctrl Pts',(-208.66843555372,-120.20034879012,336.000137263522));
#5281=CARTESIAN_POINT('Ctrl Pts',(-208.66843555372,-120.200084138506,336.000134197574));
#5282=CARTESIAN_POINT('Origin',(-228.168435553714,-125.200084138507,366.299999991207));
#5283=CARTESIAN_POINT('',(-232.918435553716,-126.500084138508,351.440931997606));
#5284=CARTESIAN_POINT('',(-221.668435553714,-125.295197941484,365.212844248458));
#5285=CARTESIAN_POINT('Origin',(-229.718435553714,-126.291392639576,365.299999991207));
#5286=CARTESIAN_POINT('Origin',(-221.668435553718,-118.222712145178,346.663508318101));
#5287=CARTESIAN_POINT('Origin',(-213.918435553717,-119.211398141842,347.54502127519));
#5288=CARTESIAN_POINT('Origin',(-221.668435553718,-118.222712145178,346.663508318101));
#5289=CARTESIAN_POINT('Origin',(-229.418435553718,-119.211398141843,347.545021275194));
#5290=CARTESIAN_POINT('Ctrl Pts',(-237.66843555372,-120.176915020209,336.000134197722));
#5291=CARTESIAN_POINT('Ctrl Pts',(-205.66843555372,-120.176915020208,336.000134197716));
#5292=CARTESIAN_POINT('Ctrl Pts',(-237.66843555372,-120.178282921951,336.000118351491));
#5293=CARTESIAN_POINT('Ctrl Pts',(-205.66843555372,-120.178282921951,336.000118351485));
#5294=CARTESIAN_POINT('Ctrl Pts',(-237.66843555372,-120.179719863337,336.000104543476));
#5295=CARTESIAN_POINT('Ctrl Pts',(-205.66843555372,-120.179719863336,336.000104543469));
#5296=CARTESIAN_POINT('Ctrl Pts',(-237.66843555372,-120.183247752355,336.000078785763));
#5297=CARTESIAN_POINT('Ctrl Pts',(-205.66843555372,-120.183247752354,336.000078785757));
#5298=CARTESIAN_POINT('Ctrl Pts',(-237.66843555372,-120.185408041026,336.000067094465));
#5299=CARTESIAN_POINT('Ctrl Pts',(-205.66843555372,-120.185408041026,336.000067094459));
#5300=CARTESIAN_POINT('Ctrl Pts',(-237.66843555372,-120.191591117689,336.000067094465));
#5301=CARTESIAN_POINT('Ctrl Pts',(-205.66843555372,-120.191591117689,336.000067094459));
#5302=CARTESIAN_POINT('Ctrl Pts',(-237.66843555372,-120.193751406361,336.000078785763));
#5303=CARTESIAN_POINT('Ctrl Pts',(-205.66843555372,-120.193751406361,336.000078785757));
#5304=CARTESIAN_POINT('Ctrl Pts',(-237.66843555372,-120.197590817604,336.000106817952));
#5305=CARTESIAN_POINT('Ctrl Pts',(-205.66843555372,-120.197590817603,336.000106817946));
#5306=CARTESIAN_POINT('Ctrl Pts',(-237.66843555372,-120.199266512765,336.000123778549));
#5307=CARTESIAN_POINT('Ctrl Pts',(-205.66843555372,-120.199266512764,336.000123778542));
#5308=CARTESIAN_POINT('Ctrl Pts',(-237.66843555372,-120.204079984285,336.000183313254));
#5309=CARTESIAN_POINT('Ctrl Pts',(-205.66843555372,-120.204079984285,336.000183313247));
#5310=CARTESIAN_POINT('Ctrl Pts',(-237.66843555372,-120.206922037824,336.000232656355));
#5311=CARTESIAN_POINT('Ctrl Pts',(-205.66843555372,-120.206922037824,336.000232656349));
#5312=CARTESIAN_POINT('Ctrl Pts',(-237.66843555372,-120.215510084043,336.000415633102));
#5313=CARTESIAN_POINT('Ctrl Pts',(-205.66843555372,-120.215510084042,336.000415633096));
#5314=CARTESIAN_POINT('Ctrl Pts',(-237.66843555372,-120.221044016081,336.000580012182));
#5315=CARTESIAN_POINT('Ctrl Pts',(-205.66843555372,-120.22104401608,336.000580012176));
#5316=CARTESIAN_POINT('Ctrl Pts',(-237.66843555372,-120.237888917536,336.001226219086));
#5317=CARTESIAN_POINT('Ctrl Pts',(-205.66843555372,-120.237888917535,336.001226219079));
#5318=CARTESIAN_POINT('Ctrl Pts',(-237.66843555372,-120.249708000718,336.001869093514));
#5319=CARTESIAN_POINT('Ctrl Pts',(-205.66843555372,-120.249708000718,336.001869093508));
#5320=CARTESIAN_POINT('Ctrl Pts',(-237.66843555372,-120.285825173743,336.004521709686));
#5321=CARTESIAN_POINT('Ctrl Pts',(-205.66843555372,-120.285825173742,336.00452170968));
#5322=CARTESIAN_POINT('Ctrl Pts',(-237.66843555372,-120.312530905623,336.007407421806));
#5323=CARTESIAN_POINT('Ctrl Pts',(-205.66843555372,-120.312530905622,336.0074074218));
#5324=CARTESIAN_POINT('Ctrl Pts',(-237.66843555372,-120.394123323118,336.019890081022));
#5325=CARTESIAN_POINT('Ctrl Pts',(-205.66843555372,-120.394123323118,336.019890081016));
#5326=CARTESIAN_POINT('Ctrl Pts',(-237.66843555372,-120.456357474894,336.034383100245));
#5327=CARTESIAN_POINT('Ctrl Pts',(-205.66843555372,-120.456357474894,336.034383100239));
#5328=CARTESIAN_POINT('Ctrl Pts',(-237.66843555372,-120.64194570817,336.099199447172));
#5329=CARTESIAN_POINT('Ctrl Pts',(-205.66843555372,-120.64194570817,336.099199447166));
#5330=CARTESIAN_POINT('Ctrl Pts',(-237.66843555372,-120.778391191369,336.176620653503));
#5331=CARTESIAN_POINT('Ctrl Pts',(-205.66843555372,-120.778391191368,336.176620653496));
#5332=CARTESIAN_POINT('Ctrl Pts',(-237.66843555372,-120.972640992297,336.369402766443));
#5333=CARTESIAN_POINT('Ctrl Pts',(-205.66843555372,-120.972640992296,336.369402766437));
#5334=CARTESIAN_POINT('Ctrl Pts',(-237.66843555372,-121.049196323553,336.473839689133));
#5335=CARTESIAN_POINT('Ctrl Pts',(-205.66843555372,-121.049196323553,336.473839689127));
#5336=CARTESIAN_POINT('Ctrl Pts',(-237.66843555372,-121.129953175466,336.656419427211));
#5337=CARTESIAN_POINT('Ctrl Pts',(-205.66843555372,-121.129953175465,336.656419427204));
#5338=CARTESIAN_POINT('Ctrl Pts',(-237.66843555372,-121.151395417878,336.721547224054));
#5339=CARTESIAN_POINT('Ctrl Pts',(-205.66843555372,-121.151395417877,336.721547224048));
#5340=CARTESIAN_POINT('Ctrl Pts',(-237.66843555372,-121.179639000446,336.85225118134));
#5341=CARTESIAN_POINT('Ctrl Pts',(-205.66843555372,-121.179639000446,336.852251181334));
#5342=CARTESIAN_POINT('Ctrl Pts',(-237.66843555372,-121.187201514263,336.917593260393));
#5343=CARTESIAN_POINT('Ctrl Pts',(-205.66843555372,-121.187201514262,336.917593260387));
#5344=CARTESIAN_POINT('Ctrl Pts',(-237.66843555372,-121.188347274514,336.982614688028));
#5345=CARTESIAN_POINT('Ctrl Pts',(-205.66843555372,-121.188347274514,336.982614688022));
#5346=CARTESIAN_POINT('',(-221.66843555372,-121.188347274514,336.982614688025));
#5347=CARTESIAN_POINT('',(-221.66843555372,-120.176915020208,336.000134197719));
#5348=CARTESIAN_POINT('Origin',(-229.418435553714,-119.211398141843,366.399999991207));
#5349=CARTESIAN_POINT('Origin',(-213.918435553714,-119.211398141842,366.399999991204));
#5350=CARTESIAN_POINT('Origin',(-223.218435553714,-120.682476745535,365.299999991206));
#5351=CARTESIAN_POINT('',(-221.668435553714,-121.682324440691,365.282547584768));
#5352=CARTESIAN_POINT('Origin',(-215.168435553714,-121.700084138507,366.299999991204));
#5353=CARTESIAN_POINT('Origin',(-226.46843555372,-120.200084138507,337.999999991206));
#5354=CARTESIAN_POINT('Origin',(-237.668435553714,-126.500084138508,366.299999991209));
#5355=UNCERTAINTY_MEASURE_WITH_UNIT(LENGTH_MEASURE(0.01),#5359,
'DISTANCE_ACCURACY_VALUE',
'Maximum model space distance between geometric entities at asserted c
onnectivities');
#5356=UNCERTAINTY_MEASURE_WITH_UNIT(LENGTH_MEASURE(0.01),#5359,
'DISTANCE_ACCURACY_VALUE',
'Maximum model space distance between geometric entities at asserted c
onnectivities');
#5357=(
GEOMETRIC_REPRESENTATION_CONTEXT(3)
GLOBAL_UNCERTAINTY_ASSIGNED_CONTEXT((#5355))
GLOBAL_UNIT_ASSIGNED_CONTEXT((#5359,#5361,#5362))
REPRESENTATION_CONTEXT('','3D')
);
#5358=(
GEOMETRIC_REPRESENTATION_CONTEXT(3)
GLOBAL_UNCERTAINTY_ASSIGNED_CONTEXT((#5356))
GLOBAL_UNIT_ASSIGNED_CONTEXT((#5359,#5361,#5362))
REPRESENTATION_CONTEXT('','3D')
);
#5359=(
LENGTH_UNIT()
NAMED_UNIT(*)
SI_UNIT(.MILLI.,.METRE.)
);
#5360=(
LENGTH_UNIT()
NAMED_UNIT(*)
SI_UNIT($,.METRE.)
);
#5361=(
NAMED_UNIT(*)
PLANE_ANGLE_UNIT()
SI_UNIT($,.RADIAN.)
);
#5362=(
NAMED_UNIT(*)
SI_UNIT($,.STERADIAN.)
SOLID_ANGLE_UNIT()
);
#5363=SHAPE_DEFINITION_REPRESENTATION(#5364,#5365);
#5364=PRODUCT_DEFINITION_SHAPE('',$,#5367);
#5365=SHAPE_REPRESENTATION('',(#3089),#5357);
#5366=PRODUCT_DEFINITION_CONTEXT('part definition',#5371,'design');
#5367=PRODUCT_DEFINITION('Pocket Spectrometer Frame Rev 1',
'Pocket Spectrometer Frame Rev 1',#5368,#5366);
#5368=PRODUCT_DEFINITION_FORMATION('',$,#5373);
#5369=PRODUCT_RELATED_PRODUCT_CATEGORY(
'Pocket Spectrometer Frame Rev 1','Pocket Spectrometer Frame Rev 1',(#5373));
#5370=APPLICATION_PROTOCOL_DEFINITION('international standard',
'automotive_design',2009,#5371);
#5371=APPLICATION_CONTEXT(
'Core Data for Automotive Mechanical Design Process');
#5372=PRODUCT_CONTEXT('part definition',#5371,'mechanical');
#5373=PRODUCT('Pocket Spectrometer Frame Rev 1',
'Pocket Spectrometer Frame Rev 1',$,(#5372));
#5374=PRESENTATION_STYLE_ASSIGNMENT((#5376));
#5375=PRESENTATION_STYLE_ASSIGNMENT((#5377));
#5376=SURFACE_STYLE_USAGE(.BOTH.,#5378);
#5377=SURFACE_STYLE_USAGE(.BOTH.,#5379);
#5378=SURFACE_SIDE_STYLE('',(#5380));
#5379=SURFACE_SIDE_STYLE('',(#5381));
#5380=SURFACE_STYLE_FILL_AREA(#5382);
#5381=SURFACE_STYLE_FILL_AREA(#5383);
#5382=FILL_AREA_STYLE('Plate',(#5384));
#5383=FILL_AREA_STYLE('Paint - Enamel Glossy (Green)',(#5385));
#5384=FILL_AREA_STYLE_COLOUR('Plate',#5386);
#5385=FILL_AREA_STYLE_COLOUR('Paint - Enamel Glossy (Green)',#5387);
#5386=COLOUR_RGB('Plate',0.6,0.6,0.6);
#5387=COLOUR_RGB('Paint - Enamel Glossy (Green)',0.266666666666667,0.588235294117647,
0.282352941176471);
ENDSEC;
END-ISO-10303-21;
