ISO-10303-21;
HEADER;
/* Generated by software containing ST-Developer
 * from STEP Tools, Inc. (www.steptools.com) 
 */

FILE_DESCRIPTION(
/* description */ (''),
/* implementation_level */ '2;1');

FILE_NAME(
/* name */ 'PySpectrometer2 Benchtop Spectrometer Frame Rev 1.step',
/* time_stamp */ '2024-10-22T19:00:18-06:00',
/* author */ (''),
/* organization */ (''),
/* preprocessor_version */ 'ST-DEVELOPER v20',
/* originating_system */ 'Autodesk Translation Framework v13.20.0.188',

/* authorisation */ '');

FILE_SCHEMA (('AUTOMOTIVE_DESIGN { 1 0 10303 214 3 1 1 }'));
ENDSEC;

DATA;
#10=MECHANICAL_DESIGN_GEOMETRIC_PRESENTATION_REPRESENTATION('',(#13),#5359);
#11=SHAPE_REPRESENTATION_RELATIONSHIP('SRR','None',#5366,#12);
#12=ADVANCED_BREP_SHAPE_REPRESENTATION('',(#14),#5358);
#13=STYLED_ITEM('',(#5376),#14);
#14=MANIFOLD_SOLID_BREP('Body5',#3079);
#15=B_SPLINE_SURFACE_WITH_KNOTS('',3,1,((#4614,#4615),(#4616,#4617),(#4618,
#4619),(#4620,#4621),(#4622,#4623),(#4624,#4625),(#4626,#4627),(#4628,#4629),
(#4630,#4631),(#4632,#4633)),.UNSPECIFIED.,.F.,.F.,.F.,(4,2,2,2,4),(2,2),
(0.402510933297408,0.403288005559439,0.404215467058861,0.405142928558284,
0.405919885278955),(0.,0.300000000000001),.UNSPECIFIED.);
#16=B_SPLINE_SURFACE_WITH_KNOTS('',3,1,((#4646,#4647),(#4648,#4649),(#4650,
#4651),(#4652,#4653),(#4654,#4655),(#4656,#4657),(#4658,#4659),(#4660,#4661),
(#4662,#4663),(#4664,#4665)),.UNSPECIFIED.,.F.,.F.,.F.,(4,2,2,2,4),(2,2),
(0.402510933297408,0.403288005559439,0.404215467058861,0.405142928558284,
0.405919885278955),(0.,0.300000000000001),.UNSPECIFIED.);
#17=B_SPLINE_SURFACE_WITH_KNOTS('',3,1,((#4718,#4719),(#4720,#4721),(#4722,
#4723),(#4724,#4725),(#4726,#4727),(#4728,#4729),(#4730,#4731),(#4732,#4733),
(#4734,#4735),(#4736,#4737),(#4738,#4739),(#4740,#4741),(#4742,#4743),(#4744,
#4745),(#4746,#4747),(#4748,#4749),(#4750,#4751),(#4752,#4753),(#4754,#4755),
(#4756,#4757),(#4758,#4759),(#4760,#4761),(#4762,#4763),(#4764,#4765),(#4766,
#4767),(#4768,#4769),(#4770,#4771),(#4772,#4773)),.UNSPECIFIED.,.F.,.F.,
 .F.,(4,2,2,2,2,2,2,2,2,2,2,2,2,4),(2,2),(-0.405919885278955,-0.405142928558284,
-0.404215467058861,-0.403288005559439,-0.402360544060016,-0.400505621061171,
-0.39679577506348,-0.389376083068098,-0.374536699077335,-0.344857931095808,
-0.285500395132754,-0.24418276795195,-0.223523954361548,-0.204030740781443),
(-1.6,1.6),.UNSPECIFIED.);
#18=(
BOUNDED_CURVE()
B_SPLINE_CURVE(2,(#4578,#4579,#4580),.UNSPECIFIED.,.F.,.F.)
B_SPLINE_CURVE_WITH_KNOTS((3,3),(0.,0.233029722474472),.UNSPECIFIED.)
CURVE()
GEOMETRIC_REPRESENTATION_ITEM()
RATIONAL_B_SPLINE_CURVE((1.,1.,1.))
REPRESENTATION_ITEM('')
);
#19=CONICAL_SURFACE('',#3159,1.40000000000003,0.785398163397771);
#20=ELLIPSE('',#3116,6.36396103067876,4.49999999999989);
#21=ELLIPSE('',#3118,6.36396103067891,4.49999999999999);
#22=ELLIPSE('',#3127,1.41421356237306,1.);
#23=ELLIPSE('',#3128,1.41421356237306,1.);
#24=ELLIPSE('',#3139,1.41421356237352,1.);
#25=ELLIPSE('',#3140,2.82842712474706,2.00000000000001);
#26=ELLIPSE('',#3142,1.41421356237315,1.);
#27=ELLIPSE('',#3143,1.41421356237266,1.);
#28=ELLIPSE('',#3145,1.41421356237315,1.);
#29=ELLIPSE('',#3152,2.82842712474702,2.00000000000001);
#30=ELLIPSE('',#3153,2.828427124747,2.);
#31=ELLIPSE('',#3158,2.82842712474525,2.);
#32=ELLIPSE('',#3170,1.33975800140208,1.00000000000001);
#33=ELLIPSE('',#3172,1.33975800140208,1.00000000000001);
#34=ELLIPSE('',#3191,29.6984848150477,21.0000000000004);
#35=ELLIPSE('',#3193,29.6984848150569,21.0000000000004);
#36=ELLIPSE('',#3317,29.6984848046211,21.0000000000004);
#37=ELLIPSE('',#3343,29.6984848046232,21.0000000000004);
#38=B_SPLINE_CURVE_WITH_KNOTS('',3,(#4229,#4230,#4231,#4232,#4233,#4234,
#4235,#4236,#4237,#4238,#4239,#4240,#4241,#4242,#4243,#4244,#4245,#4246,
#4247,#4248,#4249,#4250,#4251,#4252,#4253,#4254,#4255,#4256,#4257,#4258,
#4259,#4260,#4261,#4262),.UNSPECIFIED.,.T.,.F.,(4,2,2,2,2,2,2,2,2,2,2,2,
2,2,2,2,4),(0.,0.0471191881357474,0.0942383762714948,0.141357409079233,
0.188476441886971,0.235595474694709,0.282714507502447,0.329833695638195,
0.376952883773942,0.42407207190969,0.471191260045439,0.518310292853176,
0.565429325660914,0.612548358468651,0.659667391276388,0.706786579412137,
0.753905767547885),.UNSPECIFIED.);
#39=B_SPLINE_CURVE_WITH_KNOTS('',3,(#4399,#4400,#4401,#4402,#4403,#4404,
#4405,#4406,#4407,#4408),.UNSPECIFIED.,.F.,.F.,(4,2,2,2,4),(0.402510933297408,
0.403288005559439,0.404215467058861,0.405142928558284,0.405919885278955),
 .UNSPECIFIED.);
#40=B_SPLINE_CURVE_WITH_KNOTS('',3,(#4467,#4468,#4469,#4470,#4471,#4472,
#4473,#4474,#4475,#4476),.UNSPECIFIED.,.F.,.F.,(4,2,2,2,4),(0.402510933297408,
0.403288005559439,0.404215467058861,0.405142928558284,0.405919885278955),
 .UNSPECIFIED.);
#41=B_SPLINE_CURVE_WITH_KNOTS('',3,(#4533,#4534,#4535,#4536,#4537,#4538,
#4539,#4540,#4541,#4542,#4543,#4544,#4545,#4546,#4547,#4548,#4549,#4550,
#4551),.UNSPECIFIED.,.F.,.F.,(4,2,2,2,3,2,2,2,4),(0.716610695492201,0.71918723056029,
0.727229432919648,0.731250534099328,0.735271635279007,0.739292736458686,
0.743313837638366,0.751356039997725,0.75393257506583),.UNSPECIFIED.);
#42=B_SPLINE_CURVE_WITH_KNOTS('',3,(#4556,#4557,#4558,#4559,#4560,#4561,
#4562,#4563,#4564,#4565,#4566,#4567,#4568,#4569,#4570,#4571,#4572,#4573),
 .UNSPECIFIED.,.F.,.F.,(4,2,2,2,2,2,2,2,4),(0.348974877852682,0.351551412920786,
0.359593615280145,0.363614716459824,0.367635817639504,0.371656918819183,
0.375678019998862,0.383720222358221,0.386296757426323),.UNSPECIFIED.);
#43=B_SPLINE_CURVE_WITH_KNOTS('',3,(#4584,#4585,#4586,#4587,#4588,#4589,
#4590,#4591,#4592,#4593,#4594,#4595,#4596,#4597,#4598,#4599,#4600,#4601,
#4602,#4603,#4604,#4605),.UNSPECIFIED.,.F.,.F.,(4,2,2,2,2,2,2,2,2,2,4),
(-0.402510933297408,-0.402360544060016,-0.400505621061171,-0.39679577506348,
-0.389376083068098,-0.374536699077335,-0.344857931095808,-0.285500395132754,
-0.24418276795195,-0.223523954361548,-0.204030740781443),.UNSPECIFIED.);
#44=B_SPLINE_CURVE_WITH_KNOTS('',3,(#4635,#4636,#4637,#4638,#4639,#4640,
#4641,#4642,#4643,#4644),.UNSPECIFIED.,.F.,.F.,(4,2,2,2,4),(-0.405919885278955,
-0.405142928558284,-0.404215467058861,-0.403288005559439,-0.402510933297408),
 .UNSPECIFIED.);
#45=B_SPLINE_CURVE_WITH_KNOTS('',3,(#4667,#4668,#4669,#4670,#4671,#4672,
#4673,#4674,#4675,#4676),.UNSPECIFIED.,.F.,.F.,(4,2,2,2,4),(0.402510933297408,
0.403288005559439,0.404215467058861,0.405142928558284,0.405919885278955),
 .UNSPECIFIED.);
#46=B_SPLINE_CURVE_WITH_KNOTS('',3,(#4688,#4689,#4690,#4691,#4692,#4693,
#4694,#4695,#4696,#4697,#4698,#4699,#4700,#4701,#4702,#4703,#4704,#4705,
#4706,#4707,#4708,#4709),.UNSPECIFIED.,.F.,.F.,(4,2,2,2,2,2,2,2,2,2,4),
(0.204030740781443,0.223523954361548,0.24418276795195,0.285500395132754,
0.344857931095808,0.374536699077335,0.389376083068098,0.39679577506348,
0.400505621061171,0.402360544060016,0.402510933297408),.UNSPECIFIED.);
#47=FACE_BOUND('',#337,.T.);
#48=FACE_BOUND('',#340,.T.);
#49=FACE_BOUND('',#349,.T.);
#50=FACE_BOUND('',#353,.T.);
#51=FACE_BOUND('',#355,.T.);
#52=FACE_BOUND('',#378,.T.);
#53=FACE_BOUND('',#379,.T.);
#54=FACE_BOUND('',#403,.T.);
#55=FACE_BOUND('',#418,.T.);
#56=FACE_BOUND('',#431,.T.);
#57=FACE_BOUND('',#435,.T.);
#58=FACE_BOUND('',#443,.T.);
#59=FACE_BOUND('',#483,.T.);
#60=FACE_BOUND('',#493,.T.);
#61=PLANE('',#3096);
#62=PLANE('',#3099);
#63=PLANE('',#3102);
#64=PLANE('',#3103);
#65=PLANE('',#3104);
#66=PLANE('',#3105);
#67=PLANE('',#3106);
#68=PLANE('',#3107);
#69=PLANE('',#3108);
#70=PLANE('',#3109);
#71=PLANE('',#3111);
#72=PLANE('',#3112);
#73=PLANE('',#3114);
#74=PLANE('',#3115);
#75=PLANE('',#3117);
#76=PLANE('',#3119);
#77=PLANE('',#3121);
#78=PLANE('',#3123);
#79=PLANE('',#3126);
#80=PLANE('',#3129);
#81=PLANE('',#3130);
#82=PLANE('',#3131);
#83=PLANE('',#3132);
#84=PLANE('',#3133);
#85=PLANE('',#3134);
#86=PLANE('',#3135);
#87=PLANE('',#3138);
#88=PLANE('',#3144);
#89=PLANE('',#3148);
#90=PLANE('',#3151);
#91=PLANE('',#3154);
#92=PLANE('',#3157);
#93=PLANE('',#3160);
#94=PLANE('',#3161);
#95=PLANE('',#3164);
#96=PLANE('',#3167);
#97=PLANE('',#3169);
#98=PLANE('',#3171);
#99=PLANE('',#3176);
#100=PLANE('',#3178);
#101=PLANE('',#3181);
#102=PLANE('',#3182);
#103=PLANE('',#3183);
#104=PLANE('',#3184);
#105=PLANE('',#3186);
#106=PLANE('',#3187);
#107=PLANE('',#3188);
#108=PLANE('',#3189);
#109=PLANE('',#3190);
#110=PLANE('',#3192);
#111=PLANE('',#3194);
#112=PLANE('',#3195);
#113=PLANE('',#3196);
#114=PLANE('',#3200);
#115=PLANE('',#3201);
#116=PLANE('',#3202);
#117=PLANE('',#3203);
#118=PLANE('',#3205);
#119=PLANE('',#3206);
#120=PLANE('',#3207);
#121=PLANE('',#3216);
#122=PLANE('',#3219);
#123=PLANE('',#3220);
#124=PLANE('',#3221);
#125=PLANE('',#3222);
#126=PLANE('',#3223);
#127=PLANE('',#3227);
#128=PLANE('',#3250);
#129=PLANE('',#3251);
#130=PLANE('',#3252);
#131=PLANE('',#3257);
#132=PLANE('',#3258);
#133=PLANE('',#3259);
#134=PLANE('',#3262);
#135=PLANE('',#3263);
#136=PLANE('',#3264);
#137=PLANE('',#3270);
#138=PLANE('',#3271);
#139=PLANE('',#3272);
#140=PLANE('',#3276);
#141=PLANE('',#3279);
#142=PLANE('',#3282);
#143=PLANE('',#3283);
#144=PLANE('',#3285);
#145=PLANE('',#3287);
#146=PLANE('',#3289);
#147=PLANE('',#3292);
#148=PLANE('',#3294);
#149=PLANE('',#3296);
#150=PLANE('',#3299);
#151=PLANE('',#3302);
#152=PLANE('',#3305);
#153=PLANE('',#3308);
#154=PLANE('',#3310);
#155=PLANE('',#3313);
#156=PLANE('',#3316);
#157=PLANE('',#3318);
#158=PLANE('',#3324);
#159=PLANE('',#3326);
#160=PLANE('',#3327);
#161=PLANE('',#3329);
#162=PLANE('',#3330);
#163=PLANE('',#3331);
#164=PLANE('',#3333);
#165=PLANE('',#3338);
#166=PLANE('',#3341);
#167=PLANE('',#3342);
#168=PLANE('',#3346);
#169=PLANE('',#3347);
#170=PLANE('',#3348);
#171=PLANE('',#3349);
#172=PLANE('',#3350);
#173=PLANE('',#3351);
#174=PLANE('',#3352);
#175=PLANE('',#3353);
#176=FACE_OUTER_BOUND('',#335,.T.);
#177=FACE_OUTER_BOUND('',#336,.T.);
#178=FACE_OUTER_BOUND('',#338,.T.);
#179=FACE_OUTER_BOUND('',#339,.T.);
#180=FACE_OUTER_BOUND('',#341,.T.);
#181=FACE_OUTER_BOUND('',#342,.T.);
#182=FACE_OUTER_BOUND('',#343,.T.);
#183=FACE_OUTER_BOUND('',#344,.T.);
#184=FACE_OUTER_BOUND('',#345,.T.);
#185=FACE_OUTER_BOUND('',#346,.T.);
#186=FACE_OUTER_BOUND('',#347,.T.);
#187=FACE_OUTER_BOUND('',#348,.T.);
#188=FACE_OUTER_BOUND('',#350,.T.);
#189=FACE_OUTER_BOUND('',#351,.T.);
#190=FACE_OUTER_BOUND('',#352,.T.);
#191=FACE_OUTER_BOUND('',#354,.T.);
#192=FACE_OUTER_BOUND('',#356,.T.);
#193=FACE_OUTER_BOUND('',#357,.T.);
#194=FACE_OUTER_BOUND('',#358,.T.);
#195=FACE_OUTER_BOUND('',#359,.T.);
#196=FACE_OUTER_BOUND('',#360,.T.);
#197=FACE_OUTER_BOUND('',#361,.T.);
#198=FACE_OUTER_BOUND('',#362,.T.);
#199=FACE_OUTER_BOUND('',#363,.T.);
#200=FACE_OUTER_BOUND('',#364,.T.);
#201=FACE_OUTER_BOUND('',#365,.T.);
#202=FACE_OUTER_BOUND('',#366,.T.);
#203=FACE_OUTER_BOUND('',#367,.T.);
#204=FACE_OUTER_BOUND('',#368,.T.);
#205=FACE_OUTER_BOUND('',#369,.T.);
#206=FACE_OUTER_BOUND('',#370,.T.);
#207=FACE_OUTER_BOUND('',#371,.T.);
#208=FACE_OUTER_BOUND('',#372,.T.);
#209=FACE_OUTER_BOUND('',#373,.T.);
#210=FACE_OUTER_BOUND('',#374,.T.);
#211=FACE_OUTER_BOUND('',#375,.T.);
#212=FACE_OUTER_BOUND('',#376,.T.);
#213=FACE_OUTER_BOUND('',#377,.T.);
#214=FACE_OUTER_BOUND('',#380,.T.);
#215=FACE_OUTER_BOUND('',#381,.T.);
#216=FACE_OUTER_BOUND('',#382,.T.);
#217=FACE_OUTER_BOUND('',#383,.T.);
#218=FACE_OUTER_BOUND('',#384,.T.);
#219=FACE_OUTER_BOUND('',#385,.T.);
#220=FACE_OUTER_BOUND('',#386,.T.);
#221=FACE_OUTER_BOUND('',#387,.T.);
#222=FACE_OUTER_BOUND('',#388,.T.);
#223=FACE_OUTER_BOUND('',#389,.T.);
#224=FACE_OUTER_BOUND('',#390,.T.);
#225=FACE_OUTER_BOUND('',#391,.T.);
#226=FACE_OUTER_BOUND('',#392,.T.);
#227=FACE_OUTER_BOUND('',#393,.T.);
#228=FACE_OUTER_BOUND('',#394,.T.);
#229=FACE_OUTER_BOUND('',#395,.T.);
#230=FACE_OUTER_BOUND('',#396,.T.);
#231=FACE_OUTER_BOUND('',#397,.T.);
#232=FACE_OUTER_BOUND('',#398,.T.);
#233=FACE_OUTER_BOUND('',#399,.T.);
#234=FACE_OUTER_BOUND('',#400,.T.);
#235=FACE_OUTER_BOUND('',#401,.T.);
#236=FACE_OUTER_BOUND('',#402,.T.);
#237=FACE_OUTER_BOUND('',#404,.T.);
#238=FACE_OUTER_BOUND('',#405,.T.);
#239=FACE_OUTER_BOUND('',#406,.T.);
#240=FACE_OUTER_BOUND('',#407,.T.);
#241=FACE_OUTER_BOUND('',#408,.T.);
#242=FACE_OUTER_BOUND('',#409,.T.);
#243=FACE_OUTER_BOUND('',#410,.T.);
#244=FACE_OUTER_BOUND('',#411,.T.);
#245=FACE_OUTER_BOUND('',#412,.T.);
#246=FACE_OUTER_BOUND('',#413,.T.);
#247=FACE_OUTER_BOUND('',#414,.T.);
#248=FACE_OUTER_BOUND('',#415,.T.);
#249=FACE_OUTER_BOUND('',#416,.T.);
#250=FACE_OUTER_BOUND('',#417,.T.);
#251=FACE_OUTER_BOUND('',#419,.T.);
#252=FACE_OUTER_BOUND('',#420,.T.);
#253=FACE_OUTER_BOUND('',#421,.T.);
#254=FACE_OUTER_BOUND('',#422,.T.);
#255=FACE_OUTER_BOUND('',#423,.T.);
#256=FACE_OUTER_BOUND('',#424,.T.);
#257=FACE_OUTER_BOUND('',#425,.T.);
#258=FACE_OUTER_BOUND('',#426,.T.);
#259=FACE_OUTER_BOUND('',#427,.T.);
#260=FACE_OUTER_BOUND('',#428,.T.);
#261=FACE_OUTER_BOUND('',#429,.T.);
#262=FACE_OUTER_BOUND('',#430,.T.);
#263=FACE_OUTER_BOUND('',#432,.T.);
#264=FACE_OUTER_BOUND('',#433,.T.);
#265=FACE_OUTER_BOUND('',#434,.T.);
#266=FACE_OUTER_BOUND('',#436,.T.);
#267=FACE_OUTER_BOUND('',#437,.T.);
#268=FACE_OUTER_BOUND('',#438,.T.);
#269=FACE_OUTER_BOUND('',#439,.T.);
#270=FACE_OUTER_BOUND('',#440,.T.);
#271=FACE_OUTER_BOUND('',#441,.T.);
#272=FACE_OUTER_BOUND('',#442,.T.);
#273=FACE_OUTER_BOUND('',#444,.T.);
#274=FACE_OUTER_BOUND('',#445,.T.);
#275=FACE_OUTER_BOUND('',#446,.T.);
#276=FACE_OUTER_BOUND('',#447,.T.);
#277=FACE_OUTER_BOUND('',#448,.T.);
#278=FACE_OUTER_BOUND('',#449,.T.);
#279=FACE_OUTER_BOUND('',#450,.T.);
#280=FACE_OUTER_BOUND('',#451,.T.);
#281=FACE_OUTER_BOUND('',#452,.T.);
#282=FACE_OUTER_BOUND('',#453,.T.);
#283=FACE_OUTER_BOUND('',#454,.T.);
#284=FACE_OUTER_BOUND('',#455,.T.);
#285=FACE_OUTER_BOUND('',#456,.T.);
#286=FACE_OUTER_BOUND('',#457,.T.);
#287=FACE_OUTER_BOUND('',#458,.T.);
#288=FACE_OUTER_BOUND('',#459,.T.);
#289=FACE_OUTER_BOUND('',#460,.T.);
#290=FACE_OUTER_BOUND('',#461,.T.);
#291=FACE_OUTER_BOUND('',#462,.T.);
#292=FACE_OUTER_BOUND('',#463,.T.);
#293=FACE_OUTER_BOUND('',#464,.T.);
#294=FACE_OUTER_BOUND('',#465,.T.);
#295=FACE_OUTER_BOUND('',#466,.T.);
#296=FACE_OUTER_BOUND('',#467,.T.);
#297=FACE_OUTER_BOUND('',#468,.T.);
#298=FACE_OUTER_BOUND('',#469,.T.);
#299=FACE_OUTER_BOUND('',#470,.T.);
#300=FACE_OUTER_BOUND('',#471,.T.);
#301=FACE_OUTER_BOUND('',#472,.T.);
#302=FACE_OUTER_BOUND('',#473,.T.);
#303=FACE_OUTER_BOUND('',#474,.T.);
#304=FACE_OUTER_BOUND('',#475,.T.);
#305=FACE_OUTER_BOUND('',#476,.T.);
#306=FACE_OUTER_BOUND('',#477,.T.);
#307=FACE_OUTER_BOUND('',#478,.T.);
#308=FACE_OUTER_BOUND('',#479,.T.);
#309=FACE_OUTER_BOUND('',#480,.T.);
#310=FACE_OUTER_BOUND('',#481,.T.);
#311=FACE_OUTER_BOUND('',#482,.T.);
#312=FACE_OUTER_BOUND('',#484,.T.);
#313=FACE_OUTER_BOUND('',#485,.T.);
#314=FACE_OUTER_BOUND('',#486,.T.);
#315=FACE_OUTER_BOUND('',#487,.T.);
#316=FACE_OUTER_BOUND('',#488,.T.);
#317=FACE_OUTER_BOUND('',#489,.T.);
#318=FACE_OUTER_BOUND('',#490,.T.);
#319=FACE_OUTER_BOUND('',#491,.T.);
#320=FACE_OUTER_BOUND('',#492,.T.);
#321=FACE_OUTER_BOUND('',#494,.T.);
#322=FACE_OUTER_BOUND('',#495,.T.);
#323=FACE_OUTER_BOUND('',#496,.T.);
#324=FACE_OUTER_BOUND('',#497,.T.);
#325=FACE_OUTER_BOUND('',#498,.T.);
#326=FACE_OUTER_BOUND('',#499,.T.);
#327=FACE_OUTER_BOUND('',#500,.T.);
#328=FACE_OUTER_BOUND('',#501,.T.);
#329=FACE_OUTER_BOUND('',#502,.T.);
#330=FACE_OUTER_BOUND('',#503,.T.);
#331=FACE_OUTER_BOUND('',#504,.T.);
#332=FACE_OUTER_BOUND('',#505,.T.);
#333=FACE_OUTER_BOUND('',#506,.T.);
#334=FACE_OUTER_BOUND('',#507,.T.);
#335=EDGE_LOOP('',(#1990,#1991,#1992,#1993));
#336=EDGE_LOOP('',(#1994));
#337=EDGE_LOOP('',(#1995));
#338=EDGE_LOOP('',(#1996,#1997,#1998,#1999));
#339=EDGE_LOOP('',(#2000));
#340=EDGE_LOOP('',(#2001));
#341=EDGE_LOOP('',(#2002,#2003,#2004,#2005,#2006));
#342=EDGE_LOOP('',(#2007,#2008,#2009,#2010));
#343=EDGE_LOOP('',(#2011,#2012,#2013,#2014,#2015,#2016));
#344=EDGE_LOOP('',(#2017,#2018,#2019,#2020));
#345=EDGE_LOOP('',(#2021,#2022,#2023,#2024,#2025));
#346=EDGE_LOOP('',(#2026,#2027,#2028,#2029));
#347=EDGE_LOOP('',(#2030,#2031,#2032,#2033));
#348=EDGE_LOOP('',(#2034,#2035,#2036,#2037,#2038,#2039,#2040));
#349=EDGE_LOOP('',(#2041));
#350=EDGE_LOOP('',(#2042,#2043,#2044,#2045,#2046,#2047,#2048,#2049));
#351=EDGE_LOOP('',(#2050,#2051,#2052,#2053,#2054,#2055));
#352=EDGE_LOOP('',(#2056,#2057,#2058,#2059));
#353=EDGE_LOOP('',(#2060));
#354=EDGE_LOOP('',(#2061,#2062,#2063,#2064,#2065,#2066,#2067,#2068));
#355=EDGE_LOOP('',(#2069));
#356=EDGE_LOOP('',(#2070,#2071,#2072,#2073,#2074));
#357=EDGE_LOOP('',(#2075,#2076,#2077,#2078,#2079));
#358=EDGE_LOOP('',(#2080,#2081,#2082,#2083));
#359=EDGE_LOOP('',(#2084,#2085,#2086,#2087,#2088));
#360=EDGE_LOOP('',(#2089,#2090,#2091,#2092,#2093,#2094,#2095,#2096,#2097,
#2098));
#361=EDGE_LOOP('',(#2099,#2100,#2101,#2102,#2103,#2104,#2105,#2106));
#362=EDGE_LOOP('',(#2107,#2108,#2109,#2110,#2111,#2112,#2113,#2114,#2115,
#2116,#2117,#2118));
#363=EDGE_LOOP('',(#2119,#2120,#2121,#2122));
#364=EDGE_LOOP('',(#2123,#2124,#2125,#2126));
#365=EDGE_LOOP('',(#2127,#2128,#2129,#2130,#2131,#2132,#2133,#2134,#2135,
#2136,#2137,#2138));
#366=EDGE_LOOP('',(#2139,#2140,#2141,#2142));
#367=EDGE_LOOP('',(#2143,#2144,#2145,#2146));
#368=EDGE_LOOP('',(#2147,#2148,#2149,#2150,#2151,#2152,#2153,#2154,#2155,
#2156));
#369=EDGE_LOOP('',(#2157,#2158,#2159,#2160,#2161));
#370=EDGE_LOOP('',(#2162,#2163,#2164,#2165,#2166,#2167,#2168,#2169));
#371=EDGE_LOOP('',(#2170,#2171,#2172,#2173,#2174,#2175,#2176,#2177));
#372=EDGE_LOOP('',(#2178,#2179,#2180,#2181));
#373=EDGE_LOOP('',(#2182,#2183,#2184,#2185));
#374=EDGE_LOOP('',(#2186,#2187,#2188,#2189));
#375=EDGE_LOOP('',(#2190,#2191,#2192,#2193));
#376=EDGE_LOOP('',(#2194,#2195,#2196,#2197));
#377=EDGE_LOOP('',(#2198,#2199,#2200,#2201,#2202,#2203));
#378=EDGE_LOOP('',(#2204,#2205));
#379=EDGE_LOOP('',(#2206,#2207));
#380=EDGE_LOOP('',(#2208,#2209,#2210,#2211));
#381=EDGE_LOOP('',(#2212,#2213,#2214,#2215));
#382=EDGE_LOOP('',(#2216,#2217,#2218,#2219,#2220));
#383=EDGE_LOOP('',(#2221,#2222,#2223,#2224,#2225,#2226,#2227,#2228,#2229));
#384=EDGE_LOOP('',(#2230,#2231,#2232,#2233));
#385=EDGE_LOOP('',(#2234,#2235,#2236,#2237));
#386=EDGE_LOOP('',(#2238,#2239,#2240,#2241,#2242,#2243,#2244,#2245,#2246));
#387=EDGE_LOOP('',(#2247,#2248,#2249,#2250));
#388=EDGE_LOOP('',(#2251,#2252,#2253,#2254));
#389=EDGE_LOOP('',(#2255,#2256));
#390=EDGE_LOOP('',(#2257,#2258));
#391=EDGE_LOOP('',(#2259,#2260,#2261,#2262,#2263,#2264));
#392=EDGE_LOOP('',(#2265,#2266));
#393=EDGE_LOOP('',(#2267,#2268));
#394=EDGE_LOOP('',(#2269,#2270,#2271,#2272));
#395=EDGE_LOOP('',(#2273,#2274,#2275,#2276));
#396=EDGE_LOOP('',(#2277,#2278,#2279,#2280,#2281,#2282,#2283,#2284));
#397=EDGE_LOOP('',(#2285,#2286,#2287,#2288));
#398=EDGE_LOOP('',(#2289,#2290,#2291,#2292,#2293));
#399=EDGE_LOOP('',(#2294,#2295,#2296,#2297,#2298,#2299,#2300,#2301,#2302,
#2303,#2304,#2305));
#400=EDGE_LOOP('',(#2306,#2307,#2308,#2309));
#401=EDGE_LOOP('',(#2310,#2311,#2312,#2313,#2314,#2315,#2316,#2317,#2318));
#402=EDGE_LOOP('',(#2319,#2320,#2321,#2322));
#403=EDGE_LOOP('',(#2323));
#404=EDGE_LOOP('',(#2324,#2325,#2326,#2327,#2328,#2329,#2330,#2331,#2332,
#2333,#2334,#2335,#2336));
#405=EDGE_LOOP('',(#2337,#2338,#2339,#2340,#2341));
#406=EDGE_LOOP('',(#2342,#2343,#2344,#2345,#2346,#2347,#2348));
#407=EDGE_LOOP('',(#2349,#2350,#2351,#2352,#2353,#2354,#2355,#2356,#2357,
#2358,#2359,#2360,#2361,#2362,#2363));
#408=EDGE_LOOP('',(#2364,#2365,#2366,#2367,#2368));
#409=EDGE_LOOP('',(#2369,#2370,#2371,#2372,#2373));
#410=EDGE_LOOP('',(#2374,#2375,#2376,#2377,#2378));
#411=EDGE_LOOP('',(#2379,#2380,#2381,#2382));
#412=EDGE_LOOP('',(#2383,#2384,#2385,#2386));
#413=EDGE_LOOP('',(#2387,#2388,#2389,#2390));
#414=EDGE_LOOP('',(#2391,#2392,#2393,#2394));
#415=EDGE_LOOP('',(#2395,#2396,#2397,#2398));
#416=EDGE_LOOP('',(#2399,#2400,#2401,#2402));
#417=EDGE_LOOP('',(#2403,#2404,#2405,#2406,#2407,#2408,#2409,#2410,#2411,
#2412,#2413,#2414,#2415,#2416,#2417,#2418,#2419,#2420));
#418=EDGE_LOOP('',(#2421,#2422,#2423,#2424));
#419=EDGE_LOOP('',(#2425,#2426,#2427,#2428));
#420=EDGE_LOOP('',(#2429,#2430,#2431,#2432));
#421=EDGE_LOOP('',(#2433,#2434,#2435,#2436,#2437,#2438));
#422=EDGE_LOOP('',(#2439,#2440,#2441,#2442));
#423=EDGE_LOOP('',(#2443,#2444,#2445,#2446));
#424=EDGE_LOOP('',(#2447,#2448,#2449,#2450));
#425=EDGE_LOOP('',(#2451,#2452,#2453,#2454));
#426=EDGE_LOOP('',(#2455,#2456,#2457,#2458));
#427=EDGE_LOOP('',(#2459,#2460,#2461,#2462));
#428=EDGE_LOOP('',(#2463,#2464,#2465,#2466));
#429=EDGE_LOOP('',(#2467,#2468,#2469,#2470));
#430=EDGE_LOOP('',(#2471,#2472,#2473,#2474));
#431=EDGE_LOOP('',(#2475));
#432=EDGE_LOOP('',(#2476,#2477,#2478,#2479));
#433=EDGE_LOOP('',(#2480,#2481,#2482,#2483));
#434=EDGE_LOOP('',(#2484,#2485,#2486,#2487,#2488,#2489,#2490,#2491));
#435=EDGE_LOOP('',(#2492));
#436=EDGE_LOOP('',(#2493,#2494,#2495,#2496,#2497));
#437=EDGE_LOOP('',(#2498,#2499,#2500,#2501,#2502));
#438=EDGE_LOOP('',(#2503,#2504,#2505,#2506,#2507,#2508));
#439=EDGE_LOOP('',(#2509,#2510,#2511,#2512,#2513));
#440=EDGE_LOOP('',(#2514,#2515,#2516,#2517));
#441=EDGE_LOOP('',(#2518,#2519,#2520,#2521,#2522,#2523,#2524));
#442=EDGE_LOOP('',(#2525,#2526,#2527,#2528,#2529,#2530,#2531,#2532));
#443=EDGE_LOOP('',(#2533));
#444=EDGE_LOOP('',(#2534,#2535,#2536,#2537,#2538,#2539));
#445=EDGE_LOOP('',(#2540,#2541,#2542,#2543));
#446=EDGE_LOOP('',(#2544,#2545,#2546,#2547));
#447=EDGE_LOOP('',(#2548,#2549,#2550,#2551,#2552));
#448=EDGE_LOOP('',(#2553,#2554,#2555,#2556));
#449=EDGE_LOOP('',(#2557,#2558,#2559,#2560));
#450=EDGE_LOOP('',(#2561,#2562,#2563,#2564));
#451=EDGE_LOOP('',(#2565,#2566,#2567,#2568,#2569,#2570));
#452=EDGE_LOOP('',(#2571,#2572,#2573,#2574,#2575));
#453=EDGE_LOOP('',(#2576,#2577,#2578,#2579));
#454=EDGE_LOOP('',(#2580,#2581,#2582,#2583));
#455=EDGE_LOOP('',(#2584,#2585,#2586,#2587));
#456=EDGE_LOOP('',(#2588,#2589,#2590,#2591));
#457=EDGE_LOOP('',(#2592,#2593,#2594,#2595));
#458=EDGE_LOOP('',(#2596,#2597,#2598,#2599,#2600));
#459=EDGE_LOOP('',(#2601,#2602,#2603,#2604,#2605,#2606));
#460=EDGE_LOOP('',(#2607,#2608,#2609,#2610));
#461=EDGE_LOOP('',(#2611,#2612,#2613,#2614,#2615,#2616,#2617));
#462=EDGE_LOOP('',(#2618,#2619,#2620,#2621));
#463=EDGE_LOOP('',(#2622,#2623,#2624,#2625));
#464=EDGE_LOOP('',(#2626,#2627,#2628,#2629,#2630,#2631,#2632,#2633,#2634));
#465=EDGE_LOOP('',(#2635,#2636,#2637,#2638));
#466=EDGE_LOOP('',(#2639,#2640,#2641,#2642));
#467=EDGE_LOOP('',(#2643,#2644,#2645,#2646));
#468=EDGE_LOOP('',(#2647,#2648,#2649,#2650));
#469=EDGE_LOOP('',(#2651,#2652,#2653,#2654));
#470=EDGE_LOOP('',(#2655,#2656,#2657,#2658));
#471=EDGE_LOOP('',(#2659,#2660,#2661,#2662,#2663));
#472=EDGE_LOOP('',(#2664,#2665,#2666,#2667));
#473=EDGE_LOOP('',(#2668,#2669,#2670,#2671));
#474=EDGE_LOOP('',(#2672,#2673,#2674,#2675));
#475=EDGE_LOOP('',(#2676,#2677,#2678,#2679));
#476=EDGE_LOOP('',(#2680,#2681,#2682,#2683));
#477=EDGE_LOOP('',(#2684,#2685,#2686,#2687,#2688));
#478=EDGE_LOOP('',(#2689,#2690,#2691,#2692,#2693,#2694,#2695));
#479=EDGE_LOOP('',(#2696,#2697,#2698,#2699));
#480=EDGE_LOOP('',(#2700,#2701,#2702,#2703));
#481=EDGE_LOOP('',(#2704,#2705,#2706,#2707));
#482=EDGE_LOOP('',(#2708,#2709,#2710,#2711,#2712,#2713,#2714,#2715));
#483=EDGE_LOOP('',(#2716));
#484=EDGE_LOOP('',(#2717,#2718,#2719,#2720,#2721,#2722));
#485=EDGE_LOOP('',(#2723,#2724,#2725,#2726,#2727,#2728,#2729,#2730));
#486=EDGE_LOOP('',(#2731,#2732,#2733,#2734,#2735));
#487=EDGE_LOOP('',(#2736,#2737,#2738,#2739,#2740));
#488=EDGE_LOOP('',(#2741,#2742,#2743,#2744,#2745,#2746,#2747,#2748,#2749));
#489=EDGE_LOOP('',(#2750,#2751,#2752,#2753,#2754,#2755));
#490=EDGE_LOOP('',(#2756,#2757,#2758,#2759));
#491=EDGE_LOOP('',(#2760,#2761,#2762,#2763));
#492=EDGE_LOOP('',(#2764,#2765,#2766,#2767,#2768,#2769,#2770,#2771));
#493=EDGE_LOOP('',(#2772));
#494=EDGE_LOOP('',(#2773,#2774,#2775,#2776));
#495=EDGE_LOOP('',(#2777,#2778,#2779,#2780,#2781,#2782,#2783));
#496=EDGE_LOOP('',(#2784,#2785,#2786,#2787,#2788));
#497=EDGE_LOOP('',(#2789,#2790,#2791,#2792,#2793,#2794,#2795,#2796,#2797,
#2798,#2799,#2800,#2801,#2802,#2803,#2804,#2805,#2806,#2807,#2808,#2809,
#2810,#2811,#2812,#2813,#2814,#2815,#2816,#2817,#2818,#2819,#2820,#2821,
#2822,#2823,#2824,#2825,#2826,#2827,#2828,#2829,#2830,#2831,#2832,#2833,
#2834,#2835,#2836,#2837));
#498=EDGE_LOOP('',(#2838,#2839,#2840,#2841,#2842,#2843,#2844,#2845));
#499=EDGE_LOOP('',(#2846,#2847,#2848,#2849,#2850,#2851,#2852,#2853));
#500=EDGE_LOOP('',(#2854));
#501=EDGE_LOOP('',(#2855));
#502=EDGE_LOOP('',(#2856));
#503=EDGE_LOOP('',(#2857));
#504=EDGE_LOOP('',(#2858,#2859,#2860,#2861));
#505=EDGE_LOOP('',(#2862,#2863,#2864,#2865,#2866,#2867,#2868,#2869,#2870));
#506=EDGE_LOOP('',(#2871,#2872,#2873,#2874));
#507=EDGE_LOOP('',(#2875,#2876,#2877,#2878,#2879));
#508=LINE('',#4221,#834);
#509=LINE('',#4228,#835);
#510=LINE('',#4271,#836);
#511=LINE('',#4273,#837);
#512=LINE('',#4275,#838);
#513=LINE('',#4277,#839);
#514=LINE('',#4278,#840);
#515=LINE('',#4281,#841);
#516=LINE('',#4283,#842);
#517=LINE('',#4284,#843);
#518=LINE('',#4287,#844);
#519=LINE('',#4289,#845);
#520=LINE('',#4291,#846);
#521=LINE('',#4293,#847);
#522=LINE('',#4294,#848);
#523=LINE('',#4297,#849);
#524=LINE('',#4299,#850);
#525=LINE('',#4300,#851);
#526=LINE('',#4304,#852);
#527=LINE('',#4305,#853);
#528=LINE('',#4307,#854);
#529=LINE('',#4308,#855);
#530=LINE('',#4311,#856);
#531=LINE('',#4313,#857);
#532=LINE('',#4314,#858);
#533=LINE('',#4316,#859);
#534=LINE('',#4317,#860);
#535=LINE('',#4323,#861);
#536=LINE('',#4325,#862);
#537=LINE('',#4327,#863);
#538=LINE('',#4329,#864);
#539=LINE('',#4330,#865);
#540=LINE('',#4333,#866);
#541=LINE('',#4335,#867);
#542=LINE('',#4337,#868);
#543=LINE('',#4338,#869);
#544=LINE('',#4340,#870);
#545=LINE('',#4343,#871);
#546=LINE('',#4345,#872);
#547=LINE('',#4347,#873);
#548=LINE('',#4348,#874);
#549=LINE('',#4351,#875);
#550=LINE('',#4355,#876);
#551=LINE('',#4356,#877);
#552=LINE('',#4359,#878);
#553=LINE('',#4361,#879);
#554=LINE('',#4363,#880);
#555=LINE('',#4367,#881);
#556=LINE('',#4370,#882);
#557=LINE('',#4373,#883);
#558=LINE('',#4375,#884);
#559=LINE('',#4377,#885);
#560=LINE('',#4382,#886);
#561=LINE('',#4384,#887);
#562=LINE('',#4386,#888);
#563=LINE('',#4388,#889);
#564=LINE('',#4390,#890);
#565=LINE('',#4392,#891);
#566=LINE('',#4396,#892);
#567=LINE('',#4412,#893);
#568=LINE('',#4417,#894);
#569=LINE('',#4419,#895);
#570=LINE('',#4420,#896);
#571=LINE('',#4424,#897);
#572=LINE('',#4426,#898);
#573=LINE('',#4428,#899);
#574=LINE('',#4430,#900);
#575=LINE('',#4432,#901);
#576=LINE('',#4433,#902);
#577=LINE('',#4434,#903);
#578=LINE('',#4436,#904);
#579=LINE('',#4437,#905);
#580=LINE('',#4440,#906);
#581=LINE('',#4441,#907);
#582=LINE('',#4444,#908);
#583=LINE('',#4445,#909);
#584=LINE('',#4448,#910);
#585=LINE('',#4450,#911);
#586=LINE('',#4452,#912);
#587=LINE('',#4454,#913);
#588=LINE('',#4456,#914);
#589=LINE('',#4458,#915);
#590=LINE('',#4459,#916);
#591=LINE('',#4460,#917);
#592=LINE('',#4461,#918);
#593=LINE('',#4463,#919);
#594=LINE('',#4480,#920);
#595=LINE('',#4484,#921);
#596=LINE('',#4486,#922);
#597=LINE('',#4487,#923);
#598=LINE('',#4492,#924);
#599=LINE('',#4496,#925);
#600=LINE('',#4498,#926);
#601=LINE('',#4500,#927);
#602=LINE('',#4505,#928);
#603=LINE('',#4507,#929);
#604=LINE('',#4513,#930);
#605=LINE('',#4514,#931);
#606=LINE('',#4521,#932);
#607=LINE('',#4525,#933);
#608=LINE('',#4527,#934);
#609=LINE('',#4528,#935);
#610=LINE('',#4552,#936);
#611=LINE('',#4555,#937);
#612=LINE('',#4576,#938);
#613=LINE('',#4607,#939);
#614=LINE('',#4612,#940);
#615=LINE('',#4613,#941);
#616=LINE('',#4645,#942);
#617=LINE('',#4677,#943);
#618=LINE('',#4680,#944);
#619=LINE('',#4682,#945);
#620=LINE('',#4687,#946);
#621=LINE('',#4711,#947);
#622=LINE('',#4712,#948);
#623=LINE('',#4774,#949);
#624=LINE('',#4775,#950);
#625=LINE('',#4779,#951);
#626=LINE('',#4785,#952);
#627=LINE('',#4788,#953);
#628=LINE('',#4791,#954);
#629=LINE('',#4793,#955);
#630=LINE('',#4795,#956);
#631=LINE('',#4797,#957);
#632=LINE('',#4799,#958);
#633=LINE('',#4801,#959);
#634=LINE('',#4803,#960);
#635=LINE('',#4805,#961);
#636=LINE('',#4807,#962);
#637=LINE('',#4808,#963);
#638=LINE('',#4811,#964);
#639=LINE('',#4812,#965);
#640=LINE('',#4815,#966);
#641=LINE('',#4817,#967);
#642=LINE('',#4819,#968);
#643=LINE('',#4820,#969);
#644=LINE('',#4823,#970);
#645=LINE('',#4824,#971);
#646=LINE('',#4829,#972);
#647=LINE('',#4831,#973);
#648=LINE('',#4833,#974);
#649=LINE('',#4835,#975);
#650=LINE('',#4837,#976);
#651=LINE('',#4839,#977);
#652=LINE('',#4841,#978);
#653=LINE('',#4843,#979);
#654=LINE('',#4845,#980);
#655=LINE('',#4847,#981);
#656=LINE('',#4849,#982);
#657=LINE('',#4850,#983);
#658=LINE('',#4853,#984);
#659=LINE('',#4855,#985);
#660=LINE('',#4856,#986);
#661=LINE('',#4858,#987);
#662=LINE('',#4861,#988);
#663=LINE('',#4863,#989);
#664=LINE('',#4865,#990);
#665=LINE('',#4867,#991);
#666=LINE('',#4869,#992);
#667=LINE('',#4871,#993);
#668=LINE('',#4873,#994);
#669=LINE('',#4875,#995);
#670=LINE('',#4876,#996);
#671=LINE('',#4881,#997);
#672=LINE('',#4883,#998);
#673=LINE('',#4884,#999);
#674=LINE('',#4890,#1000);
#675=LINE('',#4891,#1001);
#676=LINE('',#4892,#1002);
#677=LINE('',#4895,#1003);
#678=LINE('',#4897,#1004);
#679=LINE('',#4898,#1005);
#680=LINE('',#4902,#1006);
#681=LINE('',#4903,#1007);
#682=LINE('',#4904,#1008);
#683=LINE('',#4908,#1009);
#684=LINE('',#4909,#1010);
#685=LINE('',#4910,#1011);
#686=LINE('',#4914,#1012);
#687=LINE('',#4920,#1013);
#688=LINE('',#4921,#1014);
#689=LINE('',#4922,#1015);
#690=LINE('',#4926,#1016);
#691=LINE('',#4927,#1017);
#692=LINE('',#4928,#1018);
#693=LINE('',#4930,#1019);
#694=LINE('',#4931,#1020);
#695=LINE('',#4934,#1021);
#696=LINE('',#4936,#1022);
#697=LINE('',#4939,#1023);
#698=LINE('',#4941,#1024);
#699=LINE('',#4943,#1025);
#700=LINE('',#4944,#1026);
#701=LINE('',#4947,#1027);
#702=LINE('',#4949,#1028);
#703=LINE('',#4951,#1029);
#704=LINE('',#4952,#1030);
#705=LINE('',#4955,#1031);
#706=LINE('',#4956,#1032);
#707=LINE('',#4959,#1033);
#708=LINE('',#4960,#1034);
#709=LINE('',#4964,#1035);
#710=LINE('',#4966,#1036);
#711=LINE('',#4968,#1037);
#712=LINE('',#4969,#1038);
#713=LINE('',#4970,#1039);
#714=LINE('',#4976,#1040);
#715=LINE('',#4979,#1041);
#716=LINE('',#4985,#1042);
#717=LINE('',#4988,#1043);
#718=LINE('',#4991,#1044);
#719=LINE('',#4994,#1045);
#720=LINE('',#4997,#1046);
#721=LINE('',#5002,#1047);
#722=LINE('',#5004,#1048);
#723=LINE('',#5006,#1049);
#724=LINE('',#5007,#1050);
#725=LINE('',#5009,#1051);
#726=LINE('',#5010,#1052);
#727=LINE('',#5012,#1053);
#728=LINE('',#5014,#1054);
#729=LINE('',#5021,#1055);
#730=LINE('',#5024,#1056);
#731=LINE('',#5032,#1057);
#732=LINE('',#5034,#1058);
#733=LINE('',#5038,#1059);
#734=LINE('',#5040,#1060);
#735=LINE('',#5048,#1061);
#736=LINE('',#5056,#1062);
#737=LINE('',#5064,#1063);
#738=LINE('',#5074,#1064);
#739=LINE('',#5080,#1065);
#740=LINE('',#5082,#1066);
#741=LINE('',#5083,#1067);
#742=LINE('',#5086,#1068);
#743=LINE('',#5087,#1069);
#744=LINE('',#5089,#1070);
#745=LINE('',#5091,#1071);
#746=LINE('',#5092,#1072);
#747=LINE('',#5099,#1073);
#748=LINE('',#5101,#1074);
#749=LINE('',#5103,#1075);
#750=LINE('',#5110,#1076);
#751=LINE('',#5112,#1077);
#752=LINE('',#5113,#1078);
#753=LINE('',#5114,#1079);
#754=LINE('',#5118,#1080);
#755=LINE('',#5120,#1081);
#756=LINE('',#5122,#1082);
#757=LINE('',#5123,#1083);
#758=LINE('',#5126,#1084);
#759=LINE('',#5127,#1085);
#760=LINE('',#5130,#1086);
#761=LINE('',#5135,#1087);
#762=LINE('',#5137,#1088);
#763=LINE('',#5139,#1089);
#764=LINE('',#5140,#1090);
#765=LINE('',#5144,#1091);
#766=LINE('',#5146,#1092);
#767=LINE('',#5148,#1093);
#768=LINE('',#5149,#1094);
#769=LINE('',#5153,#1095);
#770=LINE('',#5155,#1096);
#771=LINE('',#5157,#1097);
#772=LINE('',#5158,#1098);
#773=LINE('',#5161,#1099);
#774=LINE('',#5164,#1100);
#775=LINE('',#5167,#1101);
#776=LINE('',#5171,#1102);
#777=LINE('',#5172,#1103);
#778=LINE('',#5175,#1104);
#779=LINE('',#5177,#1105);
#780=LINE('',#5178,#1106);
#781=LINE('',#5181,#1107);
#782=LINE('',#5183,#1108);
#783=LINE('',#5184,#1109);
#784=LINE('',#5187,#1110);
#785=LINE('',#5190,#1111);
#786=LINE('',#5194,#1112);
#787=LINE('',#5196,#1113);
#788=LINE('',#5197,#1114);
#789=LINE('',#5198,#1115);
#790=LINE('',#5202,#1116);
#791=LINE('',#5205,#1117);
#792=LINE('',#5206,#1118);
#793=LINE('',#5207,#1119);
#794=LINE('',#5212,#1120);
#795=LINE('',#5213,#1121);
#796=LINE('',#5219,#1122);
#797=LINE('',#5229,#1123);
#798=LINE('',#5241,#1124);
#799=LINE('',#5246,#1125);
#800=LINE('',#5253,#1126);
#801=LINE('',#5258,#1127);
#802=LINE('',#5259,#1128);
#803=LINE('',#5264,#1129);
#804=LINE('',#5271,#1130);
#805=LINE('',#5276,#1131);
#806=LINE('',#5277,#1132);
#807=LINE('',#5279,#1133);
#808=LINE('',#5280,#1134);
#809=LINE('',#5281,#1135);
#810=LINE('',#5284,#1136);
#811=LINE('',#5288,#1137);
#812=LINE('',#5291,#1138);
#813=LINE('',#5294,#1139);
#814=LINE('',#5297,#1140);
#815=LINE('',#5298,#1141);
#816=LINE('',#5302,#1142);
#817=LINE('',#5304,#1143);
#818=LINE('',#5307,#1144);
#819=LINE('',#5308,#1145);
#820=LINE('',#5313,#1146);
#821=LINE('',#5314,#1147);
#822=LINE('',#5315,#1148);
#823=LINE('',#5317,#1149);
#824=LINE('',#5318,#1150);
#825=LINE('',#5321,#1151);
#826=LINE('',#5325,#1152);
#827=LINE('',#5329,#1153);
#828=LINE('',#5331,#1154);
#829=LINE('',#5334,#1155);
#830=LINE('',#5335,#1156);
#831=LINE('',#5339,#1157);
#832=LINE('',#5342,#1158);
#833=LINE('',#5350,#1159);
#834=VECTOR('',#3364,3.24999999999999);
#835=VECTOR('',#3373,1.25);
#836=VECTOR('',#3382,10.);
#837=VECTOR('',#3383,10.);
#838=VECTOR('',#3384,10.);
#839=VECTOR('',#3385,10.);
#840=VECTOR('',#3386,10.);
#841=VECTOR('',#3389,10.);
#842=VECTOR('',#3390,10.);
#843=VECTOR('',#3391,10.);
#844=VECTOR('',#3394,10.);
#845=VECTOR('',#3395,10.);
#846=VECTOR('',#3396,10.);
#847=VECTOR('',#3397,10.);
#848=VECTOR('',#3398,10.);
#849=VECTOR('',#3401,10.);
#850=VECTOR('',#3402,10.);
#851=VECTOR('',#3403,10.);
#852=VECTOR('',#3406,10.);
#853=VECTOR('',#3407,10.);
#854=VECTOR('',#3408,10.);
#855=VECTOR('',#3409,10.);
#856=VECTOR('',#3412,10.);
#857=VECTOR('',#3413,10.);
#858=VECTOR('',#3414,10.);
#859=VECTOR('',#3417,10.);
#860=VECTOR('',#3418,10.);
#861=VECTOR('',#3425,10.);
#862=VECTOR('',#3426,10.);
#863=VECTOR('',#3427,10.);
#864=VECTOR('',#3428,10.);
#865=VECTOR('',#3429,10.);
#866=VECTOR('',#3432,10.);
#867=VECTOR('',#3433,10.);
#868=VECTOR('',#3434,10.);
#869=VECTOR('',#3435,10.);
#870=VECTOR('',#3438,12.6);
#871=VECTOR('',#3441,10.);
#872=VECTOR('',#3442,10.);
#873=VECTOR('',#3443,10.);
#874=VECTOR('',#3444,10.);
#875=VECTOR('',#3447,10.);
#876=VECTOR('',#3450,10.);
#877=VECTOR('',#3451,10.);
#878=VECTOR('',#3454,10.);
#879=VECTOR('',#3455,10.);
#880=VECTOR('',#3456,10.);
#881=VECTOR('',#3461,10.);
#882=VECTOR('',#3464,10.);
#883=VECTOR('',#3467,10.);
#884=VECTOR('',#3468,10.);
#885=VECTOR('',#3469,10.);
#886=VECTOR('',#3474,10.);
#887=VECTOR('',#3475,10.);
#888=VECTOR('',#3476,10.);
#889=VECTOR('',#3477,10.);
#890=VECTOR('',#3478,10.);
#891=VECTOR('',#3479,10.);
#892=VECTOR('',#3482,10.);
#893=VECTOR('',#3487,10.);
#894=VECTOR('',#3492,10.);
#895=VECTOR('',#3493,10.);
#896=VECTOR('',#3494,10.);
#897=VECTOR('',#3497,10.);
#898=VECTOR('',#3498,10.);
#899=VECTOR('',#3499,10.);
#900=VECTOR('',#3500,10.);
#901=VECTOR('',#3501,10.);
#902=VECTOR('',#3502,10.);
#903=VECTOR('',#3503,10.);
#904=VECTOR('',#3504,10.);
#905=VECTOR('',#3505,10.);
#906=VECTOR('',#3508,10.);
#907=VECTOR('',#3509,10.);
#908=VECTOR('',#3512,10.);
#909=VECTOR('',#3513,10.);
#910=VECTOR('',#3516,10.);
#911=VECTOR('',#3517,10.);
#912=VECTOR('',#3518,10.);
#913=VECTOR('',#3519,10.);
#914=VECTOR('',#3520,10.);
#915=VECTOR('',#3521,10.);
#916=VECTOR('',#3522,10.);
#917=VECTOR('',#3523,10.);
#918=VECTOR('',#3524,10.);
#919=VECTOR('',#3527,10.);
#920=VECTOR('',#3534,10.);
#921=VECTOR('',#3537,10.);
#922=VECTOR('',#3538,10.);
#923=VECTOR('',#3539,10.);
#924=VECTOR('',#3544,10.);
#925=VECTOR('',#3549,10.);
#926=VECTOR('',#3550,10.);
#927=VECTOR('',#3551,10.);
#928=VECTOR('',#3556,10.);
#929=VECTOR('',#3559,10.);
#930=VECTOR('',#3568,10.);
#931=VECTOR('',#3569,10.);
#932=VECTOR('',#3578,10.);
#933=VECTOR('',#3583,10.);
#934=VECTOR('',#3584,10.);
#935=VECTOR('',#3585,10.);
#936=VECTOR('',#3590,10.);
#937=VECTOR('',#3591,10.);
#938=VECTOR('',#3596,10.);
#939=VECTOR('',#3603,10.);
#940=VECTOR('',#3608,10.);
#941=VECTOR('',#3609,10.);
#942=VECTOR('',#3610,10.);
#943=VECTOR('',#3611,10.);
#944=VECTOR('',#3614,10.);
#945=VECTOR('',#3615,10.);
#946=VECTOR('',#3620,10.);
#947=VECTOR('',#3623,10.);
#948=VECTOR('',#3624,10.);
#949=VECTOR('',#3635,10.);
#950=VECTOR('',#3636,10.);
#951=VECTOR('',#3643,10.);
#952=VECTOR('',#3652,10.);
#953=VECTOR('',#3655,10.);
#954=VECTOR('',#3658,10.);
#955=VECTOR('',#3659,10.);
#956=VECTOR('',#3660,10.);
#957=VECTOR('',#3661,10.);
#958=VECTOR('',#3662,10.);
#959=VECTOR('',#3663,10.);
#960=VECTOR('',#3664,10.);
#961=VECTOR('',#3665,10.);
#962=VECTOR('',#3666,10.);
#963=VECTOR('',#3667,10.);
#964=VECTOR('',#3670,10.);
#965=VECTOR('',#3671,10.);
#966=VECTOR('',#3674,10.);
#967=VECTOR('',#3675,10.);
#968=VECTOR('',#3676,10.);
#969=VECTOR('',#3677,10.);
#970=VECTOR('',#3680,10.);
#971=VECTOR('',#3681,10.);
#972=VECTOR('',#3686,10.);
#973=VECTOR('',#3687,10.);
#974=VECTOR('',#3688,10.);
#975=VECTOR('',#3689,10.);
#976=VECTOR('',#3690,10.);
#977=VECTOR('',#3691,10.);
#978=VECTOR('',#3692,10.);
#979=VECTOR('',#3693,10.);
#980=VECTOR('',#3694,10.);
#981=VECTOR('',#3695,10.);
#982=VECTOR('',#3696,10.);
#983=VECTOR('',#3697,10.);
#984=VECTOR('',#3700,10.);
#985=VECTOR('',#3701,10.);
#986=VECTOR('',#3702,10.);
#987=VECTOR('',#3705,10.);
#988=VECTOR('',#3708,10.);
#989=VECTOR('',#3709,10.);
#990=VECTOR('',#3710,10.);
#991=VECTOR('',#3711,10.);
#992=VECTOR('',#3712,10.);
#993=VECTOR('',#3713,10.);
#994=VECTOR('',#3714,10.);
#995=VECTOR('',#3715,10.);
#996=VECTOR('',#3716,10.);
#997=VECTOR('',#3721,10.);
#998=VECTOR('',#3722,10.);
#999=VECTOR('',#3723,10.);
#1000=VECTOR('',#3728,10.);
#1001=VECTOR('',#3729,10.);
#1002=VECTOR('',#3730,10.);
#1003=VECTOR('',#3733,10.);
#1004=VECTOR('',#3734,10.);
#1005=VECTOR('',#3735,10.);
#1006=VECTOR('',#3738,10.);
#1007=VECTOR('',#3739,10.);
#1008=VECTOR('',#3740,10.);
#1009=VECTOR('',#3743,10.);
#1010=VECTOR('',#3744,10.);
#1011=VECTOR('',#3745,10.);
#1012=VECTOR('',#3748,10.);
#1013=VECTOR('',#3755,10.);
#1014=VECTOR('',#3756,10.);
#1015=VECTOR('',#3757,10.);
#1016=VECTOR('',#3760,10.);
#1017=VECTOR('',#3761,10.);
#1018=VECTOR('',#3762,10.);
#1019=VECTOR('',#3765,10.);
#1020=VECTOR('',#3766,10.);
#1021=VECTOR('',#3769,10.);
#1022=VECTOR('',#3770,10.);
#1023=VECTOR('',#3773,10.);
#1024=VECTOR('',#3774,10.);
#1025=VECTOR('',#3775,10.);
#1026=VECTOR('',#3776,10.);
#1027=VECTOR('',#3777,10.);
#1028=VECTOR('',#3778,10.);
#1029=VECTOR('',#3779,10.);
#1030=VECTOR('',#3780,10.);
#1031=VECTOR('',#3783,10.);
#1032=VECTOR('',#3784,10.);
#1033=VECTOR('',#3787,10.);
#1034=VECTOR('',#3788,10.);
#1035=VECTOR('',#3791,10.);
#1036=VECTOR('',#3792,10.);
#1037=VECTOR('',#3793,10.);
#1038=VECTOR('',#3794,10.);
#1039=VECTOR('',#3795,10.);
#1040=VECTOR('',#3800,10.);
#1041=VECTOR('',#3803,10.);
#1042=VECTOR('',#3808,10.);
#1043=VECTOR('',#3811,10.);
#1044=VECTOR('',#3814,10.);
#1045=VECTOR('',#3819,10.);
#1046=VECTOR('',#3822,3.675);
#1047=VECTOR('',#3827,10.);
#1048=VECTOR('',#3828,10.);
#1049=VECTOR('',#3829,10.);
#1050=VECTOR('',#3830,10.);
#1051=VECTOR('',#3833,10.);
#1052=VECTOR('',#3834,10.);
#1053=VECTOR('',#3837,10.);
#1054=VECTOR('',#3840,10.);
#1055=VECTOR('',#3847,10.);
#1056=VECTOR('',#3850,10.);
#1057=VECTOR('',#3857,10.);
#1058=VECTOR('',#3858,10.);
#1059=VECTOR('',#3861,10.);
#1060=VECTOR('',#3862,10.);
#1061=VECTOR('',#3871,1.00000000000001);
#1062=VECTOR('',#3880,1.00000000000001);
#1063=VECTOR('',#3889,1.00000000000001);
#1064=VECTOR('',#3900,1.00000000000001);
#1065=VECTOR('',#3907,10.);
#1066=VECTOR('',#3908,10.);
#1067=VECTOR('',#3909,10.);
#1068=VECTOR('',#3912,10.);
#1069=VECTOR('',#3913,10.);
#1070=VECTOR('',#3914,10.);
#1071=VECTOR('',#3915,10.);
#1072=VECTOR('',#3916,10.);
#1073=VECTOR('',#3923,10.);
#1074=VECTOR('',#3924,10.);
#1075=VECTOR('',#3925,10.);
#1076=VECTOR('',#3932,10.);
#1077=VECTOR('',#3933,10.);
#1078=VECTOR('',#3934,10.);
#1079=VECTOR('',#3935,10.);
#1080=VECTOR('',#3938,10.);
#1081=VECTOR('',#3939,10.);
#1082=VECTOR('',#3940,10.);
#1083=VECTOR('',#3941,10.);
#1084=VECTOR('',#3944,10.);
#1085=VECTOR('',#3945,10.);
#1086=VECTOR('',#3948,1.);
#1087=VECTOR('',#3953,10.);
#1088=VECTOR('',#3954,10.);
#1089=VECTOR('',#3955,10.);
#1090=VECTOR('',#3956,10.);
#1091=VECTOR('',#3959,10.);
#1092=VECTOR('',#3960,10.);
#1093=VECTOR('',#3961,10.);
#1094=VECTOR('',#3962,10.);
#1095=VECTOR('',#3965,10.);
#1096=VECTOR('',#3966,10.);
#1097=VECTOR('',#3967,10.);
#1098=VECTOR('',#3968,10.);
#1099=VECTOR('',#3971,1.);
#1100=VECTOR('',#3976,1.);
#1101=VECTOR('',#3979,10.);
#1102=VECTOR('',#3984,10.);
#1103=VECTOR('',#3985,10.);
#1104=VECTOR('',#3988,10.);
#1105=VECTOR('',#3989,10.);
#1106=VECTOR('',#3990,10.);
#1107=VECTOR('',#3993,10.);
#1108=VECTOR('',#3994,10.);
#1109=VECTOR('',#3995,10.);
#1110=VECTOR('',#3998,10.);
#1111=VECTOR('',#4003,1.);
#1112=VECTOR('',#4006,10.);
#1113=VECTOR('',#4007,10.);
#1114=VECTOR('',#4008,10.);
#1115=VECTOR('',#4009,10.);
#1116=VECTOR('',#4014,10.);
#1117=VECTOR('',#4017,10.);
#1118=VECTOR('',#4018,10.);
#1119=VECTOR('',#4019,10.);
#1120=VECTOR('',#4026,10.);
#1121=VECTOR('',#4027,10.);
#1122=VECTOR('',#4036,10.);
#1123=VECTOR('',#4051,10.);
#1124=VECTOR('',#4068,10.);
#1125=VECTOR('',#4073,10.);
#1126=VECTOR('',#4082,10.);
#1127=VECTOR('',#4087,10.);
#1128=VECTOR('',#4088,10.);
#1129=VECTOR('',#4093,10.);
#1130=VECTOR('',#4102,10.);
#1131=VECTOR('',#4107,10.);
#1132=VECTOR('',#4108,10.);
#1133=VECTOR('',#4111,10.);
#1134=VECTOR('',#4112,10.);
#1135=VECTOR('',#4113,10.);
#1136=VECTOR('',#4116,10.);
#1137=VECTOR('',#4121,10.);
#1138=VECTOR('',#4126,10.);
#1139=VECTOR('',#4131,10.);
#1140=VECTOR('',#4134,10.);
#1141=VECTOR('',#4135,10.);
#1142=VECTOR('',#4140,10.);
#1143=VECTOR('',#4143,10.);
#1144=VECTOR('',#4146,10.);
#1145=VECTOR('',#4147,10.);
#1146=VECTOR('',#4152,10.);
#1147=VECTOR('',#4153,10.);
#1148=VECTOR('',#4154,10.);
#1149=VECTOR('',#4157,10.);
#1150=VECTOR('',#4158,10.);
#1151=VECTOR('',#4161,10.);
#1152=VECTOR('',#4166,10.);
#1153=VECTOR('',#4173,10.);
#1154=VECTOR('',#4176,10.);
#1155=VECTOR('',#4179,10.);
#1156=VECTOR('',#4180,10.);
#1157=VECTOR('',#4187,21.0000000000004);
#1158=VECTOR('',#4190,10.);
#1159=VECTOR('',#4205,10.);
#1160=CIRCLE('',#3094,3.24999999999999);
#1161=CIRCLE('',#3095,3.24999999999999);
#1162=CIRCLE('',#3097,1.25);
#1163=CIRCLE('',#3100,21.0000000000004);
#1164=CIRCLE('',#3101,12.6);
#1165=CIRCLE('',#3110,12.6);
#1166=CIRCLE('',#3120,4.49999999999989);
#1167=CIRCLE('',#3122,4.49999999999999);
#1168=CIRCLE('',#3124,2.00000000000001);
#1169=CIRCLE('',#3125,1.99999999999999);
#1170=CIRCLE('',#3136,1.99999999999999);
#1171=CIRCLE('',#3137,0.800000000000045);
#1172=CIRCLE('',#3147,1.);
#1173=CIRCLE('',#3150,1.);
#1174=CIRCLE('',#3156,2.00000000000001);
#1175=CIRCLE('',#3162,1.00000000000001);
#1176=CIRCLE('',#3163,1.00000000001064);
#1177=CIRCLE('',#3165,1.00000000001064);
#1178=CIRCLE('',#3166,1.00000000000001);
#1179=CIRCLE('',#3180,4.50000000000001);
#1180=CIRCLE('',#3185,3.675);
#1181=CIRCLE('',#3198,3.);
#1182=CIRCLE('',#3199,3.00000000000001);
#1183=CIRCLE('',#3204,3.);
#1184=CIRCLE('',#3209,2.50000000000011);
#1185=CIRCLE('',#3210,2.50000000000011);
#1186=CIRCLE('',#3212,2.5);
#1187=CIRCLE('',#3213,2.5);
#1188=CIRCLE('',#3215,3.00000000000001);
#1189=CIRCLE('',#3218,3.675);
#1190=CIRCLE('',#3225,2.50000000000014);
#1191=CIRCLE('',#3226,2.50000000000014);
#1192=CIRCLE('',#3228,21.0000000000004);
#1193=CIRCLE('',#3229,3.);
#1194=CIRCLE('',#3230,2.50000000000002);
#1195=CIRCLE('',#3231,3.);
#1196=CIRCLE('',#3232,1.);
#1197=CIRCLE('',#3234,1.00000000000001);
#1198=CIRCLE('',#3235,1.);
#1199=CIRCLE('',#3236,1.);
#1200=CIRCLE('',#3238,1.00000000000001);
#1201=CIRCLE('',#3239,1.00000000000001);
#1202=CIRCLE('',#3240,1.00000000000001);
#1203=CIRCLE('',#3242,1.00000000000001);
#1204=CIRCLE('',#3243,1.00000000000001);
#1205=CIRCLE('',#3244,1.00000000000001);
#1206=CIRCLE('',#3245,1.00000000000001);
#1207=CIRCLE('',#3247,1.00000000000001);
#1208=CIRCLE('',#3248,1.);
#1209=CIRCLE('',#3249,1.);
#1210=CIRCLE('',#3253,21.0000000000004);
#1211=CIRCLE('',#3254,3.);
#1212=CIRCLE('',#3255,3.);
#1213=CIRCLE('',#3256,1.);
#1214=CIRCLE('',#3261,1.);
#1215=CIRCLE('',#3266,1.);
#1216=CIRCLE('',#3269,3.00000000000004);
#1217=CIRCLE('',#3274,3.00000000000004);
#1218=CIRCLE('',#3278,2.50000000000002);
#1219=CIRCLE('',#3281,4.50000000000005);
#1220=CIRCLE('',#3284,21.0000000000004);
#1221=CIRCLE('',#3286,21.0000000000004);
#1222=CIRCLE('',#3288,21.0000000000004);
#1223=CIRCLE('',#3290,21.0000000000004);
#1224=CIRCLE('',#3291,3.00000000000004);
#1225=CIRCLE('',#3293,21.0000000000004);
#1226=CIRCLE('',#3295,21.0000000000004);
#1227=CIRCLE('',#3297,21.0000000000004);
#1228=CIRCLE('',#3298,3.00000000000004);
#1229=CIRCLE('',#3300,21.0000000000004);
#1230=CIRCLE('',#3301,21.0000000000004);
#1231=CIRCLE('',#3303,21.0000000000004);
#1232=CIRCLE('',#3304,3.00000000000001);
#1233=CIRCLE('',#3306,21.0000000000004);
#1234=CIRCLE('',#3307,3.00000000000001);
#1235=CIRCLE('',#3309,21.0000000000004);
#1236=CIRCLE('',#3311,21.0000000000004);
#1237=CIRCLE('',#3312,3.00000000000001);
#1238=CIRCLE('',#3314,21.0000000000004);
#1239=CIRCLE('',#3315,3.00000000000001);
#1240=CIRCLE('',#3320,3.);
#1241=CIRCLE('',#3322,3.);
#1242=CIRCLE('',#3325,21.0000000000004);
#1243=CIRCLE('',#3328,21.0000000000004);
#1244=CIRCLE('',#3332,21.0000000000004);
#1245=CIRCLE('',#3335,3.);
#1246=CIRCLE('',#3337,3.);
#1247=CIRCLE('',#3339,21.0000000000004);
#1248=CIRCLE('',#3345,21.0000000000004);
#1249=CIRCLE('',#3354,4.49999999999992);
#1250=CIRCLE('',#3356,4.49999999999992);
#1251=VERTEX_POINT('',#4218);
#1252=VERTEX_POINT('',#4220);
#1253=VERTEX_POINT('',#4224);
#1254=VERTEX_POINT('',#4227);
#1255=VERTEX_POINT('',#4264);
#1256=VERTEX_POINT('',#4266);
#1257=VERTEX_POINT('',#4269);
#1258=VERTEX_POINT('',#4270);
#1259=VERTEX_POINT('',#4272);
#1260=VERTEX_POINT('',#4274);
#1261=VERTEX_POINT('',#4276);
#1262=VERTEX_POINT('',#4280);
#1263=VERTEX_POINT('',#4282);
#1264=VERTEX_POINT('',#4286);
#1265=VERTEX_POINT('',#4288);
#1266=VERTEX_POINT('',#4290);
#1267=VERTEX_POINT('',#4292);
#1268=VERTEX_POINT('',#4296);
#1269=VERTEX_POINT('',#4298);
#1270=VERTEX_POINT('',#4302);
#1271=VERTEX_POINT('',#4303);
#1272=VERTEX_POINT('',#4306);
#1273=VERTEX_POINT('',#4310);
#1274=VERTEX_POINT('',#4312);
#1275=VERTEX_POINT('',#4319);
#1276=VERTEX_POINT('',#4322);
#1277=VERTEX_POINT('',#4324);
#1278=VERTEX_POINT('',#4326);
#1279=VERTEX_POINT('',#4328);
#1280=VERTEX_POINT('',#4332);
#1281=VERTEX_POINT('',#4334);
#1282=VERTEX_POINT('',#4336);
#1283=VERTEX_POINT('',#4342);
#1284=VERTEX_POINT('',#4344);
#1285=VERTEX_POINT('',#4346);
#1286=VERTEX_POINT('',#4350);
#1287=VERTEX_POINT('',#4352);
#1288=VERTEX_POINT('',#4354);
#1289=VERTEX_POINT('',#4358);
#1290=VERTEX_POINT('',#4360);
#1291=VERTEX_POINT('',#4362);
#1292=VERTEX_POINT('',#4366);
#1293=VERTEX_POINT('',#4368);
#1294=VERTEX_POINT('',#4372);
#1295=VERTEX_POINT('',#4374);
#1296=VERTEX_POINT('',#4376);
#1297=VERTEX_POINT('',#4380);
#1298=VERTEX_POINT('',#4381);
#1299=VERTEX_POINT('',#4383);
#1300=VERTEX_POINT('',#4385);
#1301=VERTEX_POINT('',#4387);
#1302=VERTEX_POINT('',#4389);
#1303=VERTEX_POINT('',#4391);
#1304=VERTEX_POINT('',#4393);
#1305=VERTEX_POINT('',#4395);
#1306=VERTEX_POINT('',#4397);
#1307=VERTEX_POINT('',#4410);
#1308=VERTEX_POINT('',#4411);
#1309=VERTEX_POINT('',#4413);
#1310=VERTEX_POINT('',#4415);
#1311=VERTEX_POINT('',#4418);
#1312=VERTEX_POINT('',#4422);
#1313=VERTEX_POINT('',#4423);
#1314=VERTEX_POINT('',#4425);
#1315=VERTEX_POINT('',#4427);
#1316=VERTEX_POINT('',#4429);
#1317=VERTEX_POINT('',#4431);
#1318=VERTEX_POINT('',#4435);
#1319=VERTEX_POINT('',#4439);
#1320=VERTEX_POINT('',#4443);
#1321=VERTEX_POINT('',#4447);
#1322=VERTEX_POINT('',#4449);
#1323=VERTEX_POINT('',#4451);
#1324=VERTEX_POINT('',#4453);
#1325=VERTEX_POINT('',#4455);
#1326=VERTEX_POINT('',#4457);
#1327=VERTEX_POINT('',#4466);
#1328=VERTEX_POINT('',#4477);
#1329=VERTEX_POINT('',#4479);
#1330=VERTEX_POINT('',#4481);
#1331=VERTEX_POINT('',#4483);
#1332=VERTEX_POINT('',#4485);
#1333=VERTEX_POINT('',#4489);
#1334=VERTEX_POINT('',#4491);
#1335=VERTEX_POINT('',#4495);
#1336=VERTEX_POINT('',#4497);
#1337=VERTEX_POINT('',#4499);
#1338=VERTEX_POINT('',#4501);
#1339=VERTEX_POINT('',#4503);
#1340=VERTEX_POINT('',#4512);
#1341=VERTEX_POINT('',#4518);
#1342=VERTEX_POINT('',#4520);
#1343=VERTEX_POINT('',#4524);
#1344=VERTEX_POINT('',#4526);
#1345=VERTEX_POINT('',#4531);
#1346=VERTEX_POINT('',#4532);
#1347=VERTEX_POINT('',#4553);
#1348=VERTEX_POINT('',#4554);
#1349=VERTEX_POINT('',#4583);
#1350=VERTEX_POINT('',#4606);
#1351=VERTEX_POINT('',#4609);
#1352=VERTEX_POINT('',#4611);
#1353=VERTEX_POINT('',#4634);
#1354=VERTEX_POINT('',#4666);
#1355=VERTEX_POINT('',#4679);
#1356=VERTEX_POINT('',#4681);
#1357=VERTEX_POINT('',#4684);
#1358=VERTEX_POINT('',#4686);
#1359=VERTEX_POINT('',#4784);
#1360=VERTEX_POINT('',#4786);
#1361=VERTEX_POINT('',#4790);
#1362=VERTEX_POINT('',#4792);
#1363=VERTEX_POINT('',#4794);
#1364=VERTEX_POINT('',#4796);
#1365=VERTEX_POINT('',#4798);
#1366=VERTEX_POINT('',#4800);
#1367=VERTEX_POINT('',#4802);
#1368=VERTEX_POINT('',#4804);
#1369=VERTEX_POINT('',#4806);
#1370=VERTEX_POINT('',#4810);
#1371=VERTEX_POINT('',#4814);
#1372=VERTEX_POINT('',#4816);
#1373=VERTEX_POINT('',#4818);
#1374=VERTEX_POINT('',#4822);
#1375=VERTEX_POINT('',#4825);
#1376=VERTEX_POINT('',#4828);
#1377=VERTEX_POINT('',#4830);
#1378=VERTEX_POINT('',#4832);
#1379=VERTEX_POINT('',#4834);
#1380=VERTEX_POINT('',#4836);
#1381=VERTEX_POINT('',#4838);
#1382=VERTEX_POINT('',#4840);
#1383=VERTEX_POINT('',#4842);
#1384=VERTEX_POINT('',#4844);
#1385=VERTEX_POINT('',#4846);
#1386=VERTEX_POINT('',#4848);
#1387=VERTEX_POINT('',#4852);
#1388=VERTEX_POINT('',#4854);
#1389=VERTEX_POINT('',#4860);
#1390=VERTEX_POINT('',#4862);
#1391=VERTEX_POINT('',#4864);
#1392=VERTEX_POINT('',#4866);
#1393=VERTEX_POINT('',#4868);
#1394=VERTEX_POINT('',#4870);
#1395=VERTEX_POINT('',#4872);
#1396=VERTEX_POINT('',#4874);
#1397=VERTEX_POINT('',#4878);
#1398=VERTEX_POINT('',#4879);
#1399=VERTEX_POINT('',#4882);
#1400=VERTEX_POINT('',#4886);
#1401=VERTEX_POINT('',#4887);
#1402=VERTEX_POINT('',#4889);
#1403=VERTEX_POINT('',#4894);
#1404=VERTEX_POINT('',#4896);
#1405=VERTEX_POINT('',#4900);
#1406=VERTEX_POINT('',#4901);
#1407=VERTEX_POINT('',#4906);
#1408=VERTEX_POINT('',#4907);
#1409=VERTEX_POINT('',#4912);
#1410=VERTEX_POINT('',#4913);
#1411=VERTEX_POINT('',#4918);
#1412=VERTEX_POINT('',#4919);
#1413=VERTEX_POINT('',#4924);
#1414=VERTEX_POINT('',#4925);
#1415=VERTEX_POINT('',#4933);
#1416=VERTEX_POINT('',#4935);
#1417=VERTEX_POINT('',#4937);
#1418=VERTEX_POINT('',#4940);
#1419=VERTEX_POINT('',#4942);
#1420=VERTEX_POINT('',#4945);
#1421=VERTEX_POINT('',#4946);
#1422=VERTEX_POINT('',#4948);
#1423=VERTEX_POINT('',#4950);
#1424=VERTEX_POINT('',#4954);
#1425=VERTEX_POINT('',#4958);
#1426=VERTEX_POINT('',#4962);
#1427=VERTEX_POINT('',#4963);
#1428=VERTEX_POINT('',#4965);
#1429=VERTEX_POINT('',#4967);
#1430=VERTEX_POINT('',#4972);
#1431=VERTEX_POINT('',#4973);
#1432=VERTEX_POINT('',#4975);
#1433=VERTEX_POINT('',#4977);
#1434=VERTEX_POINT('',#4981);
#1435=VERTEX_POINT('',#4982);
#1436=VERTEX_POINT('',#4984);
#1437=VERTEX_POINT('',#4986);
#1438=VERTEX_POINT('',#4990);
#1439=VERTEX_POINT('',#4996);
#1440=VERTEX_POINT('',#5000);
#1441=VERTEX_POINT('',#5001);
#1442=VERTEX_POINT('',#5003);
#1443=VERTEX_POINT('',#5005);
#1444=VERTEX_POINT('',#5017);
#1445=VERTEX_POINT('',#5018);
#1446=VERTEX_POINT('',#5020);
#1447=VERTEX_POINT('',#5022);
#1448=VERTEX_POINT('',#5026);
#1449=VERTEX_POINT('',#5027);
#1450=VERTEX_POINT('',#5029);
#1451=VERTEX_POINT('',#5031);
#1452=VERTEX_POINT('',#5033);
#1453=VERTEX_POINT('',#5035);
#1454=VERTEX_POINT('',#5037);
#1455=VERTEX_POINT('',#5039);
#1456=VERTEX_POINT('',#5042);
#1457=VERTEX_POINT('',#5045);
#1458=VERTEX_POINT('',#5047);
#1459=VERTEX_POINT('',#5049);
#1460=VERTEX_POINT('',#5053);
#1461=VERTEX_POINT('',#5055);
#1462=VERTEX_POINT('',#5057);
#1463=VERTEX_POINT('',#5061);
#1464=VERTEX_POINT('',#5063);
#1465=VERTEX_POINT('',#5065);
#1466=VERTEX_POINT('',#5067);
#1467=VERTEX_POINT('',#5071);
#1468=VERTEX_POINT('',#5073);
#1469=VERTEX_POINT('',#5075);
#1470=VERTEX_POINT('',#5079);
#1471=VERTEX_POINT('',#5081);
#1472=VERTEX_POINT('',#5085);
#1473=VERTEX_POINT('',#5088);
#1474=VERTEX_POINT('',#5090);
#1475=VERTEX_POINT('',#5094);
#1476=VERTEX_POINT('',#5095);
#1477=VERTEX_POINT('',#5097);
#1478=VERTEX_POINT('',#5100);
#1479=VERTEX_POINT('',#5102);
#1480=VERTEX_POINT('',#5105);
#1481=VERTEX_POINT('',#5108);
#1482=VERTEX_POINT('',#5109);
#1483=VERTEX_POINT('',#5111);
#1484=VERTEX_POINT('',#5116);
#1485=VERTEX_POINT('',#5117);
#1486=VERTEX_POINT('',#5119);
#1487=VERTEX_POINT('',#5121);
#1488=VERTEX_POINT('',#5125);
#1489=VERTEX_POINT('',#5129);
#1490=VERTEX_POINT('',#5133);
#1491=VERTEX_POINT('',#5134);
#1492=VERTEX_POINT('',#5136);
#1493=VERTEX_POINT('',#5138);
#1494=VERTEX_POINT('',#5142);
#1495=VERTEX_POINT('',#5143);
#1496=VERTEX_POINT('',#5145);
#1497=VERTEX_POINT('',#5147);
#1498=VERTEX_POINT('',#5151);
#1499=VERTEX_POINT('',#5152);
#1500=VERTEX_POINT('',#5154);
#1501=VERTEX_POINT('',#5156);
#1502=VERTEX_POINT('',#5160);
#1503=VERTEX_POINT('',#5166);
#1504=VERTEX_POINT('',#5170);
#1505=VERTEX_POINT('',#5174);
#1506=VERTEX_POINT('',#5176);
#1507=VERTEX_POINT('',#5180);
#1508=VERTEX_POINT('',#5182);
#1509=VERTEX_POINT('',#5186);
#1510=VERTEX_POINT('',#5192);
#1511=VERTEX_POINT('',#5193);
#1512=VERTEX_POINT('',#5195);
#1513=VERTEX_POINT('',#5200);
#1514=VERTEX_POINT('',#5204);
#1515=VERTEX_POINT('',#5211);
#1516=VERTEX_POINT('',#5217);
#1517=VERTEX_POINT('',#5223);
#1518=VERTEX_POINT('',#5227);
#1519=VERTEX_POINT('',#5233);
#1520=VERTEX_POINT('',#5237);
#1521=VERTEX_POINT('',#5238);
#1522=VERTEX_POINT('',#5243);
#1523=VERTEX_POINT('',#5244);
#1524=VERTEX_POINT('',#5249);
#1525=VERTEX_POINT('',#5250);
#1526=VERTEX_POINT('',#5255);
#1527=VERTEX_POINT('',#5256);
#1528=VERTEX_POINT('',#5261);
#1529=VERTEX_POINT('',#5262);
#1530=VERTEX_POINT('',#5267);
#1531=VERTEX_POINT('',#5268);
#1532=VERTEX_POINT('',#5273);
#1533=VERTEX_POINT('',#5275);
#1534=VERTEX_POINT('',#5283);
#1535=VERTEX_POINT('',#5287);
#1536=VERTEX_POINT('',#5296);
#1537=VERTEX_POINT('',#5300);
#1538=VERTEX_POINT('',#5306);
#1539=VERTEX_POINT('',#5310);
#1540=VERTEX_POINT('',#5312);
#1541=VERTEX_POINT('',#5320);
#1542=VERTEX_POINT('',#5324);
#1543=VERTEX_POINT('',#5333);
#1544=VERTEX_POINT('',#5340);
#1545=EDGE_CURVE('',#1251,#1251,#1160,.T.);
#1546=EDGE_CURVE('',#1251,#1252,#508,.T.);
#1547=EDGE_CURVE('',#1252,#1252,#1161,.T.);
#1548=EDGE_CURVE('',#1253,#1253,#1162,.T.);
#1549=EDGE_CURVE('',#1253,#1254,#509,.T.);
#1550=EDGE_CURVE('',#1254,#1254,#38,.T.);
#1551=EDGE_CURVE('',#1255,#1255,#1163,.T.);
#1552=EDGE_CURVE('',#1256,#1256,#1164,.T.);
#1553=EDGE_CURVE('',#1257,#1258,#510,.T.);
#1554=EDGE_CURVE('',#1258,#1259,#511,.T.);
#1555=EDGE_CURVE('',#1259,#1260,#512,.T.);
#1556=EDGE_CURVE('',#1260,#1261,#513,.T.);
#1557=EDGE_CURVE('',#1261,#1257,#514,.T.);
#1558=EDGE_CURVE('',#1259,#1262,#515,.T.);
#1559=EDGE_CURVE('',#1262,#1263,#516,.T.);
#1560=EDGE_CURVE('',#1263,#1260,#517,.T.);
#1561=EDGE_CURVE('',#1262,#1264,#518,.T.);
#1562=EDGE_CURVE('',#1264,#1265,#519,.T.);
#1563=EDGE_CURVE('',#1265,#1266,#520,.T.);
#1564=EDGE_CURVE('',#1266,#1267,#521,.T.);
#1565=EDGE_CURVE('',#1267,#1263,#522,.T.);
#1566=EDGE_CURVE('',#1268,#1265,#523,.T.);
#1567=EDGE_CURVE('',#1264,#1269,#524,.T.);
#1568=EDGE_CURVE('',#1269,#1268,#525,.T.);
#1569=EDGE_CURVE('',#1270,#1271,#526,.T.);
#1570=EDGE_CURVE('',#1271,#1268,#527,.T.);
#1571=EDGE_CURVE('',#1269,#1272,#528,.T.);
#1572=EDGE_CURVE('',#1272,#1270,#529,.T.);
#1573=EDGE_CURVE('',#1273,#1270,#530,.T.);
#1574=EDGE_CURVE('',#1272,#1274,#531,.T.);
#1575=EDGE_CURVE('',#1274,#1273,#532,.T.);
#1576=EDGE_CURVE('',#1274,#1258,#533,.T.);
#1577=EDGE_CURVE('',#1257,#1273,#534,.T.);
#1578=EDGE_CURVE('',#1275,#1275,#1165,.T.);
#1579=EDGE_CURVE('',#1267,#1276,#535,.T.);
#1580=EDGE_CURVE('',#1276,#1277,#536,.T.);
#1581=EDGE_CURVE('',#1277,#1278,#537,.T.);
#1582=EDGE_CURVE('',#1278,#1279,#538,.T.);
#1583=EDGE_CURVE('',#1279,#1261,#539,.T.);
#1584=EDGE_CURVE('',#1280,#1266,#540,.T.);
#1585=EDGE_CURVE('',#1280,#1281,#541,.T.);
#1586=EDGE_CURVE('',#1281,#1282,#542,.T.);
#1587=EDGE_CURVE('',#1282,#1276,#543,.T.);
#1588=EDGE_CURVE('',#1256,#1275,#544,.T.);
#1589=EDGE_CURVE('',#1271,#1283,#545,.T.);
#1590=EDGE_CURVE('',#1284,#1283,#546,.T.);
#1591=EDGE_CURVE('',#1284,#1285,#547,.T.);
#1592=EDGE_CURVE('',#1285,#1280,#548,.T.);
#1593=EDGE_CURVE('',#1278,#1286,#549,.T.);
#1594=EDGE_CURVE('',#1286,#1287,#20,.T.);
#1595=EDGE_CURVE('',#1287,#1288,#550,.T.);
#1596=EDGE_CURVE('',#1288,#1279,#551,.T.);
#1597=EDGE_CURVE('',#1289,#1284,#552,.T.);
#1598=EDGE_CURVE('',#1283,#1290,#553,.T.);
#1599=EDGE_CURVE('',#1291,#1290,#554,.T.);
#1600=EDGE_CURVE('',#1289,#1291,#21,.F.);
#1601=EDGE_CURVE('',#1292,#1288,#555,.T.);
#1602=EDGE_CURVE('',#1287,#1293,#1166,.T.);
#1603=EDGE_CURVE('',#1293,#1292,#556,.T.);
#1604=EDGE_CURVE('',#1290,#1294,#557,.T.);
#1605=EDGE_CURVE('',#1294,#1295,#558,.T.);
#1606=EDGE_CURVE('',#1296,#1295,#559,.T.);
#1607=EDGE_CURVE('',#1296,#1291,#1167,.T.);
#1608=EDGE_CURVE('',#1297,#1298,#560,.T.);
#1609=EDGE_CURVE('',#1299,#1297,#561,.T.);
#1610=EDGE_CURVE('',#1299,#1300,#562,.T.);
#1611=EDGE_CURVE('',#1301,#1300,#563,.T.);
#1612=EDGE_CURVE('',#1302,#1301,#564,.T.);
#1613=EDGE_CURVE('',#1303,#1302,#565,.T.);
#1614=EDGE_CURVE('',#1304,#1303,#1168,.T.);
#1615=EDGE_CURVE('',#1305,#1304,#566,.T.);
#1616=EDGE_CURVE('',#1306,#1305,#1169,.T.);
#1617=EDGE_CURVE('',#1298,#1306,#39,.T.);
#1618=EDGE_CURVE('',#1307,#1308,#567,.T.);
#1619=EDGE_CURVE('',#1308,#1309,#22,.T.);
#1620=EDGE_CURVE('',#1309,#1310,#23,.T.);
#1621=EDGE_CURVE('',#1310,#1302,#568,.T.);
#1622=EDGE_CURVE('',#1300,#1311,#569,.T.);
#1623=EDGE_CURVE('',#1311,#1307,#570,.T.);
#1624=EDGE_CURVE('',#1312,#1313,#571,.T.);
#1625=EDGE_CURVE('',#1314,#1312,#572,.T.);
#1626=EDGE_CURVE('',#1315,#1314,#573,.T.);
#1627=EDGE_CURVE('',#1315,#1316,#574,.T.);
#1628=EDGE_CURVE('',#1316,#1317,#575,.T.);
#1629=EDGE_CURVE('',#1317,#1308,#576,.T.);
#1630=EDGE_CURVE('',#1311,#1282,#577,.T.);
#1631=EDGE_CURVE('',#1318,#1281,#578,.T.);
#1632=EDGE_CURVE('',#1313,#1318,#579,.T.);
#1633=EDGE_CURVE('',#1319,#1280,#580,.T.);
#1634=EDGE_CURVE('',#1318,#1319,#581,.T.);
#1635=EDGE_CURVE('',#1320,#1285,#582,.T.);
#1636=EDGE_CURVE('',#1319,#1320,#583,.T.);
#1637=EDGE_CURVE('',#1321,#1298,#584,.T.);
#1638=EDGE_CURVE('',#1321,#1322,#585,.T.);
#1639=EDGE_CURVE('',#1322,#1323,#586,.T.);
#1640=EDGE_CURVE('',#1324,#1323,#587,.T.);
#1641=EDGE_CURVE('',#1324,#1325,#588,.T.);
#1642=EDGE_CURVE('',#1326,#1325,#589,.T.);
#1643=EDGE_CURVE('',#1320,#1326,#590,.T.);
#1644=EDGE_CURVE('',#1277,#1285,#591,.T.);
#1645=EDGE_CURVE('',#1299,#1277,#592,.T.);
#1646=EDGE_CURVE('',#1300,#1276,#593,.T.);
#1647=EDGE_CURVE('',#1325,#1327,#40,.T.);
#1648=EDGE_CURVE('',#1327,#1328,#1170,.T.);
#1649=EDGE_CURVE('',#1329,#1328,#594,.T.);
#1650=EDGE_CURVE('',#1330,#1329,#1171,.T.);
#1651=EDGE_CURVE('',#1331,#1330,#595,.T.);
#1652=EDGE_CURVE('',#1332,#1331,#596,.T.);
#1653=EDGE_CURVE('',#1319,#1332,#597,.T.);
#1654=EDGE_CURVE('',#1310,#1333,#24,.T.);
#1655=EDGE_CURVE('',#1333,#1334,#598,.T.);
#1656=EDGE_CURVE('',#1334,#1303,#25,.F.);
#1657=EDGE_CURVE('',#1335,#1309,#599,.T.);
#1658=EDGE_CURVE('',#1335,#1336,#600,.T.);
#1659=EDGE_CURVE('',#1336,#1337,#601,.T.);
#1660=EDGE_CURVE('',#1338,#1337,#26,.T.);
#1661=EDGE_CURVE('',#1339,#1338,#27,.T.);
#1662=EDGE_CURVE('',#1333,#1339,#602,.T.);
#1663=EDGE_CURVE('',#1331,#1338,#603,.T.);
#1664=EDGE_CURVE('',#1337,#1312,#28,.T.);
#1665=EDGE_CURVE('',#1314,#1336,#1172,.T.);
#1666=EDGE_CURVE('',#1340,#1339,#604,.T.);
#1667=EDGE_CURVE('',#1334,#1340,#605,.T.);
#1668=EDGE_CURVE('',#1317,#1335,#1173,.T.);
#1669=EDGE_CURVE('',#1304,#1341,#29,.T.);
#1670=EDGE_CURVE('',#1341,#1342,#606,.T.);
#1671=EDGE_CURVE('',#1342,#1305,#30,.T.);
#1672=EDGE_CURVE('',#1343,#1341,#607,.T.);
#1673=EDGE_CURVE('',#1344,#1343,#608,.T.);
#1674=EDGE_CURVE('',#1342,#1344,#609,.T.);
#1675=EDGE_CURVE('',#1343,#1340,#1174,.T.);
#1676=EDGE_CURVE('',#1345,#1346,#41,.T.);
#1677=EDGE_CURVE('',#1346,#1345,#610,.T.);
#1678=EDGE_CURVE('',#1347,#1348,#611,.T.);
#1679=EDGE_CURVE('',#1347,#1348,#42,.F.);
#1680=EDGE_CURVE('',#1328,#1344,#31,.T.);
#1681=EDGE_CURVE('',#1343,#1329,#612,.T.);
#1682=EDGE_CURVE('',#1340,#1330,#18,.F.);
#1683=EDGE_CURVE('',#1321,#1349,#43,.T.);
#1684=EDGE_CURVE('',#1349,#1350,#613,.T.);
#1685=EDGE_CURVE('',#1350,#1335,#1175,.T.);
#1686=EDGE_CURVE('',#1316,#1351,#1176,.T.);
#1687=EDGE_CURVE('',#1351,#1352,#614,.T.);
#1688=EDGE_CURVE('',#1322,#1352,#615,.T.);
#1689=EDGE_CURVE('',#1353,#1321,#44,.T.);
#1690=EDGE_CURVE('',#1353,#1306,#616,.T.);
#1691=EDGE_CURVE('',#1324,#1354,#45,.T.);
#1692=EDGE_CURVE('',#1354,#1327,#617,.T.);
#1693=EDGE_CURVE('',#1355,#1323,#618,.T.);
#1694=EDGE_CURVE('',#1355,#1356,#619,.T.);
#1695=EDGE_CURVE('',#1356,#1315,#1177,.T.);
#1696=EDGE_CURVE('',#1336,#1357,#1178,.T.);
#1697=EDGE_CURVE('',#1357,#1358,#620,.T.);
#1698=EDGE_CURVE('',#1358,#1324,#46,.T.);
#1699=EDGE_CURVE('',#1352,#1355,#621,.T.);
#1700=EDGE_CURVE('',#1351,#1356,#622,.T.);
#1701=EDGE_CURVE('',#1348,#1347,#32,.T.);
#1702=EDGE_CURVE('',#1345,#1346,#33,.T.);
#1703=EDGE_CURVE('',#1349,#1358,#623,.T.);
#1704=EDGE_CURVE('',#1353,#1354,#624,.T.);
#1705=EDGE_CURVE('',#1350,#1357,#625,.T.);
#1706=EDGE_CURVE('',#1359,#1296,#626,.T.);
#1707=EDGE_CURVE('',#1359,#1360,#1179,.T.);
#1708=EDGE_CURVE('',#1360,#1289,#627,.T.);
#1709=EDGE_CURVE('',#1361,#1295,#628,.T.);
#1710=EDGE_CURVE('',#1361,#1362,#629,.T.);
#1711=EDGE_CURVE('',#1362,#1363,#630,.T.);
#1712=EDGE_CURVE('',#1364,#1363,#631,.T.);
#1713=EDGE_CURVE('',#1365,#1364,#632,.T.);
#1714=EDGE_CURVE('',#1366,#1365,#633,.T.);
#1715=EDGE_CURVE('',#1367,#1366,#634,.T.);
#1716=EDGE_CURVE('',#1368,#1367,#635,.T.);
#1717=EDGE_CURVE('',#1369,#1368,#636,.T.);
#1718=EDGE_CURVE('',#1359,#1369,#637,.T.);
#1719=EDGE_CURVE('',#1370,#1294,#638,.T.);
#1720=EDGE_CURVE('',#1361,#1370,#639,.T.);
#1721=EDGE_CURVE('',#1270,#1371,#640,.T.);
#1722=EDGE_CURVE('',#1371,#1372,#641,.T.);
#1723=EDGE_CURVE('',#1372,#1373,#642,.T.);
#1724=EDGE_CURVE('',#1370,#1373,#643,.T.);
#1725=EDGE_CURVE('',#1273,#1374,#644,.T.);
#1726=EDGE_CURVE('',#1371,#1374,#645,.T.);
#1727=EDGE_CURVE('',#1375,#1375,#1180,.T.);
#1728=EDGE_CURVE('',#1376,#1293,#646,.T.);
#1729=EDGE_CURVE('',#1377,#1376,#647,.T.);
#1730=EDGE_CURVE('',#1378,#1377,#648,.T.);
#1731=EDGE_CURVE('',#1379,#1378,#649,.T.);
#1732=EDGE_CURVE('',#1380,#1379,#650,.T.);
#1733=EDGE_CURVE('',#1381,#1380,#651,.T.);
#1734=EDGE_CURVE('',#1382,#1381,#652,.T.);
#1735=EDGE_CURVE('',#1383,#1382,#653,.T.);
#1736=EDGE_CURVE('',#1384,#1383,#654,.T.);
#1737=EDGE_CURVE('',#1384,#1385,#655,.T.);
#1738=EDGE_CURVE('',#1385,#1386,#656,.T.);
#1739=EDGE_CURVE('',#1386,#1292,#657,.T.);
#1740=EDGE_CURVE('',#1387,#1257,#658,.T.);
#1741=EDGE_CURVE('',#1388,#1387,#659,.T.);
#1742=EDGE_CURVE('',#1374,#1388,#660,.T.);
#1743=EDGE_CURVE('',#1387,#1386,#661,.T.);
#1744=EDGE_CURVE('',#1389,#1360,#662,.T.);
#1745=EDGE_CURVE('',#1390,#1389,#663,.T.);
#1746=EDGE_CURVE('',#1391,#1390,#664,.T.);
#1747=EDGE_CURVE('',#1392,#1391,#665,.T.);
#1748=EDGE_CURVE('',#1393,#1392,#666,.T.);
#1749=EDGE_CURVE('',#1394,#1393,#667,.T.);
#1750=EDGE_CURVE('',#1395,#1394,#668,.T.);
#1751=EDGE_CURVE('',#1396,#1395,#669,.T.);
#1752=EDGE_CURVE('',#1286,#1396,#670,.T.);
#1753=EDGE_CURVE('',#1397,#1398,#34,.T.);
#1754=EDGE_CURVE('',#1398,#1379,#671,.T.);
#1755=EDGE_CURVE('',#1378,#1399,#672,.T.);
#1756=EDGE_CURVE('',#1399,#1397,#673,.T.);
#1757=EDGE_CURVE('',#1400,#1401,#35,.T.);
#1758=EDGE_CURVE('',#1401,#1402,#674,.T.);
#1759=EDGE_CURVE('',#1402,#1368,#675,.T.);
#1760=EDGE_CURVE('',#1367,#1400,#676,.T.);
#1761=EDGE_CURVE('',#1403,#1383,#677,.T.);
#1762=EDGE_CURVE('',#1404,#1403,#678,.T.);
#1763=EDGE_CURVE('',#1404,#1385,#679,.T.);
#1764=EDGE_CURVE('',#1405,#1406,#680,.T.);
#1765=EDGE_CURVE('',#1388,#1405,#681,.T.);
#1766=EDGE_CURVE('',#1387,#1406,#682,.T.);
#1767=EDGE_CURVE('',#1407,#1408,#683,.T.);
#1768=EDGE_CURVE('',#1408,#1363,#684,.T.);
#1769=EDGE_CURVE('',#1407,#1362,#685,.T.);
#1770=EDGE_CURVE('',#1409,#1410,#686,.T.);
#1771=EDGE_CURVE('',#1410,#1408,#1181,.T.);
#1772=EDGE_CURVE('',#1409,#1407,#1182,.T.);
#1773=EDGE_CURVE('',#1411,#1412,#687,.T.);
#1774=EDGE_CURVE('',#1412,#1410,#688,.T.);
#1775=EDGE_CURVE('',#1411,#1409,#689,.T.);
#1776=EDGE_CURVE('',#1413,#1414,#690,.T.);
#1777=EDGE_CURVE('',#1414,#1412,#691,.T.);
#1778=EDGE_CURVE('',#1413,#1411,#692,.T.);
#1779=EDGE_CURVE('',#1414,#1372,#693,.T.);
#1780=EDGE_CURVE('',#1373,#1413,#694,.T.);
#1781=EDGE_CURVE('',#1415,#1405,#695,.T.);
#1782=EDGE_CURVE('',#1416,#1415,#696,.T.);
#1783=EDGE_CURVE('',#1417,#1416,#1183,.T.);
#1784=EDGE_CURVE('',#1403,#1417,#697,.T.);
#1785=EDGE_CURVE('',#1383,#1418,#698,.T.);
#1786=EDGE_CURVE('',#1418,#1419,#699,.T.);
#1787=EDGE_CURVE('',#1419,#1364,#700,.T.);
#1788=EDGE_CURVE('',#1420,#1421,#701,.T.);
#1789=EDGE_CURVE('',#1421,#1422,#702,.T.);
#1790=EDGE_CURVE('',#1422,#1423,#703,.T.);
#1791=EDGE_CURVE('',#1423,#1420,#704,.T.);
#1792=EDGE_CURVE('',#1424,#1417,#705,.T.);
#1793=EDGE_CURVE('',#1404,#1424,#706,.T.);
#1794=EDGE_CURVE('',#1425,#1415,#707,.T.);
#1795=EDGE_CURVE('',#1425,#1406,#708,.T.);
#1796=EDGE_CURVE('',#1426,#1427,#709,.T.);
#1797=EDGE_CURVE('',#1428,#1426,#710,.T.);
#1798=EDGE_CURVE('',#1429,#1428,#711,.T.);
#1799=EDGE_CURVE('',#1429,#1419,#712,.T.);
#1800=EDGE_CURVE('',#1418,#1427,#713,.T.);
#1801=EDGE_CURVE('',#1430,#1431,#1184,.T.);
#1802=EDGE_CURVE('',#1430,#1432,#714,.T.);
#1803=EDGE_CURVE('',#1433,#1432,#1185,.T.);
#1804=EDGE_CURVE('',#1431,#1433,#715,.T.);
#1805=EDGE_CURVE('',#1434,#1435,#1186,.T.);
#1806=EDGE_CURVE('',#1434,#1436,#716,.T.);
#1807=EDGE_CURVE('',#1437,#1436,#1187,.T.);
#1808=EDGE_CURVE('',#1435,#1437,#717,.T.);
#1809=EDGE_CURVE('',#1416,#1438,#718,.T.);
#1810=EDGE_CURVE('',#1424,#1438,#1188,.T.);
#1811=EDGE_CURVE('',#1438,#1425,#719,.T.);
#1812=EDGE_CURVE('',#1375,#1439,#720,.T.);
#1813=EDGE_CURVE('',#1439,#1439,#1189,.T.);
#1814=EDGE_CURVE('',#1440,#1441,#721,.T.);
#1815=EDGE_CURVE('',#1441,#1442,#722,.T.);
#1816=EDGE_CURVE('',#1442,#1443,#723,.T.);
#1817=EDGE_CURVE('',#1443,#1440,#724,.T.);
#1818=EDGE_CURVE('',#1421,#1441,#725,.T.);
#1819=EDGE_CURVE('',#1422,#1440,#726,.T.);
#1820=EDGE_CURVE('',#1423,#1443,#727,.T.);
#1821=EDGE_CURVE('',#1420,#1442,#728,.T.);
#1822=EDGE_CURVE('',#1444,#1445,#1190,.T.);
#1823=EDGE_CURVE('',#1444,#1446,#729,.T.);
#1824=EDGE_CURVE('',#1447,#1446,#1191,.T.);
#1825=EDGE_CURVE('',#1445,#1447,#730,.T.);
#1826=EDGE_CURVE('',#1448,#1449,#1192,.T.);
#1827=EDGE_CURVE('',#1449,#1450,#1193,.T.);
#1828=EDGE_CURVE('',#1450,#1451,#731,.T.);
#1829=EDGE_CURVE('',#1451,#1452,#732,.T.);
#1830=EDGE_CURVE('',#1452,#1453,#1194,.T.);
#1831=EDGE_CURVE('',#1453,#1454,#733,.T.);
#1832=EDGE_CURVE('',#1454,#1455,#734,.T.);
#1833=EDGE_CURVE('',#1455,#1448,#1195,.T.);
#1834=EDGE_CURVE('',#1456,#1456,#1196,.T.);
#1835=EDGE_CURVE('',#1457,#1457,#1197,.T.);
#1836=EDGE_CURVE('',#1457,#1458,#735,.T.);
#1837=EDGE_CURVE('',#1459,#1458,#1198,.T.);
#1838=EDGE_CURVE('',#1458,#1459,#1199,.T.);
#1839=EDGE_CURVE('',#1460,#1460,#1200,.T.);
#1840=EDGE_CURVE('',#1460,#1461,#736,.T.);
#1841=EDGE_CURVE('',#1461,#1462,#1201,.T.);
#1842=EDGE_CURVE('',#1462,#1461,#1202,.T.);
#1843=EDGE_CURVE('',#1463,#1463,#1203,.T.);
#1844=EDGE_CURVE('',#1463,#1464,#737,.T.);
#1845=EDGE_CURVE('',#1464,#1465,#1204,.T.);
#1846=EDGE_CURVE('',#1465,#1466,#1205,.T.);
#1847=EDGE_CURVE('',#1466,#1464,#1206,.T.);
#1848=EDGE_CURVE('',#1467,#1467,#1207,.T.);
#1849=EDGE_CURVE('',#1467,#1468,#738,.T.);
#1850=EDGE_CURVE('',#1469,#1468,#1208,.T.);
#1851=EDGE_CURVE('',#1468,#1469,#1209,.T.);
#1852=EDGE_CURVE('',#1470,#1391,#739,.T.);
#1853=EDGE_CURVE('',#1470,#1471,#740,.T.);
#1854=EDGE_CURVE('',#1392,#1471,#741,.T.);
#1855=EDGE_CURVE('',#1472,#1397,#742,.T.);
#1856=EDGE_CURVE('',#1446,#1399,#743,.T.);
#1857=EDGE_CURVE('',#1473,#1444,#744,.T.);
#1858=EDGE_CURVE('',#1473,#1474,#745,.T.);
#1859=EDGE_CURVE('',#1474,#1472,#746,.T.);
#1860=EDGE_CURVE('',#1475,#1476,#1210,.T.);
#1861=EDGE_CURVE('',#1476,#1477,#1211,.T.);
#1862=EDGE_CURVE('',#1477,#1473,#747,.T.);
#1863=EDGE_CURVE('',#1445,#1478,#748,.T.);
#1864=EDGE_CURVE('',#1478,#1479,#749,.T.);
#1865=EDGE_CURVE('',#1479,#1475,#1212,.T.);
#1866=EDGE_CURVE('',#1480,#1480,#1213,.T.);
#1867=EDGE_CURVE('',#1481,#1482,#750,.T.);
#1868=EDGE_CURVE('',#1482,#1483,#751,.T.);
#1869=EDGE_CURVE('',#1483,#1478,#752,.T.);
#1870=EDGE_CURVE('',#1481,#1447,#753,.T.);
#1871=EDGE_CURVE('',#1484,#1485,#754,.T.);
#1872=EDGE_CURVE('',#1486,#1485,#755,.T.);
#1873=EDGE_CURVE('',#1486,#1487,#756,.T.);
#1874=EDGE_CURVE('',#1487,#1484,#757,.T.);
#1875=EDGE_CURVE('',#1488,#1477,#758,.T.);
#1876=EDGE_CURVE('',#1488,#1474,#759,.T.);
#1877=EDGE_CURVE('',#1469,#1489,#760,.T.);
#1878=EDGE_CURVE('',#1489,#1489,#1214,.T.);
#1879=EDGE_CURVE('',#1490,#1491,#761,.T.);
#1880=EDGE_CURVE('',#1490,#1492,#762,.T.);
#1881=EDGE_CURVE('',#1492,#1493,#763,.T.);
#1882=EDGE_CURVE('',#1493,#1491,#764,.T.);
#1883=EDGE_CURVE('',#1494,#1495,#765,.T.);
#1884=EDGE_CURVE('',#1495,#1496,#766,.T.);
#1885=EDGE_CURVE('',#1497,#1496,#767,.T.);
#1886=EDGE_CURVE('',#1497,#1494,#768,.T.);
#1887=EDGE_CURVE('',#1498,#1499,#769,.T.);
#1888=EDGE_CURVE('',#1499,#1500,#770,.T.);
#1889=EDGE_CURVE('',#1500,#1501,#771,.T.);
#1890=EDGE_CURVE('',#1501,#1498,#772,.T.);
#1891=EDGE_CURVE('',#1466,#1502,#773,.T.);
#1892=EDGE_CURVE('',#1502,#1502,#1215,.T.);
#1893=EDGE_CURVE('',#1480,#1459,#774,.T.);
#1894=EDGE_CURVE('',#1476,#1503,#775,.T.);
#1895=EDGE_CURVE('',#1503,#1488,#1216,.T.);
#1896=EDGE_CURVE('',#1483,#1504,#776,.T.);
#1897=EDGE_CURVE('',#1479,#1504,#777,.T.);
#1898=EDGE_CURVE('',#1505,#1454,#778,.T.);
#1899=EDGE_CURVE('',#1505,#1506,#779,.T.);
#1900=EDGE_CURVE('',#1455,#1506,#780,.T.);
#1901=EDGE_CURVE('',#1451,#1507,#781,.T.);
#1902=EDGE_CURVE('',#1450,#1508,#782,.T.);
#1903=EDGE_CURVE('',#1508,#1507,#783,.T.);
#1904=EDGE_CURVE('',#1449,#1509,#784,.T.);
#1905=EDGE_CURVE('',#1509,#1508,#1217,.T.);
#1906=EDGE_CURVE('',#1456,#1462,#785,.T.);
#1907=EDGE_CURVE('',#1510,#1511,#786,.T.);
#1908=EDGE_CURVE('',#1512,#1511,#787,.T.);
#1909=EDGE_CURVE('',#1452,#1512,#788,.T.);
#1910=EDGE_CURVE('',#1507,#1510,#789,.T.);
#1911=EDGE_CURVE('',#1513,#1512,#1218,.T.);
#1912=EDGE_CURVE('',#1453,#1513,#790,.T.);
#1913=EDGE_CURVE('',#1401,#1514,#791,.T.);
#1914=EDGE_CURVE('',#1514,#1505,#792,.T.);
#1915=EDGE_CURVE('',#1402,#1513,#793,.T.);
#1916=EDGE_CURVE('',#1389,#1369,#1219,.T.);
#1917=EDGE_CURVE('',#1515,#1390,#794,.T.);
#1918=EDGE_CURVE('',#1515,#1470,#795,.T.);
#1919=EDGE_CURVE('',#1511,#1515,#1220,.T.);
#1920=EDGE_CURVE('',#1398,#1516,#1221,.T.);
#1921=EDGE_CURVE('',#1380,#1516,#796,.T.);
#1922=EDGE_CURVE('',#1503,#1472,#1222,.T.);
#1923=EDGE_CURVE('',#1482,#1517,#1223,.T.);
#1924=EDGE_CURVE('',#1504,#1517,#1224,.T.);
#1925=EDGE_CURVE('',#1471,#1518,#1225,.T.);
#1926=EDGE_CURVE('',#1518,#1393,#797,.T.);
#1927=EDGE_CURVE('',#1509,#1510,#1226,.T.);
#1928=EDGE_CURVE('',#1514,#1519,#1227,.T.);
#1929=EDGE_CURVE('',#1506,#1519,#1228,.T.);
#1930=EDGE_CURVE('',#1520,#1521,#1229,.T.);
#1931=EDGE_CURVE('',#1521,#1400,#1230,.T.);
#1932=EDGE_CURVE('',#1520,#1366,#798,.T.);
#1933=EDGE_CURVE('',#1522,#1523,#1231,.T.);
#1934=EDGE_CURVE('',#1494,#1523,#799,.T.);
#1935=EDGE_CURVE('',#1522,#1497,#1232,.T.);
#1936=EDGE_CURVE('',#1524,#1525,#1233,.T.);
#1937=EDGE_CURVE('',#1500,#1525,#1234,.T.);
#1938=EDGE_CURVE('',#1524,#1499,#800,.T.);
#1939=EDGE_CURVE('',#1526,#1527,#1235,.T.);
#1940=EDGE_CURVE('',#1428,#1527,#801,.T.);
#1941=EDGE_CURVE('',#1526,#1426,#802,.T.);
#1942=EDGE_CURVE('',#1528,#1529,#1236,.T.);
#1943=EDGE_CURVE('',#1491,#1529,#803,.T.);
#1944=EDGE_CURVE('',#1528,#1493,#1237,.T.);
#1945=EDGE_CURVE('',#1530,#1531,#1238,.T.);
#1946=EDGE_CURVE('',#1484,#1531,#1239,.T.);
#1947=EDGE_CURVE('',#1530,#1487,#804,.T.);
#1948=EDGE_CURVE('',#1532,#1520,#36,.T.);
#1949=EDGE_CURVE('',#1365,#1533,#805,.T.);
#1950=EDGE_CURVE('',#1533,#1532,#806,.T.);
#1951=EDGE_CURVE('',#1523,#1532,#807,.T.);
#1952=EDGE_CURVE('',#1432,#1533,#808,.T.);
#1953=EDGE_CURVE('',#1495,#1430,#809,.T.);
#1954=EDGE_CURVE('',#1525,#1534,#810,.T.);
#1955=EDGE_CURVE('',#1534,#1501,#1240,.T.);
#1956=EDGE_CURVE('',#1535,#1522,#811,.T.);
#1957=EDGE_CURVE('',#1496,#1535,#1241,.T.);
#1958=EDGE_CURVE('',#1519,#1448,#812,.T.);
#1959=EDGE_CURVE('',#1534,#1535,#1242,.T.);
#1960=EDGE_CURVE('',#1431,#1498,#813,.T.);
#1961=EDGE_CURVE('',#1536,#1524,#814,.T.);
#1962=EDGE_CURVE('',#1536,#1433,#815,.T.);
#1963=EDGE_CURVE('',#1537,#1536,#1243,.T.);
#1964=EDGE_CURVE('',#1419,#1537,#816,.T.);
#1965=EDGE_CURVE('',#1527,#1537,#817,.T.);
#1966=EDGE_CURVE('',#1538,#1526,#818,.T.);
#1967=EDGE_CURVE('',#1538,#1418,#819,.T.);
#1968=EDGE_CURVE('',#1539,#1538,#1244,.T.);
#1969=EDGE_CURVE('',#1540,#1381,#820,.T.);
#1970=EDGE_CURVE('',#1540,#1437,#821,.T.);
#1971=EDGE_CURVE('',#1436,#1539,#822,.T.);
#1972=EDGE_CURVE('',#1529,#1539,#823,.T.);
#1973=EDGE_CURVE('',#1490,#1434,#824,.T.);
#1974=EDGE_CURVE('',#1531,#1541,#825,.T.);
#1975=EDGE_CURVE('',#1541,#1485,#1245,.T.);
#1976=EDGE_CURVE('',#1542,#1528,#826,.T.);
#1977=EDGE_CURVE('',#1492,#1542,#1246,.T.);
#1978=EDGE_CURVE('',#1541,#1542,#1247,.T.);
#1979=EDGE_CURVE('',#1435,#1486,#827,.T.);
#1980=EDGE_CURVE('',#1517,#1475,#828,.T.);
#1981=EDGE_CURVE('',#1543,#1530,#829,.T.);
#1982=EDGE_CURVE('',#1543,#1540,#830,.T.);
#1983=EDGE_CURVE('',#1516,#1543,#37,.T.);
#1984=EDGE_CURVE('',#1255,#1521,#831,.T.);
#1985=EDGE_CURVE('',#1544,#1481,#1248,.T.);
#1986=EDGE_CURVE('',#1518,#1544,#832,.T.);
#1987=EDGE_CURVE('',#1394,#1544,#833,.T.);
#1988=EDGE_CURVE('',#1377,#1395,#1249,.T.);
#1989=EDGE_CURVE('',#1396,#1376,#1250,.T.);
#1990=ORIENTED_EDGE('',*,*,#1545,.F.);
#1991=ORIENTED_EDGE('',*,*,#1546,.T.);
#1992=ORIENTED_EDGE('',*,*,#1547,.T.);
#1993=ORIENTED_EDGE('',*,*,#1546,.F.);
#1994=ORIENTED_EDGE('',*,*,#1547,.F.);
#1995=ORIENTED_EDGE('',*,*,#1548,.F.);
#1996=ORIENTED_EDGE('',*,*,#1548,.T.);
#1997=ORIENTED_EDGE('',*,*,#1549,.T.);
#1998=ORIENTED_EDGE('',*,*,#1550,.F.);
#1999=ORIENTED_EDGE('',*,*,#1549,.F.);
#2000=ORIENTED_EDGE('',*,*,#1551,.T.);
#2001=ORIENTED_EDGE('',*,*,#1552,.T.);
#2002=ORIENTED_EDGE('',*,*,#1553,.T.);
#2003=ORIENTED_EDGE('',*,*,#1554,.T.);
#2004=ORIENTED_EDGE('',*,*,#1555,.T.);
#2005=ORIENTED_EDGE('',*,*,#1556,.T.);
#2006=ORIENTED_EDGE('',*,*,#1557,.T.);
#2007=ORIENTED_EDGE('',*,*,#1558,.T.);
#2008=ORIENTED_EDGE('',*,*,#1559,.T.);
#2009=ORIENTED_EDGE('',*,*,#1560,.T.);
#2010=ORIENTED_EDGE('',*,*,#1555,.F.);
#2011=ORIENTED_EDGE('',*,*,#1561,.T.);
#2012=ORIENTED_EDGE('',*,*,#1562,.T.);
#2013=ORIENTED_EDGE('',*,*,#1563,.T.);
#2014=ORIENTED_EDGE('',*,*,#1564,.T.);
#2015=ORIENTED_EDGE('',*,*,#1565,.T.);
#2016=ORIENTED_EDGE('',*,*,#1559,.F.);
#2017=ORIENTED_EDGE('',*,*,#1566,.T.);
#2018=ORIENTED_EDGE('',*,*,#1562,.F.);
#2019=ORIENTED_EDGE('',*,*,#1567,.T.);
#2020=ORIENTED_EDGE('',*,*,#1568,.T.);
#2021=ORIENTED_EDGE('',*,*,#1569,.T.);
#2022=ORIENTED_EDGE('',*,*,#1570,.T.);
#2023=ORIENTED_EDGE('',*,*,#1568,.F.);
#2024=ORIENTED_EDGE('',*,*,#1571,.T.);
#2025=ORIENTED_EDGE('',*,*,#1572,.T.);
#2026=ORIENTED_EDGE('',*,*,#1573,.T.);
#2027=ORIENTED_EDGE('',*,*,#1572,.F.);
#2028=ORIENTED_EDGE('',*,*,#1574,.T.);
#2029=ORIENTED_EDGE('',*,*,#1575,.T.);
#2030=ORIENTED_EDGE('',*,*,#1576,.T.);
#2031=ORIENTED_EDGE('',*,*,#1553,.F.);
#2032=ORIENTED_EDGE('',*,*,#1577,.T.);
#2033=ORIENTED_EDGE('',*,*,#1575,.F.);
#2034=ORIENTED_EDGE('',*,*,#1554,.F.);
#2035=ORIENTED_EDGE('',*,*,#1576,.F.);
#2036=ORIENTED_EDGE('',*,*,#1574,.F.);
#2037=ORIENTED_EDGE('',*,*,#1571,.F.);
#2038=ORIENTED_EDGE('',*,*,#1567,.F.);
#2039=ORIENTED_EDGE('',*,*,#1561,.F.);
#2040=ORIENTED_EDGE('',*,*,#1558,.F.);
#2041=ORIENTED_EDGE('',*,*,#1578,.T.);
#2042=ORIENTED_EDGE('',*,*,#1565,.F.);
#2043=ORIENTED_EDGE('',*,*,#1579,.T.);
#2044=ORIENTED_EDGE('',*,*,#1580,.T.);
#2045=ORIENTED_EDGE('',*,*,#1581,.T.);
#2046=ORIENTED_EDGE('',*,*,#1582,.T.);
#2047=ORIENTED_EDGE('',*,*,#1583,.T.);
#2048=ORIENTED_EDGE('',*,*,#1556,.F.);
#2049=ORIENTED_EDGE('',*,*,#1560,.F.);
#2050=ORIENTED_EDGE('',*,*,#1564,.F.);
#2051=ORIENTED_EDGE('',*,*,#1584,.F.);
#2052=ORIENTED_EDGE('',*,*,#1585,.T.);
#2053=ORIENTED_EDGE('',*,*,#1586,.T.);
#2054=ORIENTED_EDGE('',*,*,#1587,.T.);
#2055=ORIENTED_EDGE('',*,*,#1579,.F.);
#2056=ORIENTED_EDGE('',*,*,#1552,.F.);
#2057=ORIENTED_EDGE('',*,*,#1588,.T.);
#2058=ORIENTED_EDGE('',*,*,#1578,.F.);
#2059=ORIENTED_EDGE('',*,*,#1588,.F.);
#2060=ORIENTED_EDGE('',*,*,#1550,.T.);
#2061=ORIENTED_EDGE('',*,*,#1570,.F.);
#2062=ORIENTED_EDGE('',*,*,#1589,.T.);
#2063=ORIENTED_EDGE('',*,*,#1590,.F.);
#2064=ORIENTED_EDGE('',*,*,#1591,.T.);
#2065=ORIENTED_EDGE('',*,*,#1592,.T.);
#2066=ORIENTED_EDGE('',*,*,#1584,.T.);
#2067=ORIENTED_EDGE('',*,*,#1563,.F.);
#2068=ORIENTED_EDGE('',*,*,#1566,.F.);
#2069=ORIENTED_EDGE('',*,*,#1545,.T.);
#2070=ORIENTED_EDGE('',*,*,#1593,.T.);
#2071=ORIENTED_EDGE('',*,*,#1594,.T.);
#2072=ORIENTED_EDGE('',*,*,#1595,.T.);
#2073=ORIENTED_EDGE('',*,*,#1596,.T.);
#2074=ORIENTED_EDGE('',*,*,#1582,.F.);
#2075=ORIENTED_EDGE('',*,*,#1597,.T.);
#2076=ORIENTED_EDGE('',*,*,#1590,.T.);
#2077=ORIENTED_EDGE('',*,*,#1598,.T.);
#2078=ORIENTED_EDGE('',*,*,#1599,.F.);
#2079=ORIENTED_EDGE('',*,*,#1600,.F.);
#2080=ORIENTED_EDGE('',*,*,#1601,.T.);
#2081=ORIENTED_EDGE('',*,*,#1595,.F.);
#2082=ORIENTED_EDGE('',*,*,#1602,.T.);
#2083=ORIENTED_EDGE('',*,*,#1603,.T.);
#2084=ORIENTED_EDGE('',*,*,#1604,.T.);
#2085=ORIENTED_EDGE('',*,*,#1605,.T.);
#2086=ORIENTED_EDGE('',*,*,#1606,.F.);
#2087=ORIENTED_EDGE('',*,*,#1607,.T.);
#2088=ORIENTED_EDGE('',*,*,#1599,.T.);
#2089=ORIENTED_EDGE('',*,*,#1608,.F.);
#2090=ORIENTED_EDGE('',*,*,#1609,.F.);
#2091=ORIENTED_EDGE('',*,*,#1610,.T.);
#2092=ORIENTED_EDGE('',*,*,#1611,.F.);
#2093=ORIENTED_EDGE('',*,*,#1612,.F.);
#2094=ORIENTED_EDGE('',*,*,#1613,.F.);
#2095=ORIENTED_EDGE('',*,*,#1614,.F.);
#2096=ORIENTED_EDGE('',*,*,#1615,.F.);
#2097=ORIENTED_EDGE('',*,*,#1616,.F.);
#2098=ORIENTED_EDGE('',*,*,#1617,.F.);
#2099=ORIENTED_EDGE('',*,*,#1618,.T.);
#2100=ORIENTED_EDGE('',*,*,#1619,.T.);
#2101=ORIENTED_EDGE('',*,*,#1620,.T.);
#2102=ORIENTED_EDGE('',*,*,#1621,.T.);
#2103=ORIENTED_EDGE('',*,*,#1612,.T.);
#2104=ORIENTED_EDGE('',*,*,#1611,.T.);
#2105=ORIENTED_EDGE('',*,*,#1622,.T.);
#2106=ORIENTED_EDGE('',*,*,#1623,.T.);
#2107=ORIENTED_EDGE('',*,*,#1624,.F.);
#2108=ORIENTED_EDGE('',*,*,#1625,.F.);
#2109=ORIENTED_EDGE('',*,*,#1626,.F.);
#2110=ORIENTED_EDGE('',*,*,#1627,.T.);
#2111=ORIENTED_EDGE('',*,*,#1628,.T.);
#2112=ORIENTED_EDGE('',*,*,#1629,.T.);
#2113=ORIENTED_EDGE('',*,*,#1618,.F.);
#2114=ORIENTED_EDGE('',*,*,#1623,.F.);
#2115=ORIENTED_EDGE('',*,*,#1630,.T.);
#2116=ORIENTED_EDGE('',*,*,#1586,.F.);
#2117=ORIENTED_EDGE('',*,*,#1631,.F.);
#2118=ORIENTED_EDGE('',*,*,#1632,.F.);
#2119=ORIENTED_EDGE('',*,*,#1633,.F.);
#2120=ORIENTED_EDGE('',*,*,#1634,.F.);
#2121=ORIENTED_EDGE('',*,*,#1631,.T.);
#2122=ORIENTED_EDGE('',*,*,#1585,.F.);
#2123=ORIENTED_EDGE('',*,*,#1635,.F.);
#2124=ORIENTED_EDGE('',*,*,#1636,.F.);
#2125=ORIENTED_EDGE('',*,*,#1633,.T.);
#2126=ORIENTED_EDGE('',*,*,#1592,.F.);
#2127=ORIENTED_EDGE('',*,*,#1608,.T.);
#2128=ORIENTED_EDGE('',*,*,#1637,.F.);
#2129=ORIENTED_EDGE('',*,*,#1638,.T.);
#2130=ORIENTED_EDGE('',*,*,#1639,.T.);
#2131=ORIENTED_EDGE('',*,*,#1640,.F.);
#2132=ORIENTED_EDGE('',*,*,#1641,.T.);
#2133=ORIENTED_EDGE('',*,*,#1642,.F.);
#2134=ORIENTED_EDGE('',*,*,#1643,.F.);
#2135=ORIENTED_EDGE('',*,*,#1635,.T.);
#2136=ORIENTED_EDGE('',*,*,#1644,.F.);
#2137=ORIENTED_EDGE('',*,*,#1645,.F.);
#2138=ORIENTED_EDGE('',*,*,#1609,.T.);
#2139=ORIENTED_EDGE('',*,*,#1646,.F.);
#2140=ORIENTED_EDGE('',*,*,#1610,.F.);
#2141=ORIENTED_EDGE('',*,*,#1645,.T.);
#2142=ORIENTED_EDGE('',*,*,#1580,.F.);
#2143=ORIENTED_EDGE('',*,*,#1630,.F.);
#2144=ORIENTED_EDGE('',*,*,#1622,.F.);
#2145=ORIENTED_EDGE('',*,*,#1646,.T.);
#2146=ORIENTED_EDGE('',*,*,#1587,.F.);
#2147=ORIENTED_EDGE('',*,*,#1647,.T.);
#2148=ORIENTED_EDGE('',*,*,#1648,.T.);
#2149=ORIENTED_EDGE('',*,*,#1649,.F.);
#2150=ORIENTED_EDGE('',*,*,#1650,.F.);
#2151=ORIENTED_EDGE('',*,*,#1651,.F.);
#2152=ORIENTED_EDGE('',*,*,#1652,.F.);
#2153=ORIENTED_EDGE('',*,*,#1653,.F.);
#2154=ORIENTED_EDGE('',*,*,#1636,.T.);
#2155=ORIENTED_EDGE('',*,*,#1643,.T.);
#2156=ORIENTED_EDGE('',*,*,#1642,.T.);
#2157=ORIENTED_EDGE('',*,*,#1621,.F.);
#2158=ORIENTED_EDGE('',*,*,#1654,.T.);
#2159=ORIENTED_EDGE('',*,*,#1655,.T.);
#2160=ORIENTED_EDGE('',*,*,#1656,.T.);
#2161=ORIENTED_EDGE('',*,*,#1613,.T.);
#2162=ORIENTED_EDGE('',*,*,#1620,.F.);
#2163=ORIENTED_EDGE('',*,*,#1657,.F.);
#2164=ORIENTED_EDGE('',*,*,#1658,.T.);
#2165=ORIENTED_EDGE('',*,*,#1659,.T.);
#2166=ORIENTED_EDGE('',*,*,#1660,.F.);
#2167=ORIENTED_EDGE('',*,*,#1661,.F.);
#2168=ORIENTED_EDGE('',*,*,#1662,.F.);
#2169=ORIENTED_EDGE('',*,*,#1654,.F.);
#2170=ORIENTED_EDGE('',*,*,#1652,.T.);
#2171=ORIENTED_EDGE('',*,*,#1663,.T.);
#2172=ORIENTED_EDGE('',*,*,#1660,.T.);
#2173=ORIENTED_EDGE('',*,*,#1664,.T.);
#2174=ORIENTED_EDGE('',*,*,#1624,.T.);
#2175=ORIENTED_EDGE('',*,*,#1632,.T.);
#2176=ORIENTED_EDGE('',*,*,#1634,.T.);
#2177=ORIENTED_EDGE('',*,*,#1653,.T.);
#2178=ORIENTED_EDGE('',*,*,#1664,.F.);
#2179=ORIENTED_EDGE('',*,*,#1659,.F.);
#2180=ORIENTED_EDGE('',*,*,#1665,.F.);
#2181=ORIENTED_EDGE('',*,*,#1625,.T.);
#2182=ORIENTED_EDGE('',*,*,#1655,.F.);
#2183=ORIENTED_EDGE('',*,*,#1662,.T.);
#2184=ORIENTED_EDGE('',*,*,#1666,.F.);
#2185=ORIENTED_EDGE('',*,*,#1667,.F.);
#2186=ORIENTED_EDGE('',*,*,#1619,.F.);
#2187=ORIENTED_EDGE('',*,*,#1629,.F.);
#2188=ORIENTED_EDGE('',*,*,#1668,.T.);
#2189=ORIENTED_EDGE('',*,*,#1657,.T.);
#2190=ORIENTED_EDGE('',*,*,#1669,.T.);
#2191=ORIENTED_EDGE('',*,*,#1670,.T.);
#2192=ORIENTED_EDGE('',*,*,#1671,.T.);
#2193=ORIENTED_EDGE('',*,*,#1615,.T.);
#2194=ORIENTED_EDGE('',*,*,#1670,.F.);
#2195=ORIENTED_EDGE('',*,*,#1672,.F.);
#2196=ORIENTED_EDGE('',*,*,#1673,.F.);
#2197=ORIENTED_EDGE('',*,*,#1674,.F.);
#2198=ORIENTED_EDGE('',*,*,#1669,.F.);
#2199=ORIENTED_EDGE('',*,*,#1614,.T.);
#2200=ORIENTED_EDGE('',*,*,#1656,.F.);
#2201=ORIENTED_EDGE('',*,*,#1667,.T.);
#2202=ORIENTED_EDGE('',*,*,#1675,.F.);
#2203=ORIENTED_EDGE('',*,*,#1672,.T.);
#2204=ORIENTED_EDGE('',*,*,#1676,.T.);
#2205=ORIENTED_EDGE('',*,*,#1677,.T.);
#2206=ORIENTED_EDGE('',*,*,#1678,.T.);
#2207=ORIENTED_EDGE('',*,*,#1679,.F.);
#2208=ORIENTED_EDGE('',*,*,#1680,.T.);
#2209=ORIENTED_EDGE('',*,*,#1673,.T.);
#2210=ORIENTED_EDGE('',*,*,#1681,.T.);
#2211=ORIENTED_EDGE('',*,*,#1649,.T.);
#2212=ORIENTED_EDGE('',*,*,#1682,.T.);
#2213=ORIENTED_EDGE('',*,*,#1650,.T.);
#2214=ORIENTED_EDGE('',*,*,#1681,.F.);
#2215=ORIENTED_EDGE('',*,*,#1675,.T.);
#2216=ORIENTED_EDGE('',*,*,#1663,.F.);
#2217=ORIENTED_EDGE('',*,*,#1651,.T.);
#2218=ORIENTED_EDGE('',*,*,#1682,.F.);
#2219=ORIENTED_EDGE('',*,*,#1666,.T.);
#2220=ORIENTED_EDGE('',*,*,#1661,.T.);
#2221=ORIENTED_EDGE('',*,*,#1683,.T.);
#2222=ORIENTED_EDGE('',*,*,#1684,.T.);
#2223=ORIENTED_EDGE('',*,*,#1685,.T.);
#2224=ORIENTED_EDGE('',*,*,#1668,.F.);
#2225=ORIENTED_EDGE('',*,*,#1628,.F.);
#2226=ORIENTED_EDGE('',*,*,#1686,.T.);
#2227=ORIENTED_EDGE('',*,*,#1687,.T.);
#2228=ORIENTED_EDGE('',*,*,#1688,.F.);
#2229=ORIENTED_EDGE('',*,*,#1638,.F.);
#2230=ORIENTED_EDGE('',*,*,#1689,.T.);
#2231=ORIENTED_EDGE('',*,*,#1637,.T.);
#2232=ORIENTED_EDGE('',*,*,#1617,.T.);
#2233=ORIENTED_EDGE('',*,*,#1690,.F.);
#2234=ORIENTED_EDGE('',*,*,#1691,.T.);
#2235=ORIENTED_EDGE('',*,*,#1692,.T.);
#2236=ORIENTED_EDGE('',*,*,#1647,.F.);
#2237=ORIENTED_EDGE('',*,*,#1641,.F.);
#2238=ORIENTED_EDGE('',*,*,#1640,.T.);
#2239=ORIENTED_EDGE('',*,*,#1693,.F.);
#2240=ORIENTED_EDGE('',*,*,#1694,.T.);
#2241=ORIENTED_EDGE('',*,*,#1695,.T.);
#2242=ORIENTED_EDGE('',*,*,#1626,.T.);
#2243=ORIENTED_EDGE('',*,*,#1665,.T.);
#2244=ORIENTED_EDGE('',*,*,#1696,.T.);
#2245=ORIENTED_EDGE('',*,*,#1697,.T.);
#2246=ORIENTED_EDGE('',*,*,#1698,.T.);
#2247=ORIENTED_EDGE('',*,*,#1699,.F.);
#2248=ORIENTED_EDGE('',*,*,#1687,.F.);
#2249=ORIENTED_EDGE('',*,*,#1700,.T.);
#2250=ORIENTED_EDGE('',*,*,#1694,.F.);
#2251=ORIENTED_EDGE('',*,*,#1627,.F.);
#2252=ORIENTED_EDGE('',*,*,#1695,.F.);
#2253=ORIENTED_EDGE('',*,*,#1700,.F.);
#2254=ORIENTED_EDGE('',*,*,#1686,.F.);
#2255=ORIENTED_EDGE('',*,*,#1701,.F.);
#2256=ORIENTED_EDGE('',*,*,#1678,.F.);
#2257=ORIENTED_EDGE('',*,*,#1702,.F.);
#2258=ORIENTED_EDGE('',*,*,#1677,.F.);
#2259=ORIENTED_EDGE('',*,*,#1703,.F.);
#2260=ORIENTED_EDGE('',*,*,#1683,.F.);
#2261=ORIENTED_EDGE('',*,*,#1689,.F.);
#2262=ORIENTED_EDGE('',*,*,#1704,.T.);
#2263=ORIENTED_EDGE('',*,*,#1691,.F.);
#2264=ORIENTED_EDGE('',*,*,#1698,.F.);
#2265=ORIENTED_EDGE('',*,*,#1702,.T.);
#2266=ORIENTED_EDGE('',*,*,#1676,.F.);
#2267=ORIENTED_EDGE('',*,*,#1701,.T.);
#2268=ORIENTED_EDGE('',*,*,#1679,.T.);
#2269=ORIENTED_EDGE('',*,*,#1658,.F.);
#2270=ORIENTED_EDGE('',*,*,#1685,.F.);
#2271=ORIENTED_EDGE('',*,*,#1705,.T.);
#2272=ORIENTED_EDGE('',*,*,#1696,.F.);
#2273=ORIENTED_EDGE('',*,*,#1705,.F.);
#2274=ORIENTED_EDGE('',*,*,#1684,.F.);
#2275=ORIENTED_EDGE('',*,*,#1703,.T.);
#2276=ORIENTED_EDGE('',*,*,#1697,.F.);
#2277=ORIENTED_EDGE('',*,*,#1671,.F.);
#2278=ORIENTED_EDGE('',*,*,#1674,.T.);
#2279=ORIENTED_EDGE('',*,*,#1680,.F.);
#2280=ORIENTED_EDGE('',*,*,#1648,.F.);
#2281=ORIENTED_EDGE('',*,*,#1692,.F.);
#2282=ORIENTED_EDGE('',*,*,#1704,.F.);
#2283=ORIENTED_EDGE('',*,*,#1690,.T.);
#2284=ORIENTED_EDGE('',*,*,#1616,.T.);
#2285=ORIENTED_EDGE('',*,*,#1688,.T.);
#2286=ORIENTED_EDGE('',*,*,#1699,.T.);
#2287=ORIENTED_EDGE('',*,*,#1693,.T.);
#2288=ORIENTED_EDGE('',*,*,#1639,.F.);
#2289=ORIENTED_EDGE('',*,*,#1706,.F.);
#2290=ORIENTED_EDGE('',*,*,#1707,.T.);
#2291=ORIENTED_EDGE('',*,*,#1708,.T.);
#2292=ORIENTED_EDGE('',*,*,#1600,.T.);
#2293=ORIENTED_EDGE('',*,*,#1607,.F.);
#2294=ORIENTED_EDGE('',*,*,#1709,.F.);
#2295=ORIENTED_EDGE('',*,*,#1710,.T.);
#2296=ORIENTED_EDGE('',*,*,#1711,.T.);
#2297=ORIENTED_EDGE('',*,*,#1712,.F.);
#2298=ORIENTED_EDGE('',*,*,#1713,.F.);
#2299=ORIENTED_EDGE('',*,*,#1714,.F.);
#2300=ORIENTED_EDGE('',*,*,#1715,.F.);
#2301=ORIENTED_EDGE('',*,*,#1716,.F.);
#2302=ORIENTED_EDGE('',*,*,#1717,.F.);
#2303=ORIENTED_EDGE('',*,*,#1718,.F.);
#2304=ORIENTED_EDGE('',*,*,#1706,.T.);
#2305=ORIENTED_EDGE('',*,*,#1606,.T.);
#2306=ORIENTED_EDGE('',*,*,#1719,.F.);
#2307=ORIENTED_EDGE('',*,*,#1720,.F.);
#2308=ORIENTED_EDGE('',*,*,#1709,.T.);
#2309=ORIENTED_EDGE('',*,*,#1605,.F.);
#2310=ORIENTED_EDGE('',*,*,#1721,.T.);
#2311=ORIENTED_EDGE('',*,*,#1722,.T.);
#2312=ORIENTED_EDGE('',*,*,#1723,.T.);
#2313=ORIENTED_EDGE('',*,*,#1724,.F.);
#2314=ORIENTED_EDGE('',*,*,#1719,.T.);
#2315=ORIENTED_EDGE('',*,*,#1604,.F.);
#2316=ORIENTED_EDGE('',*,*,#1598,.F.);
#2317=ORIENTED_EDGE('',*,*,#1589,.F.);
#2318=ORIENTED_EDGE('',*,*,#1569,.F.);
#2319=ORIENTED_EDGE('',*,*,#1725,.T.);
#2320=ORIENTED_EDGE('',*,*,#1726,.F.);
#2321=ORIENTED_EDGE('',*,*,#1721,.F.);
#2322=ORIENTED_EDGE('',*,*,#1573,.F.);
#2323=ORIENTED_EDGE('',*,*,#1727,.T.);
#2324=ORIENTED_EDGE('',*,*,#1728,.F.);
#2325=ORIENTED_EDGE('',*,*,#1729,.F.);
#2326=ORIENTED_EDGE('',*,*,#1730,.F.);
#2327=ORIENTED_EDGE('',*,*,#1731,.F.);
#2328=ORIENTED_EDGE('',*,*,#1732,.F.);
#2329=ORIENTED_EDGE('',*,*,#1733,.F.);
#2330=ORIENTED_EDGE('',*,*,#1734,.F.);
#2331=ORIENTED_EDGE('',*,*,#1735,.F.);
#2332=ORIENTED_EDGE('',*,*,#1736,.F.);
#2333=ORIENTED_EDGE('',*,*,#1737,.T.);
#2334=ORIENTED_EDGE('',*,*,#1738,.T.);
#2335=ORIENTED_EDGE('',*,*,#1739,.T.);
#2336=ORIENTED_EDGE('',*,*,#1603,.F.);
#2337=ORIENTED_EDGE('',*,*,#1740,.F.);
#2338=ORIENTED_EDGE('',*,*,#1741,.F.);
#2339=ORIENTED_EDGE('',*,*,#1742,.F.);
#2340=ORIENTED_EDGE('',*,*,#1725,.F.);
#2341=ORIENTED_EDGE('',*,*,#1577,.F.);
#2342=ORIENTED_EDGE('',*,*,#1739,.F.);
#2343=ORIENTED_EDGE('',*,*,#1743,.F.);
#2344=ORIENTED_EDGE('',*,*,#1740,.T.);
#2345=ORIENTED_EDGE('',*,*,#1557,.F.);
#2346=ORIENTED_EDGE('',*,*,#1583,.F.);
#2347=ORIENTED_EDGE('',*,*,#1596,.F.);
#2348=ORIENTED_EDGE('',*,*,#1601,.F.);
#2349=ORIENTED_EDGE('',*,*,#1708,.F.);
#2350=ORIENTED_EDGE('',*,*,#1744,.F.);
#2351=ORIENTED_EDGE('',*,*,#1745,.F.);
#2352=ORIENTED_EDGE('',*,*,#1746,.F.);
#2353=ORIENTED_EDGE('',*,*,#1747,.F.);
#2354=ORIENTED_EDGE('',*,*,#1748,.F.);
#2355=ORIENTED_EDGE('',*,*,#1749,.F.);
#2356=ORIENTED_EDGE('',*,*,#1750,.F.);
#2357=ORIENTED_EDGE('',*,*,#1751,.F.);
#2358=ORIENTED_EDGE('',*,*,#1752,.F.);
#2359=ORIENTED_EDGE('',*,*,#1593,.F.);
#2360=ORIENTED_EDGE('',*,*,#1581,.F.);
#2361=ORIENTED_EDGE('',*,*,#1644,.T.);
#2362=ORIENTED_EDGE('',*,*,#1591,.F.);
#2363=ORIENTED_EDGE('',*,*,#1597,.F.);
#2364=ORIENTED_EDGE('',*,*,#1753,.T.);
#2365=ORIENTED_EDGE('',*,*,#1754,.T.);
#2366=ORIENTED_EDGE('',*,*,#1731,.T.);
#2367=ORIENTED_EDGE('',*,*,#1755,.T.);
#2368=ORIENTED_EDGE('',*,*,#1756,.T.);
#2369=ORIENTED_EDGE('',*,*,#1757,.T.);
#2370=ORIENTED_EDGE('',*,*,#1758,.T.);
#2371=ORIENTED_EDGE('',*,*,#1759,.T.);
#2372=ORIENTED_EDGE('',*,*,#1716,.T.);
#2373=ORIENTED_EDGE('',*,*,#1760,.T.);
#2374=ORIENTED_EDGE('',*,*,#1737,.F.);
#2375=ORIENTED_EDGE('',*,*,#1736,.T.);
#2376=ORIENTED_EDGE('',*,*,#1761,.F.);
#2377=ORIENTED_EDGE('',*,*,#1762,.F.);
#2378=ORIENTED_EDGE('',*,*,#1763,.T.);
#2379=ORIENTED_EDGE('',*,*,#1764,.F.);
#2380=ORIENTED_EDGE('',*,*,#1765,.F.);
#2381=ORIENTED_EDGE('',*,*,#1741,.T.);
#2382=ORIENTED_EDGE('',*,*,#1766,.T.);
#2383=ORIENTED_EDGE('',*,*,#1767,.T.);
#2384=ORIENTED_EDGE('',*,*,#1768,.T.);
#2385=ORIENTED_EDGE('',*,*,#1711,.F.);
#2386=ORIENTED_EDGE('',*,*,#1769,.F.);
#2387=ORIENTED_EDGE('',*,*,#1770,.T.);
#2388=ORIENTED_EDGE('',*,*,#1771,.T.);
#2389=ORIENTED_EDGE('',*,*,#1767,.F.);
#2390=ORIENTED_EDGE('',*,*,#1772,.F.);
#2391=ORIENTED_EDGE('',*,*,#1773,.T.);
#2392=ORIENTED_EDGE('',*,*,#1774,.T.);
#2393=ORIENTED_EDGE('',*,*,#1770,.F.);
#2394=ORIENTED_EDGE('',*,*,#1775,.F.);
#2395=ORIENTED_EDGE('',*,*,#1776,.T.);
#2396=ORIENTED_EDGE('',*,*,#1777,.T.);
#2397=ORIENTED_EDGE('',*,*,#1773,.F.);
#2398=ORIENTED_EDGE('',*,*,#1778,.F.);
#2399=ORIENTED_EDGE('',*,*,#1723,.F.);
#2400=ORIENTED_EDGE('',*,*,#1779,.F.);
#2401=ORIENTED_EDGE('',*,*,#1776,.F.);
#2402=ORIENTED_EDGE('',*,*,#1780,.F.);
#2403=ORIENTED_EDGE('',*,*,#1712,.T.);
#2404=ORIENTED_EDGE('',*,*,#1768,.F.);
#2405=ORIENTED_EDGE('',*,*,#1771,.F.);
#2406=ORIENTED_EDGE('',*,*,#1774,.F.);
#2407=ORIENTED_EDGE('',*,*,#1777,.F.);
#2408=ORIENTED_EDGE('',*,*,#1779,.T.);
#2409=ORIENTED_EDGE('',*,*,#1722,.F.);
#2410=ORIENTED_EDGE('',*,*,#1726,.T.);
#2411=ORIENTED_EDGE('',*,*,#1742,.T.);
#2412=ORIENTED_EDGE('',*,*,#1765,.T.);
#2413=ORIENTED_EDGE('',*,*,#1781,.F.);
#2414=ORIENTED_EDGE('',*,*,#1782,.F.);
#2415=ORIENTED_EDGE('',*,*,#1783,.F.);
#2416=ORIENTED_EDGE('',*,*,#1784,.F.);
#2417=ORIENTED_EDGE('',*,*,#1761,.T.);
#2418=ORIENTED_EDGE('',*,*,#1785,.T.);
#2419=ORIENTED_EDGE('',*,*,#1786,.T.);
#2420=ORIENTED_EDGE('',*,*,#1787,.T.);
#2421=ORIENTED_EDGE('',*,*,#1788,.T.);
#2422=ORIENTED_EDGE('',*,*,#1789,.T.);
#2423=ORIENTED_EDGE('',*,*,#1790,.T.);
#2424=ORIENTED_EDGE('',*,*,#1791,.T.);
#2425=ORIENTED_EDGE('',*,*,#1762,.T.);
#2426=ORIENTED_EDGE('',*,*,#1784,.T.);
#2427=ORIENTED_EDGE('',*,*,#1792,.F.);
#2428=ORIENTED_EDGE('',*,*,#1793,.F.);
#2429=ORIENTED_EDGE('',*,*,#1794,.T.);
#2430=ORIENTED_EDGE('',*,*,#1781,.T.);
#2431=ORIENTED_EDGE('',*,*,#1764,.T.);
#2432=ORIENTED_EDGE('',*,*,#1795,.F.);
#2433=ORIENTED_EDGE('',*,*,#1796,.F.);
#2434=ORIENTED_EDGE('',*,*,#1797,.F.);
#2435=ORIENTED_EDGE('',*,*,#1798,.F.);
#2436=ORIENTED_EDGE('',*,*,#1799,.T.);
#2437=ORIENTED_EDGE('',*,*,#1786,.F.);
#2438=ORIENTED_EDGE('',*,*,#1800,.T.);
#2439=ORIENTED_EDGE('',*,*,#1801,.F.);
#2440=ORIENTED_EDGE('',*,*,#1802,.T.);
#2441=ORIENTED_EDGE('',*,*,#1803,.F.);
#2442=ORIENTED_EDGE('',*,*,#1804,.F.);
#2443=ORIENTED_EDGE('',*,*,#1805,.F.);
#2444=ORIENTED_EDGE('',*,*,#1806,.T.);
#2445=ORIENTED_EDGE('',*,*,#1807,.F.);
#2446=ORIENTED_EDGE('',*,*,#1808,.F.);
#2447=ORIENTED_EDGE('',*,*,#1792,.T.);
#2448=ORIENTED_EDGE('',*,*,#1783,.T.);
#2449=ORIENTED_EDGE('',*,*,#1809,.T.);
#2450=ORIENTED_EDGE('',*,*,#1810,.F.);
#2451=ORIENTED_EDGE('',*,*,#1809,.F.);
#2452=ORIENTED_EDGE('',*,*,#1782,.T.);
#2453=ORIENTED_EDGE('',*,*,#1794,.F.);
#2454=ORIENTED_EDGE('',*,*,#1811,.F.);
#2455=ORIENTED_EDGE('',*,*,#1727,.F.);
#2456=ORIENTED_EDGE('',*,*,#1812,.T.);
#2457=ORIENTED_EDGE('',*,*,#1813,.F.);
#2458=ORIENTED_EDGE('',*,*,#1812,.F.);
#2459=ORIENTED_EDGE('',*,*,#1814,.T.);
#2460=ORIENTED_EDGE('',*,*,#1815,.T.);
#2461=ORIENTED_EDGE('',*,*,#1816,.T.);
#2462=ORIENTED_EDGE('',*,*,#1817,.T.);
#2463=ORIENTED_EDGE('',*,*,#1789,.F.);
#2464=ORIENTED_EDGE('',*,*,#1818,.T.);
#2465=ORIENTED_EDGE('',*,*,#1814,.F.);
#2466=ORIENTED_EDGE('',*,*,#1819,.F.);
#2467=ORIENTED_EDGE('',*,*,#1790,.F.);
#2468=ORIENTED_EDGE('',*,*,#1819,.T.);
#2469=ORIENTED_EDGE('',*,*,#1817,.F.);
#2470=ORIENTED_EDGE('',*,*,#1820,.F.);
#2471=ORIENTED_EDGE('',*,*,#1791,.F.);
#2472=ORIENTED_EDGE('',*,*,#1820,.T.);
#2473=ORIENTED_EDGE('',*,*,#1816,.F.);
#2474=ORIENTED_EDGE('',*,*,#1821,.F.);
#2475=ORIENTED_EDGE('',*,*,#1813,.T.);
#2476=ORIENTED_EDGE('',*,*,#1788,.F.);
#2477=ORIENTED_EDGE('',*,*,#1821,.T.);
#2478=ORIENTED_EDGE('',*,*,#1815,.F.);
#2479=ORIENTED_EDGE('',*,*,#1818,.F.);
#2480=ORIENTED_EDGE('',*,*,#1822,.F.);
#2481=ORIENTED_EDGE('',*,*,#1823,.T.);
#2482=ORIENTED_EDGE('',*,*,#1824,.F.);
#2483=ORIENTED_EDGE('',*,*,#1825,.F.);
#2484=ORIENTED_EDGE('',*,*,#1826,.T.);
#2485=ORIENTED_EDGE('',*,*,#1827,.T.);
#2486=ORIENTED_EDGE('',*,*,#1828,.T.);
#2487=ORIENTED_EDGE('',*,*,#1829,.T.);
#2488=ORIENTED_EDGE('',*,*,#1830,.T.);
#2489=ORIENTED_EDGE('',*,*,#1831,.T.);
#2490=ORIENTED_EDGE('',*,*,#1832,.T.);
#2491=ORIENTED_EDGE('',*,*,#1833,.T.);
#2492=ORIENTED_EDGE('',*,*,#1834,.T.);
#2493=ORIENTED_EDGE('',*,*,#1835,.F.);
#2494=ORIENTED_EDGE('',*,*,#1836,.T.);
#2495=ORIENTED_EDGE('',*,*,#1837,.F.);
#2496=ORIENTED_EDGE('',*,*,#1838,.F.);
#2497=ORIENTED_EDGE('',*,*,#1836,.F.);
#2498=ORIENTED_EDGE('',*,*,#1839,.F.);
#2499=ORIENTED_EDGE('',*,*,#1840,.T.);
#2500=ORIENTED_EDGE('',*,*,#1841,.T.);
#2501=ORIENTED_EDGE('',*,*,#1842,.T.);
#2502=ORIENTED_EDGE('',*,*,#1840,.F.);
#2503=ORIENTED_EDGE('',*,*,#1843,.F.);
#2504=ORIENTED_EDGE('',*,*,#1844,.T.);
#2505=ORIENTED_EDGE('',*,*,#1845,.T.);
#2506=ORIENTED_EDGE('',*,*,#1846,.T.);
#2507=ORIENTED_EDGE('',*,*,#1847,.T.);
#2508=ORIENTED_EDGE('',*,*,#1844,.F.);
#2509=ORIENTED_EDGE('',*,*,#1848,.F.);
#2510=ORIENTED_EDGE('',*,*,#1849,.T.);
#2511=ORIENTED_EDGE('',*,*,#1850,.F.);
#2512=ORIENTED_EDGE('',*,*,#1851,.F.);
#2513=ORIENTED_EDGE('',*,*,#1849,.F.);
#2514=ORIENTED_EDGE('',*,*,#1747,.T.);
#2515=ORIENTED_EDGE('',*,*,#1852,.F.);
#2516=ORIENTED_EDGE('',*,*,#1853,.T.);
#2517=ORIENTED_EDGE('',*,*,#1854,.F.);
#2518=ORIENTED_EDGE('',*,*,#1855,.T.);
#2519=ORIENTED_EDGE('',*,*,#1756,.F.);
#2520=ORIENTED_EDGE('',*,*,#1856,.F.);
#2521=ORIENTED_EDGE('',*,*,#1823,.F.);
#2522=ORIENTED_EDGE('',*,*,#1857,.F.);
#2523=ORIENTED_EDGE('',*,*,#1858,.T.);
#2524=ORIENTED_EDGE('',*,*,#1859,.T.);
#2525=ORIENTED_EDGE('',*,*,#1860,.T.);
#2526=ORIENTED_EDGE('',*,*,#1861,.T.);
#2527=ORIENTED_EDGE('',*,*,#1862,.T.);
#2528=ORIENTED_EDGE('',*,*,#1857,.T.);
#2529=ORIENTED_EDGE('',*,*,#1822,.T.);
#2530=ORIENTED_EDGE('',*,*,#1863,.T.);
#2531=ORIENTED_EDGE('',*,*,#1864,.T.);
#2532=ORIENTED_EDGE('',*,*,#1865,.T.);
#2533=ORIENTED_EDGE('',*,*,#1866,.T.);
#2534=ORIENTED_EDGE('',*,*,#1867,.T.);
#2535=ORIENTED_EDGE('',*,*,#1868,.T.);
#2536=ORIENTED_EDGE('',*,*,#1869,.T.);
#2537=ORIENTED_EDGE('',*,*,#1863,.F.);
#2538=ORIENTED_EDGE('',*,*,#1825,.T.);
#2539=ORIENTED_EDGE('',*,*,#1870,.F.);
#2540=ORIENTED_EDGE('',*,*,#1871,.T.);
#2541=ORIENTED_EDGE('',*,*,#1872,.F.);
#2542=ORIENTED_EDGE('',*,*,#1873,.T.);
#2543=ORIENTED_EDGE('',*,*,#1874,.T.);
#2544=ORIENTED_EDGE('',*,*,#1862,.F.);
#2545=ORIENTED_EDGE('',*,*,#1875,.F.);
#2546=ORIENTED_EDGE('',*,*,#1876,.T.);
#2547=ORIENTED_EDGE('',*,*,#1858,.F.);
#2548=ORIENTED_EDGE('',*,*,#1850,.T.);
#2549=ORIENTED_EDGE('',*,*,#1851,.T.);
#2550=ORIENTED_EDGE('',*,*,#1877,.T.);
#2551=ORIENTED_EDGE('',*,*,#1878,.T.);
#2552=ORIENTED_EDGE('',*,*,#1877,.F.);
#2553=ORIENTED_EDGE('',*,*,#1879,.F.);
#2554=ORIENTED_EDGE('',*,*,#1880,.T.);
#2555=ORIENTED_EDGE('',*,*,#1881,.T.);
#2556=ORIENTED_EDGE('',*,*,#1882,.T.);
#2557=ORIENTED_EDGE('',*,*,#1883,.T.);
#2558=ORIENTED_EDGE('',*,*,#1884,.T.);
#2559=ORIENTED_EDGE('',*,*,#1885,.F.);
#2560=ORIENTED_EDGE('',*,*,#1886,.T.);
#2561=ORIENTED_EDGE('',*,*,#1887,.T.);
#2562=ORIENTED_EDGE('',*,*,#1888,.T.);
#2563=ORIENTED_EDGE('',*,*,#1889,.T.);
#2564=ORIENTED_EDGE('',*,*,#1890,.T.);
#2565=ORIENTED_EDGE('',*,*,#1846,.F.);
#2566=ORIENTED_EDGE('',*,*,#1845,.F.);
#2567=ORIENTED_EDGE('',*,*,#1847,.F.);
#2568=ORIENTED_EDGE('',*,*,#1891,.T.);
#2569=ORIENTED_EDGE('',*,*,#1892,.T.);
#2570=ORIENTED_EDGE('',*,*,#1891,.F.);
#2571=ORIENTED_EDGE('',*,*,#1866,.F.);
#2572=ORIENTED_EDGE('',*,*,#1893,.T.);
#2573=ORIENTED_EDGE('',*,*,#1837,.T.);
#2574=ORIENTED_EDGE('',*,*,#1838,.T.);
#2575=ORIENTED_EDGE('',*,*,#1893,.F.);
#2576=ORIENTED_EDGE('',*,*,#1894,.T.);
#2577=ORIENTED_EDGE('',*,*,#1895,.T.);
#2578=ORIENTED_EDGE('',*,*,#1875,.T.);
#2579=ORIENTED_EDGE('',*,*,#1861,.F.);
#2580=ORIENTED_EDGE('',*,*,#1869,.F.);
#2581=ORIENTED_EDGE('',*,*,#1896,.T.);
#2582=ORIENTED_EDGE('',*,*,#1897,.F.);
#2583=ORIENTED_EDGE('',*,*,#1864,.F.);
#2584=ORIENTED_EDGE('',*,*,#1898,.F.);
#2585=ORIENTED_EDGE('',*,*,#1899,.T.);
#2586=ORIENTED_EDGE('',*,*,#1900,.F.);
#2587=ORIENTED_EDGE('',*,*,#1832,.F.);
#2588=ORIENTED_EDGE('',*,*,#1901,.F.);
#2589=ORIENTED_EDGE('',*,*,#1828,.F.);
#2590=ORIENTED_EDGE('',*,*,#1902,.T.);
#2591=ORIENTED_EDGE('',*,*,#1903,.T.);
#2592=ORIENTED_EDGE('',*,*,#1904,.T.);
#2593=ORIENTED_EDGE('',*,*,#1905,.T.);
#2594=ORIENTED_EDGE('',*,*,#1902,.F.);
#2595=ORIENTED_EDGE('',*,*,#1827,.F.);
#2596=ORIENTED_EDGE('',*,*,#1834,.F.);
#2597=ORIENTED_EDGE('',*,*,#1906,.T.);
#2598=ORIENTED_EDGE('',*,*,#1841,.F.);
#2599=ORIENTED_EDGE('',*,*,#1842,.F.);
#2600=ORIENTED_EDGE('',*,*,#1906,.F.);
#2601=ORIENTED_EDGE('',*,*,#1907,.T.);
#2602=ORIENTED_EDGE('',*,*,#1908,.F.);
#2603=ORIENTED_EDGE('',*,*,#1909,.F.);
#2604=ORIENTED_EDGE('',*,*,#1829,.F.);
#2605=ORIENTED_EDGE('',*,*,#1901,.T.);
#2606=ORIENTED_EDGE('',*,*,#1910,.T.);
#2607=ORIENTED_EDGE('',*,*,#1830,.F.);
#2608=ORIENTED_EDGE('',*,*,#1909,.T.);
#2609=ORIENTED_EDGE('',*,*,#1911,.F.);
#2610=ORIENTED_EDGE('',*,*,#1912,.F.);
#2611=ORIENTED_EDGE('',*,*,#1913,.T.);
#2612=ORIENTED_EDGE('',*,*,#1914,.T.);
#2613=ORIENTED_EDGE('',*,*,#1898,.T.);
#2614=ORIENTED_EDGE('',*,*,#1831,.F.);
#2615=ORIENTED_EDGE('',*,*,#1912,.T.);
#2616=ORIENTED_EDGE('',*,*,#1915,.F.);
#2617=ORIENTED_EDGE('',*,*,#1758,.F.);
#2618=ORIENTED_EDGE('',*,*,#1744,.T.);
#2619=ORIENTED_EDGE('',*,*,#1707,.F.);
#2620=ORIENTED_EDGE('',*,*,#1718,.T.);
#2621=ORIENTED_EDGE('',*,*,#1916,.F.);
#2622=ORIENTED_EDGE('',*,*,#1746,.T.);
#2623=ORIENTED_EDGE('',*,*,#1917,.F.);
#2624=ORIENTED_EDGE('',*,*,#1918,.T.);
#2625=ORIENTED_EDGE('',*,*,#1852,.T.);
#2626=ORIENTED_EDGE('',*,*,#1745,.T.);
#2627=ORIENTED_EDGE('',*,*,#1916,.T.);
#2628=ORIENTED_EDGE('',*,*,#1717,.T.);
#2629=ORIENTED_EDGE('',*,*,#1759,.F.);
#2630=ORIENTED_EDGE('',*,*,#1915,.T.);
#2631=ORIENTED_EDGE('',*,*,#1911,.T.);
#2632=ORIENTED_EDGE('',*,*,#1908,.T.);
#2633=ORIENTED_EDGE('',*,*,#1919,.T.);
#2634=ORIENTED_EDGE('',*,*,#1917,.T.);
#2635=ORIENTED_EDGE('',*,*,#1920,.T.);
#2636=ORIENTED_EDGE('',*,*,#1921,.F.);
#2637=ORIENTED_EDGE('',*,*,#1732,.T.);
#2638=ORIENTED_EDGE('',*,*,#1754,.F.);
#2639=ORIENTED_EDGE('',*,*,#1922,.T.);
#2640=ORIENTED_EDGE('',*,*,#1859,.F.);
#2641=ORIENTED_EDGE('',*,*,#1876,.F.);
#2642=ORIENTED_EDGE('',*,*,#1895,.F.);
#2643=ORIENTED_EDGE('',*,*,#1923,.T.);
#2644=ORIENTED_EDGE('',*,*,#1924,.F.);
#2645=ORIENTED_EDGE('',*,*,#1896,.F.);
#2646=ORIENTED_EDGE('',*,*,#1868,.F.);
#2647=ORIENTED_EDGE('',*,*,#1748,.T.);
#2648=ORIENTED_EDGE('',*,*,#1854,.T.);
#2649=ORIENTED_EDGE('',*,*,#1925,.T.);
#2650=ORIENTED_EDGE('',*,*,#1926,.T.);
#2651=ORIENTED_EDGE('',*,*,#1927,.T.);
#2652=ORIENTED_EDGE('',*,*,#1910,.F.);
#2653=ORIENTED_EDGE('',*,*,#1903,.F.);
#2654=ORIENTED_EDGE('',*,*,#1905,.F.);
#2655=ORIENTED_EDGE('',*,*,#1928,.T.);
#2656=ORIENTED_EDGE('',*,*,#1929,.F.);
#2657=ORIENTED_EDGE('',*,*,#1899,.F.);
#2658=ORIENTED_EDGE('',*,*,#1914,.F.);
#2659=ORIENTED_EDGE('',*,*,#1930,.T.);
#2660=ORIENTED_EDGE('',*,*,#1931,.T.);
#2661=ORIENTED_EDGE('',*,*,#1760,.F.);
#2662=ORIENTED_EDGE('',*,*,#1715,.T.);
#2663=ORIENTED_EDGE('',*,*,#1932,.F.);
#2664=ORIENTED_EDGE('',*,*,#1933,.T.);
#2665=ORIENTED_EDGE('',*,*,#1934,.F.);
#2666=ORIENTED_EDGE('',*,*,#1886,.F.);
#2667=ORIENTED_EDGE('',*,*,#1935,.F.);
#2668=ORIENTED_EDGE('',*,*,#1936,.T.);
#2669=ORIENTED_EDGE('',*,*,#1937,.F.);
#2670=ORIENTED_EDGE('',*,*,#1888,.F.);
#2671=ORIENTED_EDGE('',*,*,#1938,.F.);
#2672=ORIENTED_EDGE('',*,*,#1939,.T.);
#2673=ORIENTED_EDGE('',*,*,#1940,.F.);
#2674=ORIENTED_EDGE('',*,*,#1797,.T.);
#2675=ORIENTED_EDGE('',*,*,#1941,.F.);
#2676=ORIENTED_EDGE('',*,*,#1942,.T.);
#2677=ORIENTED_EDGE('',*,*,#1943,.F.);
#2678=ORIENTED_EDGE('',*,*,#1882,.F.);
#2679=ORIENTED_EDGE('',*,*,#1944,.F.);
#2680=ORIENTED_EDGE('',*,*,#1945,.T.);
#2681=ORIENTED_EDGE('',*,*,#1946,.F.);
#2682=ORIENTED_EDGE('',*,*,#1874,.F.);
#2683=ORIENTED_EDGE('',*,*,#1947,.F.);
#2684=ORIENTED_EDGE('',*,*,#1948,.T.);
#2685=ORIENTED_EDGE('',*,*,#1932,.T.);
#2686=ORIENTED_EDGE('',*,*,#1714,.T.);
#2687=ORIENTED_EDGE('',*,*,#1949,.T.);
#2688=ORIENTED_EDGE('',*,*,#1950,.T.);
#2689=ORIENTED_EDGE('',*,*,#1951,.T.);
#2690=ORIENTED_EDGE('',*,*,#1950,.F.);
#2691=ORIENTED_EDGE('',*,*,#1952,.F.);
#2692=ORIENTED_EDGE('',*,*,#1802,.F.);
#2693=ORIENTED_EDGE('',*,*,#1953,.F.);
#2694=ORIENTED_EDGE('',*,*,#1883,.F.);
#2695=ORIENTED_EDGE('',*,*,#1934,.T.);
#2696=ORIENTED_EDGE('',*,*,#1954,.T.);
#2697=ORIENTED_EDGE('',*,*,#1955,.T.);
#2698=ORIENTED_EDGE('',*,*,#1889,.F.);
#2699=ORIENTED_EDGE('',*,*,#1937,.T.);
#2700=ORIENTED_EDGE('',*,*,#1956,.T.);
#2701=ORIENTED_EDGE('',*,*,#1935,.T.);
#2702=ORIENTED_EDGE('',*,*,#1885,.T.);
#2703=ORIENTED_EDGE('',*,*,#1957,.T.);
#2704=ORIENTED_EDGE('',*,*,#1958,.T.);
#2705=ORIENTED_EDGE('',*,*,#1833,.F.);
#2706=ORIENTED_EDGE('',*,*,#1900,.T.);
#2707=ORIENTED_EDGE('',*,*,#1929,.T.);
#2708=ORIENTED_EDGE('',*,*,#1959,.T.);
#2709=ORIENTED_EDGE('',*,*,#1957,.F.);
#2710=ORIENTED_EDGE('',*,*,#1884,.F.);
#2711=ORIENTED_EDGE('',*,*,#1953,.T.);
#2712=ORIENTED_EDGE('',*,*,#1801,.T.);
#2713=ORIENTED_EDGE('',*,*,#1960,.T.);
#2714=ORIENTED_EDGE('',*,*,#1890,.F.);
#2715=ORIENTED_EDGE('',*,*,#1955,.F.);
#2716=ORIENTED_EDGE('',*,*,#1892,.F.);
#2717=ORIENTED_EDGE('',*,*,#1961,.T.);
#2718=ORIENTED_EDGE('',*,*,#1938,.T.);
#2719=ORIENTED_EDGE('',*,*,#1887,.F.);
#2720=ORIENTED_EDGE('',*,*,#1960,.F.);
#2721=ORIENTED_EDGE('',*,*,#1804,.T.);
#2722=ORIENTED_EDGE('',*,*,#1962,.F.);
#2723=ORIENTED_EDGE('',*,*,#1963,.T.);
#2724=ORIENTED_EDGE('',*,*,#1962,.T.);
#2725=ORIENTED_EDGE('',*,*,#1803,.T.);
#2726=ORIENTED_EDGE('',*,*,#1952,.T.);
#2727=ORIENTED_EDGE('',*,*,#1949,.F.);
#2728=ORIENTED_EDGE('',*,*,#1713,.T.);
#2729=ORIENTED_EDGE('',*,*,#1787,.F.);
#2730=ORIENTED_EDGE('',*,*,#1964,.T.);
#2731=ORIENTED_EDGE('',*,*,#1965,.T.);
#2732=ORIENTED_EDGE('',*,*,#1964,.F.);
#2733=ORIENTED_EDGE('',*,*,#1799,.F.);
#2734=ORIENTED_EDGE('',*,*,#1798,.T.);
#2735=ORIENTED_EDGE('',*,*,#1940,.T.);
#2736=ORIENTED_EDGE('',*,*,#1966,.T.);
#2737=ORIENTED_EDGE('',*,*,#1941,.T.);
#2738=ORIENTED_EDGE('',*,*,#1796,.T.);
#2739=ORIENTED_EDGE('',*,*,#1800,.F.);
#2740=ORIENTED_EDGE('',*,*,#1967,.F.);
#2741=ORIENTED_EDGE('',*,*,#1968,.T.);
#2742=ORIENTED_EDGE('',*,*,#1967,.T.);
#2743=ORIENTED_EDGE('',*,*,#1785,.F.);
#2744=ORIENTED_EDGE('',*,*,#1735,.T.);
#2745=ORIENTED_EDGE('',*,*,#1734,.T.);
#2746=ORIENTED_EDGE('',*,*,#1969,.F.);
#2747=ORIENTED_EDGE('',*,*,#1970,.T.);
#2748=ORIENTED_EDGE('',*,*,#1807,.T.);
#2749=ORIENTED_EDGE('',*,*,#1971,.T.);
#2750=ORIENTED_EDGE('',*,*,#1972,.T.);
#2751=ORIENTED_EDGE('',*,*,#1971,.F.);
#2752=ORIENTED_EDGE('',*,*,#1806,.F.);
#2753=ORIENTED_EDGE('',*,*,#1973,.F.);
#2754=ORIENTED_EDGE('',*,*,#1879,.T.);
#2755=ORIENTED_EDGE('',*,*,#1943,.T.);
#2756=ORIENTED_EDGE('',*,*,#1974,.T.);
#2757=ORIENTED_EDGE('',*,*,#1975,.T.);
#2758=ORIENTED_EDGE('',*,*,#1871,.F.);
#2759=ORIENTED_EDGE('',*,*,#1946,.T.);
#2760=ORIENTED_EDGE('',*,*,#1976,.T.);
#2761=ORIENTED_EDGE('',*,*,#1944,.T.);
#2762=ORIENTED_EDGE('',*,*,#1881,.F.);
#2763=ORIENTED_EDGE('',*,*,#1977,.T.);
#2764=ORIENTED_EDGE('',*,*,#1978,.T.);
#2765=ORIENTED_EDGE('',*,*,#1977,.F.);
#2766=ORIENTED_EDGE('',*,*,#1880,.F.);
#2767=ORIENTED_EDGE('',*,*,#1973,.T.);
#2768=ORIENTED_EDGE('',*,*,#1805,.T.);
#2769=ORIENTED_EDGE('',*,*,#1979,.T.);
#2770=ORIENTED_EDGE('',*,*,#1872,.T.);
#2771=ORIENTED_EDGE('',*,*,#1975,.F.);
#2772=ORIENTED_EDGE('',*,*,#1878,.F.);
#2773=ORIENTED_EDGE('',*,*,#1980,.T.);
#2774=ORIENTED_EDGE('',*,*,#1865,.F.);
#2775=ORIENTED_EDGE('',*,*,#1897,.T.);
#2776=ORIENTED_EDGE('',*,*,#1924,.T.);
#2777=ORIENTED_EDGE('',*,*,#1981,.T.);
#2778=ORIENTED_EDGE('',*,*,#1947,.T.);
#2779=ORIENTED_EDGE('',*,*,#1873,.F.);
#2780=ORIENTED_EDGE('',*,*,#1979,.F.);
#2781=ORIENTED_EDGE('',*,*,#1808,.T.);
#2782=ORIENTED_EDGE('',*,*,#1970,.F.);
#2783=ORIENTED_EDGE('',*,*,#1982,.F.);
#2784=ORIENTED_EDGE('',*,*,#1983,.T.);
#2785=ORIENTED_EDGE('',*,*,#1982,.T.);
#2786=ORIENTED_EDGE('',*,*,#1969,.T.);
#2787=ORIENTED_EDGE('',*,*,#1733,.T.);
#2788=ORIENTED_EDGE('',*,*,#1921,.T.);
#2789=ORIENTED_EDGE('',*,*,#1551,.F.);
#2790=ORIENTED_EDGE('',*,*,#1984,.T.);
#2791=ORIENTED_EDGE('',*,*,#1930,.F.);
#2792=ORIENTED_EDGE('',*,*,#1948,.F.);
#2793=ORIENTED_EDGE('',*,*,#1951,.F.);
#2794=ORIENTED_EDGE('',*,*,#1933,.F.);
#2795=ORIENTED_EDGE('',*,*,#1956,.F.);
#2796=ORIENTED_EDGE('',*,*,#1959,.F.);
#2797=ORIENTED_EDGE('',*,*,#1954,.F.);
#2798=ORIENTED_EDGE('',*,*,#1936,.F.);
#2799=ORIENTED_EDGE('',*,*,#1961,.F.);
#2800=ORIENTED_EDGE('',*,*,#1963,.F.);
#2801=ORIENTED_EDGE('',*,*,#1965,.F.);
#2802=ORIENTED_EDGE('',*,*,#1939,.F.);
#2803=ORIENTED_EDGE('',*,*,#1966,.F.);
#2804=ORIENTED_EDGE('',*,*,#1968,.F.);
#2805=ORIENTED_EDGE('',*,*,#1972,.F.);
#2806=ORIENTED_EDGE('',*,*,#1942,.F.);
#2807=ORIENTED_EDGE('',*,*,#1976,.F.);
#2808=ORIENTED_EDGE('',*,*,#1978,.F.);
#2809=ORIENTED_EDGE('',*,*,#1974,.F.);
#2810=ORIENTED_EDGE('',*,*,#1945,.F.);
#2811=ORIENTED_EDGE('',*,*,#1981,.F.);
#2812=ORIENTED_EDGE('',*,*,#1983,.F.);
#2813=ORIENTED_EDGE('',*,*,#1920,.F.);
#2814=ORIENTED_EDGE('',*,*,#1753,.F.);
#2815=ORIENTED_EDGE('',*,*,#1855,.F.);
#2816=ORIENTED_EDGE('',*,*,#1922,.F.);
#2817=ORIENTED_EDGE('',*,*,#1894,.F.);
#2818=ORIENTED_EDGE('',*,*,#1860,.F.);
#2819=ORIENTED_EDGE('',*,*,#1980,.F.);
#2820=ORIENTED_EDGE('',*,*,#1923,.F.);
#2821=ORIENTED_EDGE('',*,*,#1867,.F.);
#2822=ORIENTED_EDGE('',*,*,#1985,.F.);
#2823=ORIENTED_EDGE('',*,*,#1986,.F.);
#2824=ORIENTED_EDGE('',*,*,#1925,.F.);
#2825=ORIENTED_EDGE('',*,*,#1853,.F.);
#2826=ORIENTED_EDGE('',*,*,#1918,.F.);
#2827=ORIENTED_EDGE('',*,*,#1919,.F.);
#2828=ORIENTED_EDGE('',*,*,#1907,.F.);
#2829=ORIENTED_EDGE('',*,*,#1927,.F.);
#2830=ORIENTED_EDGE('',*,*,#1904,.F.);
#2831=ORIENTED_EDGE('',*,*,#1826,.F.);
#2832=ORIENTED_EDGE('',*,*,#1958,.F.);
#2833=ORIENTED_EDGE('',*,*,#1928,.F.);
#2834=ORIENTED_EDGE('',*,*,#1913,.F.);
#2835=ORIENTED_EDGE('',*,*,#1757,.F.);
#2836=ORIENTED_EDGE('',*,*,#1931,.F.);
#2837=ORIENTED_EDGE('',*,*,#1984,.F.);
#2838=ORIENTED_EDGE('',*,*,#1743,.T.);
#2839=ORIENTED_EDGE('',*,*,#1738,.F.);
#2840=ORIENTED_EDGE('',*,*,#1763,.F.);
#2841=ORIENTED_EDGE('',*,*,#1793,.T.);
#2842=ORIENTED_EDGE('',*,*,#1810,.T.);
#2843=ORIENTED_EDGE('',*,*,#1811,.T.);
#2844=ORIENTED_EDGE('',*,*,#1795,.T.);
#2845=ORIENTED_EDGE('',*,*,#1766,.F.);
#2846=ORIENTED_EDGE('',*,*,#1724,.T.);
#2847=ORIENTED_EDGE('',*,*,#1780,.T.);
#2848=ORIENTED_EDGE('',*,*,#1778,.T.);
#2849=ORIENTED_EDGE('',*,*,#1775,.T.);
#2850=ORIENTED_EDGE('',*,*,#1772,.T.);
#2851=ORIENTED_EDGE('',*,*,#1769,.T.);
#2852=ORIENTED_EDGE('',*,*,#1710,.F.);
#2853=ORIENTED_EDGE('',*,*,#1720,.T.);
#2854=ORIENTED_EDGE('',*,*,#1848,.T.);
#2855=ORIENTED_EDGE('',*,*,#1843,.T.);
#2856=ORIENTED_EDGE('',*,*,#1839,.T.);
#2857=ORIENTED_EDGE('',*,*,#1835,.T.);
#2858=ORIENTED_EDGE('',*,*,#1749,.T.);
#2859=ORIENTED_EDGE('',*,*,#1926,.F.);
#2860=ORIENTED_EDGE('',*,*,#1986,.T.);
#2861=ORIENTED_EDGE('',*,*,#1987,.F.);
#2862=ORIENTED_EDGE('',*,*,#1750,.T.);
#2863=ORIENTED_EDGE('',*,*,#1987,.T.);
#2864=ORIENTED_EDGE('',*,*,#1985,.T.);
#2865=ORIENTED_EDGE('',*,*,#1870,.T.);
#2866=ORIENTED_EDGE('',*,*,#1824,.T.);
#2867=ORIENTED_EDGE('',*,*,#1856,.T.);
#2868=ORIENTED_EDGE('',*,*,#1755,.F.);
#2869=ORIENTED_EDGE('',*,*,#1730,.T.);
#2870=ORIENTED_EDGE('',*,*,#1988,.T.);
#2871=ORIENTED_EDGE('',*,*,#1751,.T.);
#2872=ORIENTED_EDGE('',*,*,#1988,.F.);
#2873=ORIENTED_EDGE('',*,*,#1729,.T.);
#2874=ORIENTED_EDGE('',*,*,#1989,.F.);
#2875=ORIENTED_EDGE('',*,*,#1752,.T.);
#2876=ORIENTED_EDGE('',*,*,#1989,.T.);
#2877=ORIENTED_EDGE('',*,*,#1728,.T.);
#2878=ORIENTED_EDGE('',*,*,#1602,.F.);
#2879=ORIENTED_EDGE('',*,*,#1594,.F.);
#2880=CYLINDRICAL_SURFACE('',#3093,3.24999999999999);
#2881=CYLINDRICAL_SURFACE('',#3098,1.25);
#2882=CYLINDRICAL_SURFACE('',#3113,12.6);
#2883=CYLINDRICAL_SURFACE('',#3141,1.);
#2884=CYLINDRICAL_SURFACE('',#3146,1.);
#2885=CYLINDRICAL_SURFACE('',#3149,1.);
#2886=CYLINDRICAL_SURFACE('',#3155,2.00000000000001);
#2887=CYLINDRICAL_SURFACE('',#3168,1.);
#2888=CYLINDRICAL_SURFACE('',#3173,1.00000000000001);
#2889=CYLINDRICAL_SURFACE('',#3174,1.00000000000001);
#2890=CYLINDRICAL_SURFACE('',#3175,1.);
#2891=CYLINDRICAL_SURFACE('',#3177,2.);
#2892=CYLINDRICAL_SURFACE('',#3179,4.49999999999999);
#2893=CYLINDRICAL_SURFACE('',#3197,3.);
#2894=CYLINDRICAL_SURFACE('',#3208,2.50000000000011);
#2895=CYLINDRICAL_SURFACE('',#3211,2.5);
#2896=CYLINDRICAL_SURFACE('',#3214,3.);
#2897=CYLINDRICAL_SURFACE('',#3217,3.675);
#2898=CYLINDRICAL_SURFACE('',#3224,2.50000000000014);
#2899=CYLINDRICAL_SURFACE('',#3233,1.00000000000001);
#2900=CYLINDRICAL_SURFACE('',#3237,1.00000000000001);
#2901=CYLINDRICAL_SURFACE('',#3241,1.00000000000001);
#2902=CYLINDRICAL_SURFACE('',#3246,1.00000000000001);
#2903=CYLINDRICAL_SURFACE('',#3260,1.);
#2904=CYLINDRICAL_SURFACE('',#3265,1.);
#2905=CYLINDRICAL_SURFACE('',#3267,1.);
#2906=CYLINDRICAL_SURFACE('',#3268,3.);
#2907=CYLINDRICAL_SURFACE('',#3273,3.);
#2908=CYLINDRICAL_SURFACE('',#3275,1.);
#2909=CYLINDRICAL_SURFACE('',#3277,2.50000000000002);
#2910=CYLINDRICAL_SURFACE('',#3280,4.50000000000005);
#2911=CYLINDRICAL_SURFACE('',#3319,3.);
#2912=CYLINDRICAL_SURFACE('',#3321,3.);
#2913=CYLINDRICAL_SURFACE('',#3323,3.);
#2914=CYLINDRICAL_SURFACE('',#3334,3.);
#2915=CYLINDRICAL_SURFACE('',#3336,3.);
#2916=CYLINDRICAL_SURFACE('',#3340,3.);
#2917=CYLINDRICAL_SURFACE('',#3344,21.0000000000004);
#2918=CYLINDRICAL_SURFACE('',#3355,4.49999999999992);
#2919=CYLINDRICAL_SURFACE('',#3357,4.49999999999989);
#2920=ADVANCED_FACE('',(#176),#2880,.F.);
#2921=ADVANCED_FACE('',(#177,#47),#61,.T.);
#2922=ADVANCED_FACE('',(#178),#2881,.F.);
#2923=ADVANCED_FACE('',(#179,#48),#62,.T.);
#2924=ADVANCED_FACE('',(#180),#63,.T.);
#2925=ADVANCED_FACE('',(#181),#64,.T.);
#2926=ADVANCED_FACE('',(#182),#65,.T.);
#2927=ADVANCED_FACE('',(#183),#66,.T.);
#2928=ADVANCED_FACE('',(#184),#67,.T.);
#2929=ADVANCED_FACE('',(#185),#68,.T.);
#2930=ADVANCED_FACE('',(#186),#69,.T.);
#2931=ADVANCED_FACE('',(#187,#49),#70,.T.);
#2932=ADVANCED_FACE('',(#188),#71,.T.);
#2933=ADVANCED_FACE('',(#189),#72,.T.);
#2934=ADVANCED_FACE('',(#190,#50),#2882,.F.);
#2935=ADVANCED_FACE('',(#191,#51),#73,.T.);
#2936=ADVANCED_FACE('',(#192),#74,.T.);
#2937=ADVANCED_FACE('',(#193),#75,.T.);
#2938=ADVANCED_FACE('',(#194),#76,.F.);
#2939=ADVANCED_FACE('',(#195),#77,.F.);
#2940=ADVANCED_FACE('',(#196),#78,.T.);
#2941=ADVANCED_FACE('',(#197),#79,.T.);
#2942=ADVANCED_FACE('',(#198),#80,.T.);
#2943=ADVANCED_FACE('',(#199),#81,.T.);
#2944=ADVANCED_FACE('',(#200),#82,.T.);
#2945=ADVANCED_FACE('',(#201),#83,.F.);
#2946=ADVANCED_FACE('',(#202),#84,.T.);
#2947=ADVANCED_FACE('',(#203),#85,.T.);
#2948=ADVANCED_FACE('',(#204),#86,.T.);
#2949=ADVANCED_FACE('',(#205),#87,.T.);
#2950=ADVANCED_FACE('',(#206),#2883,.T.);
#2951=ADVANCED_FACE('',(#207),#88,.T.);
#2952=ADVANCED_FACE('',(#208),#2884,.F.);
#2953=ADVANCED_FACE('',(#209),#89,.F.);
#2954=ADVANCED_FACE('',(#210),#2885,.F.);
#2955=ADVANCED_FACE('',(#211),#90,.T.);
#2956=ADVANCED_FACE('',(#212),#91,.T.);
#2957=ADVANCED_FACE('',(#213,#52,#53),#2886,.T.);
#2958=ADVANCED_FACE('',(#214),#92,.T.);
#2959=ADVANCED_FACE('',(#215),#19,.T.);
#2960=ADVANCED_FACE('',(#216),#93,.T.);
#2961=ADVANCED_FACE('',(#217),#94,.T.);
#2962=ADVANCED_FACE('',(#218),#15,.F.);
#2963=ADVANCED_FACE('',(#219),#16,.T.);
#2964=ADVANCED_FACE('',(#220),#95,.F.);
#2965=ADVANCED_FACE('',(#221),#96,.T.);
#2966=ADVANCED_FACE('',(#222),#2887,.T.);
#2967=ADVANCED_FACE('',(#223),#97,.F.);
#2968=ADVANCED_FACE('',(#224),#98,.F.);
#2969=ADVANCED_FACE('',(#225),#17,.F.);
#2970=ADVANCED_FACE('',(#226),#2888,.T.);
#2971=ADVANCED_FACE('',(#227),#2889,.T.);
#2972=ADVANCED_FACE('',(#228),#2890,.T.);
#2973=ADVANCED_FACE('',(#229),#99,.T.);
#2974=ADVANCED_FACE('',(#230),#2891,.T.);
#2975=ADVANCED_FACE('',(#231),#100,.T.);
#2976=ADVANCED_FACE('',(#232),#2892,.T.);
#2977=ADVANCED_FACE('',(#233),#101,.T.);
#2978=ADVANCED_FACE('',(#234),#102,.F.);
#2979=ADVANCED_FACE('',(#235),#103,.T.);
#2980=ADVANCED_FACE('',(#236,#54),#104,.T.);
#2981=ADVANCED_FACE('',(#237),#105,.F.);
#2982=ADVANCED_FACE('',(#238),#106,.T.);
#2983=ADVANCED_FACE('',(#239),#107,.F.);
#2984=ADVANCED_FACE('',(#240),#108,.T.);
#2985=ADVANCED_FACE('',(#241),#109,.T.);
#2986=ADVANCED_FACE('',(#242),#110,.T.);
#2987=ADVANCED_FACE('',(#243),#111,.T.);
#2988=ADVANCED_FACE('',(#244),#112,.F.);
#2989=ADVANCED_FACE('',(#245),#113,.T.);
#2990=ADVANCED_FACE('',(#246),#2893,.T.);
#2991=ADVANCED_FACE('',(#247),#114,.T.);
#2992=ADVANCED_FACE('',(#248),#115,.T.);
#2993=ADVANCED_FACE('',(#249),#116,.F.);
#2994=ADVANCED_FACE('',(#250,#55),#117,.F.);
#2995=ADVANCED_FACE('',(#251),#118,.T.);
#2996=ADVANCED_FACE('',(#252),#119,.T.);
#2997=ADVANCED_FACE('',(#253),#120,.F.);
#2998=ADVANCED_FACE('',(#254),#2894,.F.);
#2999=ADVANCED_FACE('',(#255),#2895,.F.);
#3000=ADVANCED_FACE('',(#256),#2896,.T.);
#3001=ADVANCED_FACE('',(#257),#121,.T.);
#3002=ADVANCED_FACE('',(#258),#2897,.F.);
#3003=ADVANCED_FACE('',(#259),#122,.F.);
#3004=ADVANCED_FACE('',(#260),#123,.T.);
#3005=ADVANCED_FACE('',(#261),#124,.T.);
#3006=ADVANCED_FACE('',(#262,#56),#125,.T.);
#3007=ADVANCED_FACE('',(#263),#126,.T.);
#3008=ADVANCED_FACE('',(#264),#2898,.F.);
#3009=ADVANCED_FACE('',(#265,#57),#127,.T.);
#3010=ADVANCED_FACE('',(#266),#2899,.F.);
#3011=ADVANCED_FACE('',(#267),#2900,.F.);
#3012=ADVANCED_FACE('',(#268),#2901,.F.);
#3013=ADVANCED_FACE('',(#269),#2902,.F.);
#3014=ADVANCED_FACE('',(#270),#128,.F.);
#3015=ADVANCED_FACE('',(#271),#129,.T.);
#3016=ADVANCED_FACE('',(#272,#58),#130,.T.);
#3017=ADVANCED_FACE('',(#273),#131,.T.);
#3018=ADVANCED_FACE('',(#274),#132,.T.);
#3019=ADVANCED_FACE('',(#275),#133,.F.);
#3020=ADVANCED_FACE('',(#276),#2903,.F.);
#3021=ADVANCED_FACE('',(#277),#134,.T.);
#3022=ADVANCED_FACE('',(#278),#135,.T.);
#3023=ADVANCED_FACE('',(#279),#136,.T.);
#3024=ADVANCED_FACE('',(#280),#2904,.F.);
#3025=ADVANCED_FACE('',(#281),#2905,.F.);
#3026=ADVANCED_FACE('',(#282),#2906,.T.);
#3027=ADVANCED_FACE('',(#283),#137,.F.);
#3028=ADVANCED_FACE('',(#284),#138,.F.);
#3029=ADVANCED_FACE('',(#285),#139,.F.);
#3030=ADVANCED_FACE('',(#286),#2907,.T.);
#3031=ADVANCED_FACE('',(#287),#2908,.F.);
#3032=ADVANCED_FACE('',(#288),#140,.T.);
#3033=ADVANCED_FACE('',(#289),#2909,.F.);
#3034=ADVANCED_FACE('',(#290),#141,.T.);
#3035=ADVANCED_FACE('',(#291),#2910,.T.);
#3036=ADVANCED_FACE('',(#292),#142,.T.);
#3037=ADVANCED_FACE('',(#293),#143,.T.);
#3038=ADVANCED_FACE('',(#294),#144,.T.);
#3039=ADVANCED_FACE('',(#295),#145,.T.);
#3040=ADVANCED_FACE('',(#296),#146,.T.);
#3041=ADVANCED_FACE('',(#297),#147,.T.);
#3042=ADVANCED_FACE('',(#298),#148,.T.);
#3043=ADVANCED_FACE('',(#299),#149,.T.);
#3044=ADVANCED_FACE('',(#300),#150,.T.);
#3045=ADVANCED_FACE('',(#301),#151,.T.);
#3046=ADVANCED_FACE('',(#302),#152,.T.);
#3047=ADVANCED_FACE('',(#303),#153,.T.);
#3048=ADVANCED_FACE('',(#304),#154,.T.);
#3049=ADVANCED_FACE('',(#305),#155,.T.);
#3050=ADVANCED_FACE('',(#306),#156,.T.);
#3051=ADVANCED_FACE('',(#307),#157,.T.);
#3052=ADVANCED_FACE('',(#308),#2911,.T.);
#3053=ADVANCED_FACE('',(#309),#2912,.T.);
#3054=ADVANCED_FACE('',(#310),#2913,.T.);
#3055=ADVANCED_FACE('',(#311,#59),#158,.T.);
#3056=ADVANCED_FACE('',(#312),#159,.T.);
#3057=ADVANCED_FACE('',(#313),#160,.T.);
#3058=ADVANCED_FACE('',(#314),#161,.F.);
#3059=ADVANCED_FACE('',(#315),#162,.F.);
#3060=ADVANCED_FACE('',(#316),#163,.T.);
#3061=ADVANCED_FACE('',(#317),#164,.T.);
#3062=ADVANCED_FACE('',(#318),#2914,.T.);
#3063=ADVANCED_FACE('',(#319),#2915,.T.);
#3064=ADVANCED_FACE('',(#320,#60),#165,.T.);
#3065=ADVANCED_FACE('',(#321),#2916,.T.);
#3066=ADVANCED_FACE('',(#322),#166,.T.);
#3067=ADVANCED_FACE('',(#323),#167,.T.);
#3068=ADVANCED_FACE('',(#324),#2917,.F.);
#3069=ADVANCED_FACE('',(#325),#168,.T.);
#3070=ADVANCED_FACE('',(#326),#169,.T.);
#3071=ADVANCED_FACE('',(#327),#170,.F.);
#3072=ADVANCED_FACE('',(#328),#171,.F.);
#3073=ADVANCED_FACE('',(#329),#172,.F.);
#3074=ADVANCED_FACE('',(#330),#173,.F.);
#3075=ADVANCED_FACE('',(#331),#174,.T.);
#3076=ADVANCED_FACE('',(#332),#175,.T.);
#3077=ADVANCED_FACE('',(#333),#2918,.T.);
#3078=ADVANCED_FACE('',(#334),#2919,.T.);
#3079=CLOSED_SHELL('',(#2920,#2921,#2922,#2923,#2924,#2925,#2926,#2927,
#2928,#2929,#2930,#2931,#2932,#2933,#2934,#2935,#2936,#2937,#2938,#2939,
#2940,#2941,#2942,#2943,#2944,#2945,#2946,#2947,#2948,#2949,#2950,#2951,
#2952,#2953,#2954,#2955,#2956,#2957,#2958,#2959,#2960,#2961,#2962,#2963,
#2964,#2965,#2966,#2967,#2968,#2969,#2970,#2971,#2972,#2973,#2974,#2975,
#2976,#2977,#2978,#2979,#2980,#2981,#2982,#2983,#2984,#2985,#2986,#2987,
#2988,#2989,#2990,#2991,#2992,#2993,#2994,#2995,#2996,#2997,#2998,#2999,
#3000,#3001,#3002,#3003,#3004,#3005,#3006,#3007,#3008,#3009,#3010,#3011,
#3012,#3013,#3014,#3015,#3016,#3017,#3018,#3019,#3020,#3021,#3022,#3023,
#3024,#3025,#3026,#3027,#3028,#3029,#3030,#3031,#3032,#3033,#3034,#3035,
#3036,#3037,#3038,#3039,#3040,#3041,#3042,#3043,#3044,#3045,#3046,#3047,
#3048,#3049,#3050,#3051,#3052,#3053,#3054,#3055,#3056,#3057,#3058,#3059,
#3060,#3061,#3062,#3063,#3064,#3065,#3066,#3067,#3068,#3069,#3070,#3071,
#3072,#3073,#3074,#3075,#3076,#3077,#3078));
#3080=DERIVED_UNIT_ELEMENT(#3082,1.);
#3081=DERIVED_UNIT_ELEMENT(#5361,-3.);
#3082=(
MASS_UNIT()
NAMED_UNIT(*)
SI_UNIT(.KILO.,.GRAM.)
);
#3083=DERIVED_UNIT((#3080,#3081));
#3084=MEASURE_REPRESENTATION_ITEM('density measure',
POSITIVE_RATIO_MEASURE(7850.),#3083);
#3085=PROPERTY_DEFINITION_REPRESENTATION(#3090,#3087);
#3086=PROPERTY_DEFINITION_REPRESENTATION(#3091,#3088);
#3087=REPRESENTATION('material name',(#3089),#5358);
#3088=REPRESENTATION('density',(#3084),#5358);
#3089=DESCRIPTIVE_REPRESENTATION_ITEM('Steel','Steel');
#3090=PROPERTY_DEFINITION('material property','material name',#5368);
#3091=PROPERTY_DEFINITION('material property','density of part',#5368);
#3092=AXIS2_PLACEMENT_3D('',#4216,#3358,#3359);
#3093=AXIS2_PLACEMENT_3D('',#4217,#3360,#3361);
#3094=AXIS2_PLACEMENT_3D('',#4219,#3362,#3363);
#3095=AXIS2_PLACEMENT_3D('',#4222,#3365,#3366);
#3096=AXIS2_PLACEMENT_3D('',#4223,#3367,#3368);
#3097=AXIS2_PLACEMENT_3D('',#4225,#3369,#3370);
#3098=AXIS2_PLACEMENT_3D('',#4226,#3371,#3372);
#3099=AXIS2_PLACEMENT_3D('',#4263,#3374,#3375);
#3100=AXIS2_PLACEMENT_3D('',#4265,#3376,#3377);
#3101=AXIS2_PLACEMENT_3D('',#4267,#3378,#3379);
#3102=AXIS2_PLACEMENT_3D('',#4268,#3380,#3381);
#3103=AXIS2_PLACEMENT_3D('',#4279,#3387,#3388);
#3104=AXIS2_PLACEMENT_3D('',#4285,#3392,#3393);
#3105=AXIS2_PLACEMENT_3D('',#4295,#3399,#3400);
#3106=AXIS2_PLACEMENT_3D('',#4301,#3404,#3405);
#3107=AXIS2_PLACEMENT_3D('',#4309,#3410,#3411);
#3108=AXIS2_PLACEMENT_3D('',#4315,#3415,#3416);
#3109=AXIS2_PLACEMENT_3D('',#4318,#3419,#3420);
#3110=AXIS2_PLACEMENT_3D('',#4320,#3421,#3422);
#3111=AXIS2_PLACEMENT_3D('',#4321,#3423,#3424);
#3112=AXIS2_PLACEMENT_3D('',#4331,#3430,#3431);
#3113=AXIS2_PLACEMENT_3D('',#4339,#3436,#3437);
#3114=AXIS2_PLACEMENT_3D('',#4341,#3439,#3440);
#3115=AXIS2_PLACEMENT_3D('',#4349,#3445,#3446);
#3116=AXIS2_PLACEMENT_3D('',#4353,#3448,#3449);
#3117=AXIS2_PLACEMENT_3D('',#4357,#3452,#3453);
#3118=AXIS2_PLACEMENT_3D('',#4364,#3457,#3458);
#3119=AXIS2_PLACEMENT_3D('',#4365,#3459,#3460);
#3120=AXIS2_PLACEMENT_3D('',#4369,#3462,#3463);
#3121=AXIS2_PLACEMENT_3D('',#4371,#3465,#3466);
#3122=AXIS2_PLACEMENT_3D('',#4378,#3470,#3471);
#3123=AXIS2_PLACEMENT_3D('',#4379,#3472,#3473);
#3124=AXIS2_PLACEMENT_3D('',#4394,#3480,#3481);
#3125=AXIS2_PLACEMENT_3D('',#4398,#3483,#3484);
#3126=AXIS2_PLACEMENT_3D('',#4409,#3485,#3486);
#3127=AXIS2_PLACEMENT_3D('',#4414,#3488,#3489);
#3128=AXIS2_PLACEMENT_3D('',#4416,#3490,#3491);
#3129=AXIS2_PLACEMENT_3D('',#4421,#3495,#3496);
#3130=AXIS2_PLACEMENT_3D('',#4438,#3506,#3507);
#3131=AXIS2_PLACEMENT_3D('',#4442,#3510,#3511);
#3132=AXIS2_PLACEMENT_3D('',#4446,#3514,#3515);
#3133=AXIS2_PLACEMENT_3D('',#4462,#3525,#3526);
#3134=AXIS2_PLACEMENT_3D('',#4464,#3528,#3529);
#3135=AXIS2_PLACEMENT_3D('',#4465,#3530,#3531);
#3136=AXIS2_PLACEMENT_3D('',#4478,#3532,#3533);
#3137=AXIS2_PLACEMENT_3D('',#4482,#3535,#3536);
#3138=AXIS2_PLACEMENT_3D('',#4488,#3540,#3541);
#3139=AXIS2_PLACEMENT_3D('',#4490,#3542,#3543);
#3140=AXIS2_PLACEMENT_3D('',#4493,#3545,#3546);
#3141=AXIS2_PLACEMENT_3D('',#4494,#3547,#3548);
#3142=AXIS2_PLACEMENT_3D('',#4502,#3552,#3553);
#3143=AXIS2_PLACEMENT_3D('',#4504,#3554,#3555);
#3144=AXIS2_PLACEMENT_3D('',#4506,#3557,#3558);
#3145=AXIS2_PLACEMENT_3D('',#4508,#3560,#3561);
#3146=AXIS2_PLACEMENT_3D('',#4509,#3562,#3563);
#3147=AXIS2_PLACEMENT_3D('',#4510,#3564,#3565);
#3148=AXIS2_PLACEMENT_3D('',#4511,#3566,#3567);
#3149=AXIS2_PLACEMENT_3D('',#4515,#3570,#3571);
#3150=AXIS2_PLACEMENT_3D('',#4516,#3572,#3573);
#3151=AXIS2_PLACEMENT_3D('',#4517,#3574,#3575);
#3152=AXIS2_PLACEMENT_3D('',#4519,#3576,#3577);
#3153=AXIS2_PLACEMENT_3D('',#4522,#3579,#3580);
#3154=AXIS2_PLACEMENT_3D('',#4523,#3581,#3582);
#3155=AXIS2_PLACEMENT_3D('',#4529,#3586,#3587);
#3156=AXIS2_PLACEMENT_3D('',#4530,#3588,#3589);
#3157=AXIS2_PLACEMENT_3D('',#4574,#3592,#3593);
#3158=AXIS2_PLACEMENT_3D('',#4575,#3594,#3595);
#3159=AXIS2_PLACEMENT_3D('',#4577,#3597,#3598);
#3160=AXIS2_PLACEMENT_3D('',#4581,#3599,#3600);
#3161=AXIS2_PLACEMENT_3D('',#4582,#3601,#3602);
#3162=AXIS2_PLACEMENT_3D('',#4608,#3604,#3605);
#3163=AXIS2_PLACEMENT_3D('',#4610,#3606,#3607);
#3164=AXIS2_PLACEMENT_3D('',#4678,#3612,#3613);
#3165=AXIS2_PLACEMENT_3D('',#4683,#3616,#3617);
#3166=AXIS2_PLACEMENT_3D('',#4685,#3618,#3619);
#3167=AXIS2_PLACEMENT_3D('',#4710,#3621,#3622);
#3168=AXIS2_PLACEMENT_3D('',#4713,#3625,#3626);
#3169=AXIS2_PLACEMENT_3D('',#4714,#3627,#3628);
#3170=AXIS2_PLACEMENT_3D('',#4715,#3629,#3630);
#3171=AXIS2_PLACEMENT_3D('',#4716,#3631,#3632);
#3172=AXIS2_PLACEMENT_3D('',#4717,#3633,#3634);
#3173=AXIS2_PLACEMENT_3D('',#4776,#3637,#3638);
#3174=AXIS2_PLACEMENT_3D('',#4777,#3639,#3640);
#3175=AXIS2_PLACEMENT_3D('',#4778,#3641,#3642);
#3176=AXIS2_PLACEMENT_3D('',#4780,#3644,#3645);
#3177=AXIS2_PLACEMENT_3D('',#4781,#3646,#3647);
#3178=AXIS2_PLACEMENT_3D('',#4782,#3648,#3649);
#3179=AXIS2_PLACEMENT_3D('',#4783,#3650,#3651);
#3180=AXIS2_PLACEMENT_3D('',#4787,#3653,#3654);
#3181=AXIS2_PLACEMENT_3D('',#4789,#3656,#3657);
#3182=AXIS2_PLACEMENT_3D('',#4809,#3668,#3669);
#3183=AXIS2_PLACEMENT_3D('',#4813,#3672,#3673);
#3184=AXIS2_PLACEMENT_3D('',#4821,#3678,#3679);
#3185=AXIS2_PLACEMENT_3D('',#4826,#3682,#3683);
#3186=AXIS2_PLACEMENT_3D('',#4827,#3684,#3685);
#3187=AXIS2_PLACEMENT_3D('',#4851,#3698,#3699);
#3188=AXIS2_PLACEMENT_3D('',#4857,#3703,#3704);
#3189=AXIS2_PLACEMENT_3D('',#4859,#3706,#3707);
#3190=AXIS2_PLACEMENT_3D('',#4877,#3717,#3718);
#3191=AXIS2_PLACEMENT_3D('',#4880,#3719,#3720);
#3192=AXIS2_PLACEMENT_3D('',#4885,#3724,#3725);
#3193=AXIS2_PLACEMENT_3D('',#4888,#3726,#3727);
#3194=AXIS2_PLACEMENT_3D('',#4893,#3731,#3732);
#3195=AXIS2_PLACEMENT_3D('',#4899,#3736,#3737);
#3196=AXIS2_PLACEMENT_3D('',#4905,#3741,#3742);
#3197=AXIS2_PLACEMENT_3D('',#4911,#3746,#3747);
#3198=AXIS2_PLACEMENT_3D('',#4915,#3749,#3750);
#3199=AXIS2_PLACEMENT_3D('',#4916,#3751,#3752);
#3200=AXIS2_PLACEMENT_3D('',#4917,#3753,#3754);
#3201=AXIS2_PLACEMENT_3D('',#4923,#3758,#3759);
#3202=AXIS2_PLACEMENT_3D('',#4929,#3763,#3764);
#3203=AXIS2_PLACEMENT_3D('',#4932,#3767,#3768);
#3204=AXIS2_PLACEMENT_3D('',#4938,#3771,#3772);
#3205=AXIS2_PLACEMENT_3D('',#4953,#3781,#3782);
#3206=AXIS2_PLACEMENT_3D('',#4957,#3785,#3786);
#3207=AXIS2_PLACEMENT_3D('',#4961,#3789,#3790);
#3208=AXIS2_PLACEMENT_3D('',#4971,#3796,#3797);
#3209=AXIS2_PLACEMENT_3D('',#4974,#3798,#3799);
#3210=AXIS2_PLACEMENT_3D('',#4978,#3801,#3802);
#3211=AXIS2_PLACEMENT_3D('',#4980,#3804,#3805);
#3212=AXIS2_PLACEMENT_3D('',#4983,#3806,#3807);
#3213=AXIS2_PLACEMENT_3D('',#4987,#3809,#3810);
#3214=AXIS2_PLACEMENT_3D('',#4989,#3812,#3813);
#3215=AXIS2_PLACEMENT_3D('',#4992,#3815,#3816);
#3216=AXIS2_PLACEMENT_3D('',#4993,#3817,#3818);
#3217=AXIS2_PLACEMENT_3D('',#4995,#3820,#3821);
#3218=AXIS2_PLACEMENT_3D('',#4998,#3823,#3824);
#3219=AXIS2_PLACEMENT_3D('',#4999,#3825,#3826);
#3220=AXIS2_PLACEMENT_3D('',#5008,#3831,#3832);
#3221=AXIS2_PLACEMENT_3D('',#5011,#3835,#3836);
#3222=AXIS2_PLACEMENT_3D('',#5013,#3838,#3839);
#3223=AXIS2_PLACEMENT_3D('',#5015,#3841,#3842);
#3224=AXIS2_PLACEMENT_3D('',#5016,#3843,#3844);
#3225=AXIS2_PLACEMENT_3D('',#5019,#3845,#3846);
#3226=AXIS2_PLACEMENT_3D('',#5023,#3848,#3849);
#3227=AXIS2_PLACEMENT_3D('',#5025,#3851,#3852);
#3228=AXIS2_PLACEMENT_3D('',#5028,#3853,#3854);
#3229=AXIS2_PLACEMENT_3D('',#5030,#3855,#3856);
#3230=AXIS2_PLACEMENT_3D('',#5036,#3859,#3860);
#3231=AXIS2_PLACEMENT_3D('',#5041,#3863,#3864);
#3232=AXIS2_PLACEMENT_3D('',#5043,#3865,#3866);
#3233=AXIS2_PLACEMENT_3D('',#5044,#3867,#3868);
#3234=AXIS2_PLACEMENT_3D('',#5046,#3869,#3870);
#3235=AXIS2_PLACEMENT_3D('',#5050,#3872,#3873);
#3236=AXIS2_PLACEMENT_3D('',#5051,#3874,#3875);
#3237=AXIS2_PLACEMENT_3D('',#5052,#3876,#3877);
#3238=AXIS2_PLACEMENT_3D('',#5054,#3878,#3879);
#3239=AXIS2_PLACEMENT_3D('',#5058,#3881,#3882);
#3240=AXIS2_PLACEMENT_3D('',#5059,#3883,#3884);
#3241=AXIS2_PLACEMENT_3D('',#5060,#3885,#3886);
#3242=AXIS2_PLACEMENT_3D('',#5062,#3887,#3888);
#3243=AXIS2_PLACEMENT_3D('',#5066,#3890,#3891);
#3244=AXIS2_PLACEMENT_3D('',#5068,#3892,#3893);
#3245=AXIS2_PLACEMENT_3D('',#5069,#3894,#3895);
#3246=AXIS2_PLACEMENT_3D('',#5070,#3896,#3897);
#3247=AXIS2_PLACEMENT_3D('',#5072,#3898,#3899);
#3248=AXIS2_PLACEMENT_3D('',#5076,#3901,#3902);
#3249=AXIS2_PLACEMENT_3D('',#5077,#3903,#3904);
#3250=AXIS2_PLACEMENT_3D('',#5078,#3905,#3906);
#3251=AXIS2_PLACEMENT_3D('',#5084,#3910,#3911);
#3252=AXIS2_PLACEMENT_3D('',#5093,#3917,#3918);
#3253=AXIS2_PLACEMENT_3D('',#5096,#3919,#3920);
#3254=AXIS2_PLACEMENT_3D('',#5098,#3921,#3922);
#3255=AXIS2_PLACEMENT_3D('',#5104,#3926,#3927);
#3256=AXIS2_PLACEMENT_3D('',#5106,#3928,#3929);
#3257=AXIS2_PLACEMENT_3D('',#5107,#3930,#3931);
#3258=AXIS2_PLACEMENT_3D('',#5115,#3936,#3937);
#3259=AXIS2_PLACEMENT_3D('',#5124,#3942,#3943);
#3260=AXIS2_PLACEMENT_3D('',#5128,#3946,#3947);
#3261=AXIS2_PLACEMENT_3D('',#5131,#3949,#3950);
#3262=AXIS2_PLACEMENT_3D('',#5132,#3951,#3952);
#3263=AXIS2_PLACEMENT_3D('',#5141,#3957,#3958);
#3264=AXIS2_PLACEMENT_3D('',#5150,#3963,#3964);
#3265=AXIS2_PLACEMENT_3D('',#5159,#3969,#3970);
#3266=AXIS2_PLACEMENT_3D('',#5162,#3972,#3973);
#3267=AXIS2_PLACEMENT_3D('',#5163,#3974,#3975);
#3268=AXIS2_PLACEMENT_3D('',#5165,#3977,#3978);
#3269=AXIS2_PLACEMENT_3D('',#5168,#3980,#3981);
#3270=AXIS2_PLACEMENT_3D('',#5169,#3982,#3983);
#3271=AXIS2_PLACEMENT_3D('',#5173,#3986,#3987);
#3272=AXIS2_PLACEMENT_3D('',#5179,#3991,#3992);
#3273=AXIS2_PLACEMENT_3D('',#5185,#3996,#3997);
#3274=AXIS2_PLACEMENT_3D('',#5188,#3999,#4000);
#3275=AXIS2_PLACEMENT_3D('',#5189,#4001,#4002);
#3276=AXIS2_PLACEMENT_3D('',#5191,#4004,#4005);
#3277=AXIS2_PLACEMENT_3D('',#5199,#4010,#4011);
#3278=AXIS2_PLACEMENT_3D('',#5201,#4012,#4013);
#3279=AXIS2_PLACEMENT_3D('',#5203,#4015,#4016);
#3280=AXIS2_PLACEMENT_3D('',#5208,#4020,#4021);
#3281=AXIS2_PLACEMENT_3D('',#5209,#4022,#4023);
#3282=AXIS2_PLACEMENT_3D('',#5210,#4024,#4025);
#3283=AXIS2_PLACEMENT_3D('',#5214,#4028,#4029);
#3284=AXIS2_PLACEMENT_3D('',#5215,#4030,#4031);
#3285=AXIS2_PLACEMENT_3D('',#5216,#4032,#4033);
#3286=AXIS2_PLACEMENT_3D('',#5218,#4034,#4035);
#3287=AXIS2_PLACEMENT_3D('',#5220,#4037,#4038);
#3288=AXIS2_PLACEMENT_3D('',#5221,#4039,#4040);
#3289=AXIS2_PLACEMENT_3D('',#5222,#4041,#4042);
#3290=AXIS2_PLACEMENT_3D('',#5224,#4043,#4044);
#3291=AXIS2_PLACEMENT_3D('',#5225,#4045,#4046);
#3292=AXIS2_PLACEMENT_3D('',#5226,#4047,#4048);
#3293=AXIS2_PLACEMENT_3D('',#5228,#4049,#4050);
#3294=AXIS2_PLACEMENT_3D('',#5230,#4052,#4053);
#3295=AXIS2_PLACEMENT_3D('',#5231,#4054,#4055);
#3296=AXIS2_PLACEMENT_3D('',#5232,#4056,#4057);
#3297=AXIS2_PLACEMENT_3D('',#5234,#4058,#4059);
#3298=AXIS2_PLACEMENT_3D('',#5235,#4060,#4061);
#3299=AXIS2_PLACEMENT_3D('',#5236,#4062,#4063);
#3300=AXIS2_PLACEMENT_3D('',#5239,#4064,#4065);
#3301=AXIS2_PLACEMENT_3D('',#5240,#4066,#4067);
#3302=AXIS2_PLACEMENT_3D('',#5242,#4069,#4070);
#3303=AXIS2_PLACEMENT_3D('',#5245,#4071,#4072);
#3304=AXIS2_PLACEMENT_3D('',#5247,#4074,#4075);
#3305=AXIS2_PLACEMENT_3D('',#5248,#4076,#4077);
#3306=AXIS2_PLACEMENT_3D('',#5251,#4078,#4079);
#3307=AXIS2_PLACEMENT_3D('',#5252,#4080,#4081);
#3308=AXIS2_PLACEMENT_3D('',#5254,#4083,#4084);
#3309=AXIS2_PLACEMENT_3D('',#5257,#4085,#4086);
#3310=AXIS2_PLACEMENT_3D('',#5260,#4089,#4090);
#3311=AXIS2_PLACEMENT_3D('',#5263,#4091,#4092);
#3312=AXIS2_PLACEMENT_3D('',#5265,#4094,#4095);
#3313=AXIS2_PLACEMENT_3D('',#5266,#4096,#4097);
#3314=AXIS2_PLACEMENT_3D('',#5269,#4098,#4099);
#3315=AXIS2_PLACEMENT_3D('',#5270,#4100,#4101);
#3316=AXIS2_PLACEMENT_3D('',#5272,#4103,#4104);
#3317=AXIS2_PLACEMENT_3D('',#5274,#4105,#4106);
#3318=AXIS2_PLACEMENT_3D('',#5278,#4109,#4110);
#3319=AXIS2_PLACEMENT_3D('',#5282,#4114,#4115);
#3320=AXIS2_PLACEMENT_3D('',#5285,#4117,#4118);
#3321=AXIS2_PLACEMENT_3D('',#5286,#4119,#4120);
#3322=AXIS2_PLACEMENT_3D('',#5289,#4122,#4123);
#3323=AXIS2_PLACEMENT_3D('',#5290,#4124,#4125);
#3324=AXIS2_PLACEMENT_3D('',#5292,#4127,#4128);
#3325=AXIS2_PLACEMENT_3D('',#5293,#4129,#4130);
#3326=AXIS2_PLACEMENT_3D('',#5295,#4132,#4133);
#3327=AXIS2_PLACEMENT_3D('',#5299,#4136,#4137);
#3328=AXIS2_PLACEMENT_3D('',#5301,#4138,#4139);
#3329=AXIS2_PLACEMENT_3D('',#5303,#4141,#4142);
#3330=AXIS2_PLACEMENT_3D('',#5305,#4144,#4145);
#3331=AXIS2_PLACEMENT_3D('',#5309,#4148,#4149);
#3332=AXIS2_PLACEMENT_3D('',#5311,#4150,#4151);
#3333=AXIS2_PLACEMENT_3D('',#5316,#4155,#4156);
#3334=AXIS2_PLACEMENT_3D('',#5319,#4159,#4160);
#3335=AXIS2_PLACEMENT_3D('',#5322,#4162,#4163);
#3336=AXIS2_PLACEMENT_3D('',#5323,#4164,#4165);
#3337=AXIS2_PLACEMENT_3D('',#5326,#4167,#4168);
#3338=AXIS2_PLACEMENT_3D('',#5327,#4169,#4170);
#3339=AXIS2_PLACEMENT_3D('',#5328,#4171,#4172);
#3340=AXIS2_PLACEMENT_3D('',#5330,#4174,#4175);
#3341=AXIS2_PLACEMENT_3D('',#5332,#4177,#4178);
#3342=AXIS2_PLACEMENT_3D('',#5336,#4181,#4182);
#3343=AXIS2_PLACEMENT_3D('',#5337,#4183,#4184);
#3344=AXIS2_PLACEMENT_3D('',#5338,#4185,#4186);
#3345=AXIS2_PLACEMENT_3D('',#5341,#4188,#4189);
#3346=AXIS2_PLACEMENT_3D('',#5343,#4191,#4192);
#3347=AXIS2_PLACEMENT_3D('',#5344,#4193,#4194);
#3348=AXIS2_PLACEMENT_3D('',#5345,#4195,#4196);
#3349=AXIS2_PLACEMENT_3D('',#5346,#4197,#4198);
#3350=AXIS2_PLACEMENT_3D('',#5347,#4199,#4200);
#3351=AXIS2_PLACEMENT_3D('',#5348,#4201,#4202);
#3352=AXIS2_PLACEMENT_3D('',#5349,#4203,#4204);
#3353=AXIS2_PLACEMENT_3D('',#5351,#4206,#4207);
#3354=AXIS2_PLACEMENT_3D('',#5352,#4208,#4209);
#3355=AXIS2_PLACEMENT_3D('',#5353,#4210,#4211);
#3356=AXIS2_PLACEMENT_3D('',#5354,#4212,#4213);
#3357=AXIS2_PLACEMENT_3D('',#5355,#4214,#4215);
#3358=DIRECTION('axis',(0.,0.,1.));
#3359=DIRECTION('refdir',(1.,0.,0.));
#3360=DIRECTION('center_axis',(-1.,-1.77635683940023E-14,2.13162820728027E-13));
#3361=DIRECTION('ref_axis',(-1.77635683940023E-14,1.,-1.03999134117646E-27));
#3362=DIRECTION('center_axis',(-1.,-2.26424273696178E-14,2.00499682862998E-13));
#3363=DIRECTION('ref_axis',(-1.77635683940023E-14,1.,-1.03999134117646E-27));
#3364=DIRECTION('',(-1.,-1.77635683940023E-14,2.13162820728027E-13));
#3365=DIRECTION('center_axis',(-1.,-2.26424273696178E-14,2.00499682862998E-13));
#3366=DIRECTION('ref_axis',(-2.26424273696178E-14,1.,0.));
#3367=DIRECTION('center_axis',(1.,2.26424273696178E-14,-2.00499682862998E-13));
#3368=DIRECTION('ref_axis',(-2.26424273696178E-14,1.,0.));
#3369=DIRECTION('center_axis',(1.,2.26424273696178E-14,-2.00499682862998E-13));
#3370=DIRECTION('ref_axis',(-2.26081779560032E-14,1.,-6.85823484987192E-30));
#3371=DIRECTION('center_axis',(-1.,-2.26081779560032E-14,2.00243861896028E-13));
#3372=DIRECTION('ref_axis',(-2.26081779560032E-14,1.,-6.85823484987192E-30));
#3373=DIRECTION('',(-1.,-2.26081779560032E-14,2.00243861896028E-13));
#3374=DIRECTION('center_axis',(-2.00819617452892E-13,4.44089209843468E-16,
-1.));
#3375=DIRECTION('ref_axis',(-1.,0.,2.00819617452892E-13));
#3376=DIRECTION('center_axis',(-2.00819617452892E-13,4.44089209843468E-16,
-1.));
#3377=DIRECTION('ref_axis',(-1.,-1.79093104944409E-32,-1.49213974509621E-14));
#3378=DIRECTION('center_axis',(2.00819617452892E-13,-4.44089209843468E-16,
1.));
#3379=DIRECTION('ref_axis',(1.,2.2670313218095E-32,-2.00889809837628E-13));
#3380=DIRECTION('center_axis',(-0.539621905326023,-0.456955358095472,0.707106781186655));
#3381=DIRECTION('ref_axis',(0.794957870064599,0.,0.606664639502218));
#3382=DIRECTION('',(0.539621905326693,0.456955358095797,0.707106781185933));
#3383=DIRECTION('',(-0.646232464817669,0.763140617065872,1.29717158836405E-13));
#3384=DIRECTION('',(-0.684491803022756,-0.250882329369127,-0.684491803022489));
#3385=DIRECTION('',(-8.98065316430414E-14,-0.839886568027334,-0.542761967023544));
#3386=DIRECTION('',(0.646232464817669,-0.763140617065872,-1.29717158836405E-13));
#3387=DIRECTION('center_axis',(-0.707106781186405,-1.60106139355775E-14,
0.70710678118669));
#3388=DIRECTION('ref_axis',(0.70710678118669,0.,0.707106781186405));
#3389=DIRECTION('',(-2.26424273696178E-14,1.,1.564939516871E-28));
#3390=DIRECTION('',(-0.577349257158205,0.577352293247391,-0.577349257157959));
#3391=DIRECTION('',(2.26424273696178E-14,-1.,-1.564939516871E-28));
#3392=DIRECTION('center_axis',(3.71843169970401E-6,0.707106781176772,0.707106781186546));
#3393=DIRECTION('ref_axis',(0.999999999986173,0.,-5.25865654040674E-6));
#3394=DIRECTION('',(0.999999999986173,-5.25865633975111E-6,-2.00728322850839E-13));
#3395=DIRECTION('',(0.577351281215716,0.577348245131871,-0.577351281215969));
#3396=DIRECTION('',(-1.5778529931289E-13,0.707106781191435,-0.70710678118166));
#3397=DIRECTION('',(-0.999999999986173,5.25865633975111E-6,2.00728322850839E-13));
#3398=DIRECTION('',(1.5778529931289E-13,-0.707106781191435,0.70710678118166));
#3399=DIRECTION('center_axis',(0.707106781186694,1.60106139355838E-14,0.707106781186401));
#3400=DIRECTION('ref_axis',(0.707106781186401,0.,-0.707106781186694));
#3401=DIRECTION('',(-2.26424273696178E-14,1.,1.564939516871E-28));
#3402=DIRECTION('',(2.26424273696178E-14,-1.,-1.564939516871E-28));
#3403=DIRECTION('',(0.684791078693211,-0.249243569794688,-0.684791078693487));
#3404=DIRECTION('center_axis',(0.541675219881487,-0.454519478313639,0.707106781186434));
#3405=DIRECTION('ref_axis',(0.793844806391095,0.,-0.608120402030621));
#3406=DIRECTION('',(0.642787610593888,0.766044442357622,-1.29025679025597E-13));
#3407=DIRECTION('',(8.93665024067025E-14,0.841205080324208,0.540716203601059));
#3408=DIRECTION('',(-0.642787610593888,-0.766044442357622,1.29025679025597E-13));
#3409=DIRECTION('',(0.313145612577522,-0.671542934340092,-0.671542934339531));
#3410=DIRECTION('center_axis',(1.41936358265994E-13,-0.707106781186546,
0.707106781186549));
#3411=DIRECTION('ref_axis',(1.,0.,-2.00728322853615E-13));
#3412=DIRECTION('',(1.,0.,-2.00728322853615E-13));
#3413=DIRECTION('',(-1.,0.,2.00728322853615E-13));
#3414=DIRECTION('',(-0.311484765521515,-0.671929029305992,-0.671929029305859));
#3415=DIRECTION('center_axis',(-0.539621904813948,-0.456955358700182,0.707106781186657));
#3416=DIRECTION('ref_axis',(0.794957870342242,0.,0.606664639138402));
#3417=DIRECTION('',(-0.646232465672861,0.76314061634169,1.29717159008066E-13));
#3418=DIRECTION('',(0.646232465672861,-0.76314061634169,-1.29717159008066E-13));
#3419=DIRECTION('center_axis',(2.00728322853615E-13,4.38848251955106E-27,
1.));
#3420=DIRECTION('ref_axis',(-1.,4.05429464562124E-32,2.00728322853615E-13));
#3421=DIRECTION('center_axis',(-2.00819617452892E-13,4.44089209843468E-16,
-1.));
#3422=DIRECTION('ref_axis',(-1.,0.,2.00819617452892E-13));
#3423=DIRECTION('center_axis',(-1.,-2.26424273696178E-14,2.00499682862998E-13));
#3424=DIRECTION('ref_axis',(-2.26424273696177E-14,1.,4.44089209848015E-16));
#3425=DIRECTION('',(-2.00499682862998E-13,2.23917408620942E-21,-1.));
#3426=DIRECTION('',(-2.00499682862998E-13,2.23917408620942E-21,-1.));
#3427=DIRECTION('',(-2.00499682862998E-13,2.23917408620942E-21,-1.));
#3428=DIRECTION('',(6.79945210126891E-15,-1.,0.));
#3429=DIRECTION('',(2.00499682862999E-13,7.94511387513614E-17,1.));
#3430=DIRECTION('center_axis',(5.25865633975111E-6,0.999999999986173,-1.05211975431942E-18));
#3431=DIRECTION('ref_axis',(-0.999999999986173,5.25865633975111E-6,0.));
#3432=DIRECTION('',(2.00499682862998E-13,-2.23917408620942E-21,1.));
#3433=DIRECTION('',(-0.707106781181544,3.71843155779349E-6,0.707106781181774));
#3434=DIRECTION('',(-0.999999999986173,5.25865633975111E-6,2.00819619785428E-13));
#3435=DIRECTION('',(-0.707106781181785,3.71843155779326E-6,-0.707106781181533));
#3436=DIRECTION('center_axis',(2.00889809837628E-13,-3.22973970800046E-16,
1.));
#3437=DIRECTION('ref_axis',(1.,2.2670313218095E-32,-2.00889809837628E-13));
#3438=DIRECTION('',(2.00889809837628E-13,-3.22973970800046E-16,1.));
#3439=DIRECTION('center_axis',(1.,2.26424273696178E-14,-2.00499682862998E-13));
#3440=DIRECTION('ref_axis',(2.26424273696177E-14,-1.,-4.44089209848015E-16));
#3441=DIRECTION('',(-2.00499682862999E-13,1.3964372073347E-15,-1.));
#3442=DIRECTION('',(2.26424273696177E-14,-1.,-4.44089209848015E-16));
#3443=DIRECTION('',(2.00499682862998E-13,-2.23917408620942E-21,1.));
#3444=DIRECTION('',(2.00499682862998E-13,-2.23917408620942E-21,1.));
#3445=DIRECTION('center_axis',(-0.707106781186405,-1.63246324273127E-14,
0.70710678118669));
#3446=DIRECTION('ref_axis',(0.70710678118669,1.54300875522197E-14,0.707106781186405));
#3447=DIRECTION('',(-0.707106781181802,3.71843155779335E-6,-0.707106781181516));
#3448=DIRECTION('center_axis',(-0.707106781186405,-1.63246324273127E-14,
0.70710678118669));
#3449=DIRECTION('ref_axis',(-0.70710678118669,-3.84973303661029E-14,-0.707106781186405));
#3450=DIRECTION('',(2.26424273696177E-14,-1.,-4.44089209848015E-16));
#3451=DIRECTION('',(0.542761967023667,-0.640951553789718,0.542761967023433));
#3452=DIRECTION('center_axis',(0.707106781186689,1.56965954438485E-14,0.707106781186406));
#3453=DIRECTION('ref_axis',(0.707106781186406,1.65911403189416E-14,-0.707106781186689));
#3454=DIRECTION('',(-0.707106781181518,3.71843155779335E-6,0.7071067811818));
#3455=DIRECTION('',(0.540716203600928,0.644400476665366,-0.540716203601158));
#3456=DIRECTION('',(6.79945210126891E-15,-1.,0.));
#3457=DIRECTION('center_axis',(0.707106781186689,1.56965954438485E-14,0.707106781186406));
#3458=DIRECTION('ref_axis',(-0.707106781186406,-1.73281792759879E-14,0.707106781186689));
#3459=DIRECTION('center_axis',(-2.00819617452892E-13,4.44089209843468E-16,
-1.));
#3460=DIRECTION('ref_axis',(1.,7.87484974567895E-31,-2.00819617452892E-13));
#3461=DIRECTION('',(0.646232464817669,-0.763140617065872,-1.30115058883956E-13));
#3462=DIRECTION('center_axis',(2.00819617452892E-13,-4.44089209857802E-16,
1.));
#3463=DIRECTION('ref_axis',(-1.,-5.52644350035647E-14,2.00819617452892E-13));
#3464=DIRECTION('',(6.79945210126891E-15,-1.,0.));
#3465=DIRECTION('center_axis',(-2.00819617452892E-13,4.44089209843468E-16,
-1.));
#3466=DIRECTION('ref_axis',(1.,7.87484974567895E-31,-2.00819617452892E-13));
#3467=DIRECTION('',(0.642787610593882,0.766044442357627,-1.28744169991811E-13));
#3468=DIRECTION('',(1.,2.24207754291971E-44,-2.00819617452892E-13));
#3469=DIRECTION('',(6.79945210126891E-15,-1.,0.));
#3470=DIRECTION('center_axis',(2.00819617452892E-13,-4.44089209843468E-16,
1.));
#3471=DIRECTION('ref_axis',(-2.368475785867E-14,1.,4.44089209848224E-16));
#3472=DIRECTION('center_axis',(-1.,-2.26424273696178E-14,2.00499682862998E-13));
#3473=DIRECTION('ref_axis',(-2.26424273696177E-14,1.,4.44089209848015E-16));
#3474=DIRECTION('',(-2.26424273696177E-14,1.,4.44089209848015E-16));
#3475=DIRECTION('',(-2.26424273696177E-14,1.,4.44089209848015E-16));
#3476=DIRECTION('',(2.00499682862998E-13,-2.23917408620942E-21,1.));
#3477=DIRECTION('',(2.26424273696177E-14,-1.,-4.44089209848015E-16));
#3478=DIRECTION('',(2.26424273696177E-14,-1.,-4.44089209848015E-16));
#3479=DIRECTION('',(2.00499682862999E-13,-5.87250304671062E-15,1.));
#3480=DIRECTION('center_axis',(1.,1.36496208701539E-14,-2.00811589579075E-13));
#3481=DIRECTION('ref_axis',(1.67811279983969E-13,0.494342998332133,0.869266932535683));
#3482=DIRECTION('',(2.00499682862999E-13,-5.87250304671062E-15,1.));
#3483=DIRECTION('center_axis',(1.,1.36496208701539E-14,-2.00811589579075E-13));
#3484=DIRECTION('ref_axis',(-2.00811589579076E-13,5.87250304671061E-15,
-1.));
#3485=DIRECTION('center_axis',(-0.707106781186422,-1.63246324273131E-14,
0.707106781186673));
#3486=DIRECTION('ref_axis',(0.707106781186673,0.,0.707106781186422));
#3487=DIRECTION('',(-2.26424273696177E-14,1.,4.44089209848015E-16));
#3488=DIRECTION('center_axis',(0.707106781186422,1.63246324273131E-14,-0.707106781186673));
#3489=DIRECTION('ref_axis',(0.707106781186673,5.49925275104322E-15,0.707106781186422));
#3490=DIRECTION('center_axis',(-0.707106781186422,-1.63246324273131E-14,
0.707106781186673));
#3491=DIRECTION('ref_axis',(0.707106781186673,3.09111952803375E-15,0.707106781186422));
#3492=DIRECTION('',(-0.57735026918984,-0.577350269189388,-0.577350269189649));
#3493=DIRECTION('',(0.707106781181785,-3.71843155779326E-6,0.707106781181533));
#3494=DIRECTION('',(-2.26424273696177E-14,1.,4.44089209848015E-16));
#3495=DIRECTION('center_axis',(2.00819617452892E-13,-4.44089209843468E-16,
1.));
#3496=DIRECTION('ref_axis',(-1.,-2.26424273696178E-14,2.00819617452892E-13));
#3497=DIRECTION('',(2.26424273696177E-14,-1.,-4.44089209848015E-16));
#3498=DIRECTION('',(1.,1.36496208701539E-14,-2.00811589579075E-13));
#3499=DIRECTION('',(-1.36496208701528E-14,1.,5.87250304671335E-15));
#3500=DIRECTION('',(-1.,-1.36496208701539E-14,2.00811589579075E-13));
#3501=DIRECTION('',(-1.36496208701528E-14,1.,5.87250304671335E-15));
#3502=DIRECTION('',(-1.,-1.36496208701539E-14,2.00811589579075E-13));
#3503=DIRECTION('',(-5.25865637257546E-6,-0.999999999986173,0.));
#3504=DIRECTION('',(-5.25865637257546E-6,-0.999999999986173,0.));
#3505=DIRECTION('',(2.26424273696177E-14,-1.,-4.44089209848015E-16));
#3506=DIRECTION('center_axis',(0.707106781171997,-3.71843158095286E-6,0.707106781191321));
#3507=DIRECTION('ref_axis',(-0.707106781181544,3.71843155779349E-6,0.707106781181774));
#3508=DIRECTION('',(-5.25865626599396E-6,-0.999999999986173,0.));
#3509=DIRECTION('',(0.707106781181544,-3.71843155779349E-6,-0.707106781181774));
#3510=DIRECTION('center_axis',(0.999999999986173,-5.25865637257546E-6,-2.00499682860238E-13));
#3511=DIRECTION('ref_axis',(2.00499682862998E-13,-2.23917408620942E-21,
1.));
#3512=DIRECTION('',(-5.25865626599396E-6,-0.999999999986173,0.));
#3513=DIRECTION('',(-2.00499682862998E-13,2.23917408620942E-21,-1.));
#3514=DIRECTION('center_axis',(2.00819617452892E-13,-4.44089209843468E-16,
1.));
#3515=DIRECTION('ref_axis',(-1.,-2.26424273696178E-14,2.00819617452892E-13));
#3516=DIRECTION('',(-1.,-1.36496208701539E-14,2.00811589579075E-13));
#3517=DIRECTION('',(1.36496208701524E-14,-1.,-7.72796093825308E-15));
#3518=DIRECTION('',(1.,2.15322043449926E-14,-2.00819617452892E-13));
#3519=DIRECTION('',(1.36496208701524E-14,-1.,-7.72796093825308E-15));
#3520=DIRECTION('',(1.,1.36496208701539E-14,-2.00811589579075E-13));
#3521=DIRECTION('',(-1.36496208701524E-14,1.,7.72796093825308E-15));
#3522=DIRECTION('',(-1.36496208701524E-14,1.,7.72796093825308E-15));
#3523=DIRECTION('',(0.999999999986173,-5.25865633975111E-6,-2.00819619785428E-13));
#3524=DIRECTION('',(-5.25865626599396E-6,-0.999999999986173,0.));
#3525=DIRECTION('center_axis',(-0.999999999986173,5.25865637257546E-6,2.00499682860238E-13));
#3526=DIRECTION('ref_axis',(-2.00499682862998E-13,2.23917408620942E-21,
-1.));
#3527=DIRECTION('',(-5.25865637257546E-6,-0.999999999986173,0.));
#3528=DIRECTION('center_axis',(-0.707106781171757,3.7184315809516E-6,0.707106781191562));
#3529=DIRECTION('ref_axis',(-0.707106781181785,3.71843155779326E-6,-0.707106781181533));
#3530=DIRECTION('center_axis',(1.,2.26424273696178E-14,-2.00499682862998E-13));
#3531=DIRECTION('ref_axis',(2.26424273696177E-14,-1.,-4.44089209848015E-16));
#3532=DIRECTION('center_axis',(1.,1.36496208701539E-14,-2.00811589579075E-13));
#3533=DIRECTION('ref_axis',(-2.00811589579076E-13,5.87250304671061E-15,
-1.));
#3534=DIRECTION('',(-2.00499682862999E-13,5.87250304671062E-15,-1.));
#3535=DIRECTION('center_axis',(-1.,-2.26424273696178E-14,2.00499682862998E-13));
#3536=DIRECTION('ref_axis',(1.88472376319662E-13,0.249999999999987,0.968245836551857));
#3537=DIRECTION('',(-2.00499682862999E-13,5.87250304671062E-15,-1.));
#3538=DIRECTION('',(-2.26424273696177E-14,1.,4.44089209848015E-16));
#3539=DIRECTION('',(-2.26424273696177E-14,1.,4.44089209848015E-16));
#3540=DIRECTION('center_axis',(-0.707106781186343,0.707106781186752,1.45927172105007E-13));
#3541=DIRECTION('ref_axis',(2.06372185909713E-13,0.,1.));
#3542=DIRECTION('center_axis',(-0.707106781186343,0.707106781186752,1.45927172105007E-13));
#3543=DIRECTION('ref_axis',(0.707106781186752,0.707106781186343,-1.38020940196129E-13));
#3544=DIRECTION('',(-2.00499682862999E-13,5.87250304671062E-15,-1.));
#3545=DIRECTION('center_axis',(-0.707106781186343,0.707106781186752,1.45927172105007E-13));
#3546=DIRECTION('ref_axis',(0.707106781186752,0.707106781186343,-1.37996407501461E-13));
#3547=DIRECTION('center_axis',(-1.,-1.36496208701539E-14,2.00811589579075E-13));
#3548=DIRECTION('ref_axis',(1.32343497254306E-13,0.707106781186531,0.707106781186564));
#3549=DIRECTION('',(-1.,-1.36496208701539E-14,2.00811589579075E-13));
#3550=DIRECTION('',(1.,1.36496208701539E-14,-2.00811589579075E-13));
#3551=DIRECTION('',(1.,1.36496208701539E-14,-2.00811589579075E-13));
#3552=DIRECTION('center_axis',(0.707106781186663,1.56965954438479E-14,0.707106781186432));
#3553=DIRECTION('ref_axis',(-0.707106781186432,-3.67990420003996E-15,0.707106781186663));
#3554=DIRECTION('center_axis',(0.707106781186757,0.707106781186338,-1.37622198651354E-13));
#3555=DIRECTION('ref_axis',(-0.707106781186338,0.707106781186757,1.46362056382974E-13));
#3556=DIRECTION('',(1.,1.36496208701539E-14,-2.00811589579075E-13));
#3557=DIRECTION('center_axis',(0.707106781186663,1.56965954438479E-14,0.707106781186432));
#3558=DIRECTION('ref_axis',(0.707106781186432,0.,-0.707106781186663));
#3559=DIRECTION('',(-0.577350269189416,0.57735026918987,0.577350269189591));
#3560=DIRECTION('center_axis',(-0.707106781186663,-1.56965954438479E-14,
-0.707106781186432));
#3561=DIRECTION('ref_axis',(-0.707106781186432,-1.38042262047792E-14,0.707106781186663));
#3562=DIRECTION('center_axis',(1.,1.36496208701539E-14,-2.00811589579075E-13));
#3563=DIRECTION('ref_axis',(2.00811589579076E-13,-5.87250304671061E-15,
1.));
#3564=DIRECTION('center_axis',(1.,1.36496208701539E-14,-2.00811589579075E-13));
#3565=DIRECTION('ref_axis',(2.00811589579076E-13,-5.87250304671061E-15,
1.));
#3566=DIRECTION('center_axis',(1.36496208701528E-14,-1.,-5.87250304671335E-15));
#3567=DIRECTION('ref_axis',(-1.,-1.36496208701539E-14,2.00811589579075E-13));
#3568=DIRECTION('',(2.00499682862999E-13,-5.87250304671062E-15,1.));
#3569=DIRECTION('',(1.,1.36496208701539E-14,-2.00811589579075E-13));
#3570=DIRECTION('center_axis',(1.,1.36496208701539E-14,-2.00811589579075E-13));
#3571=DIRECTION('ref_axis',(2.00811589579076E-13,-5.87250304671061E-15,
1.));
#3572=DIRECTION('center_axis',(1.,1.36496208701539E-14,-2.00811589579075E-13));
#3573=DIRECTION('ref_axis',(2.00811589579076E-13,-5.87250304671061E-15,
1.));
#3574=DIRECTION('center_axis',(-0.707106781186354,0.707106781186741,1.45927172105009E-13));
#3575=DIRECTION('ref_axis',(2.06372185909712E-13,0.,1.));
#3576=DIRECTION('center_axis',(-0.707106781186354,0.707106781186741,1.45927172105009E-13));
#3577=DIRECTION('ref_axis',(0.707106781186741,0.707106781186354,-1.37996407501463E-13));
#3578=DIRECTION('',(-2.00499682862999E-13,5.87250304671062E-15,-1.));
#3579=DIRECTION('center_axis',(-0.707106781186354,0.707106781186741,1.45927172105009E-13));
#3580=DIRECTION('ref_axis',(0.707106781186741,0.707106781186354,-1.38020940196131E-13));
#3581=DIRECTION('center_axis',(-1.36496208701528E-14,1.,5.87250304671335E-15));
#3582=DIRECTION('ref_axis',(1.,1.36496208701539E-14,-2.00811589579075E-13));
#3583=DIRECTION('',(-1.,-1.36496208701539E-14,2.00811589579075E-13));
#3584=DIRECTION('',(2.00499682862999E-13,-5.87250304671062E-15,1.));
#3585=DIRECTION('',(1.,1.36496208701539E-14,-2.00811589579075E-13));
#3586=DIRECTION('center_axis',(-1.,-1.36496208701539E-14,2.00811589579075E-13));
#3587=DIRECTION('ref_axis',(1.91022580323762E-13,0.249999999999987,0.968245836551858));
#3588=DIRECTION('center_axis',(1.,2.26424273696178E-14,-2.00499682862998E-13));
#3589=DIRECTION('ref_axis',(1.91022580323762E-13,0.249999999999987,0.968245836551857));
#3590=DIRECTION('',(-1.,-1.36496208701539E-14,2.00811589579075E-13));
#3591=DIRECTION('',(-1.,-1.36496208701539E-14,2.00811589579075E-13));
#3592=DIRECTION('center_axis',(0.707106781186773,0.707106781186323,-1.37622198651357E-13));
#3593=DIRECTION('ref_axis',(-1.94627179816292E-13,0.,-1.));
#3594=DIRECTION('center_axis',(0.707106781186773,0.707106781186323,-1.37622198651357E-13));
#3595=DIRECTION('ref_axis',(-0.707106781186323,0.707106781186773,1.46362056382977E-13));
#3596=DIRECTION('',(0.707106781186328,-0.707106781186767,-1.25607396694744E-13));
#3597=DIRECTION('center_axis',(-1.,-2.96059473233583E-14,1.7763568394015E-13));
#3598=DIRECTION('ref_axis',(1.90293950608305E-13,0.249999999999988,0.968245836551857));
#3599=DIRECTION('center_axis',(0.707106781186757,0.707106781186338,-1.37622198651354E-13));
#3600=DIRECTION('ref_axis',(-1.94627179816291E-13,0.,-1.));
#3601=DIRECTION('center_axis',(1.,1.36496208701539E-14,-2.00811589579075E-13));
#3602=DIRECTION('ref_axis',(1.36496208701528E-14,-1.,-5.87250304671335E-15));
#3603=DIRECTION('',(2.01019223732471E-13,-0.0174524064372892,0.999847695156391));
#3604=DIRECTION('center_axis',(-1.,-1.36496208701539E-14,2.00811589579075E-13));
#3605=DIRECTION('ref_axis',(2.00811589579076E-13,-5.87250304671061E-15,
1.));
#3606=DIRECTION('center_axis',(-1.,-1.36496208701539E-14,2.00811589579075E-13));
#3607=DIRECTION('ref_axis',(-3.10995631837948E-14,0.996194698091797,-0.0871557427470712));
#3608=DIRECTION('',(-1.98857798008895E-13,-0.0871557427474347,-0.996194698091765));
#3609=DIRECTION('',(2.00811589579075E-13,-2.34731902024124E-16,1.));
#3610=DIRECTION('',(-1.,-1.36496208701539E-14,2.00811589579075E-13));
#3611=DIRECTION('',(1.,1.36496208701539E-14,-2.00811589579075E-13));
#3612=DIRECTION('center_axis',(1.,1.36496208701539E-14,-2.00811589579075E-13));
#3613=DIRECTION('ref_axis',(1.36496208701528E-14,-1.,-5.87250304671335E-15));
#3614=DIRECTION('',(-2.00811589579075E-13,2.34731902024124E-16,-1.));
#3615=DIRECTION('',(1.98857798008895E-13,0.0871557427474347,0.996194698091765));
#3616=DIRECTION('center_axis',(1.,1.36496208701539E-14,-2.00811589579075E-13));
#3617=DIRECTION('ref_axis',(-3.10995631837948E-14,0.996194698091797,-0.0871557427470712));
#3618=DIRECTION('center_axis',(1.,1.36496208701539E-14,-2.00811589579075E-13));
#3619=DIRECTION('ref_axis',(2.00811589579076E-13,-5.87250304671061E-15,
1.));
#3620=DIRECTION('',(-2.01019223732471E-13,0.0174524064372892,-0.999847695156391));
#3621=DIRECTION('center_axis',(-3.10995631839108E-14,0.996194698091746,
-0.0871557427476523));
#3622=DIRECTION('ref_axis',(1.,1.36496208701539E-14,-2.00811589579075E-13));
#3623=DIRECTION('',(1.,2.15322043449926E-14,-1.10713248180781E-13));
#3624=DIRECTION('',(1.,1.36496208701539E-14,-2.00811589579075E-13));
#3625=DIRECTION('center_axis',(-1.,-1.36496208701539E-14,2.00811589579075E-13));
#3626=DIRECTION('ref_axis',(1.25602787371743E-13,0.737277336810127,0.675590207615657));
#3627=DIRECTION('center_axis',(-1.40802727209525E-13,-0.665493714171141,
-0.746403454171201));
#3628=DIRECTION('ref_axis',(-1.438269747632E-13,0.746403454171201,-0.665493714171141));
#3629=DIRECTION('center_axis',(-1.40802727209525E-13,-0.665493714171141,
-0.746403454171201));
#3630=DIRECTION('ref_axis',(1.438269747632E-13,-0.7464034541712,0.665493714171141));
#3631=DIRECTION('center_axis',(-1.40802727209525E-13,-0.665493714171141,
-0.746403454171201));
#3632=DIRECTION('ref_axis',(-1.438269747632E-13,0.746403454171201,-0.665493714171141));
#3633=DIRECTION('center_axis',(-1.40802727209525E-13,-0.665493714171141,
-0.746403454171201));
#3634=DIRECTION('ref_axis',(1.438269747632E-13,-0.7464034541712,0.665493714171141));
#3635=DIRECTION('',(1.,1.36496208701539E-14,-2.00811589579075E-13));
#3636=DIRECTION('',(1.,1.36496208701539E-14,-2.00811589579075E-13));
#3637=DIRECTION('center_axis',(2.00811589579076E-13,-5.87250304671061E-15,
1.));
#3638=DIRECTION('ref_axis',(-1.,-1.36496208701539E-14,2.00811589579075E-13));
#3639=DIRECTION('center_axis',(-2.00811589579076E-13,5.87250304671061E-15,
-1.));
#3640=DIRECTION('ref_axis',(1.,1.36496208701539E-14,-2.00811589579075E-13));
#3641=DIRECTION('center_axis',(1.,1.36496208701539E-14,-2.00811589579075E-13));
#3642=DIRECTION('ref_axis',(1.50486301731175E-13,-0.713250449154184,0.700909264299849));
#3643=DIRECTION('',(1.,1.36496208701539E-14,-2.00811589579075E-13));
#3644=DIRECTION('center_axis',(1.01428964881298E-14,-0.999847695156391,
-0.0174524064372894));
#3645=DIRECTION('ref_axis',(-1.,-1.36496208701539E-14,2.00811589579075E-13));
#3646=DIRECTION('center_axis',(1.,1.36496208701539E-14,-2.00811589579075E-13));
#3647=DIRECTION('ref_axis',(-1.51646976210123E-13,0.707106781186558,-0.707106781186537));
#3648=DIRECTION('center_axis',(-2.15322043449926E-14,1.,2.34731902028448E-16));
#3649=DIRECTION('ref_axis',(1.,2.15322043449926E-14,-2.00819617452892E-13));
#3650=DIRECTION('center_axis',(-1.53548169603474E-14,-1.11022302462516E-16,
1.));
#3651=DIRECTION('ref_axis',(1.,3.27643458326735E-14,1.53548169603474E-14));
#3652=DIRECTION('',(-1.53548169603474E-14,-1.11022302462516E-16,1.));
#3653=DIRECTION('center_axis',(-1.0266294767139E-14,1.75811087910205E-10,
1.));
#3654=DIRECTION('ref_axis',(-1.639472412304E-14,1.,-1.75811279115281E-10));
#3655=DIRECTION('',(-1.53548169603474E-14,-1.11022302462516E-16,1.));
#3656=DIRECTION('center_axis',(1.,5.32907051904356E-14,0.));
#3657=DIRECTION('ref_axis',(-5.32907051904356E-14,1.,2.22044604925031E-16));
#3658=DIRECTION('',(-1.49213974509621E-14,-7.10542735760101E-16,1.));
#3659=DIRECTION('',(5.32907051904356E-14,-1.,-4.4408920985417E-16));
#3660=DIRECTION('',(0.,0.,-1.));
#3661=DIRECTION('',(5.32907051904356E-14,-1.,-2.22044604925031E-16));
#3662=DIRECTION('',(2.94015977596137E-14,-1.,1.75812586711288E-10));
#3663=DIRECTION('',(3.76822190209863E-14,-0.707106781310699,-0.707106781062396));
#3664=DIRECTION('',(1.04056456206632E-14,-1.,1.75812087110927E-10));
#3665=DIRECTION('',(3.76822190077452E-14,-0.707106781062231,0.707106781310864));
#3666=DIRECTION('',(1.96015201308269E-14,-1.,1.75812586711288E-10));
#3667=DIRECTION('',(3.55271367880045E-14,-1.7580603639544E-10,-1.));
#3668=DIRECTION('center_axis',(1.3156087071665E-28,1.,6.55119616227291E-16));
#3669=DIRECTION('ref_axis',(1.,0.,-2.00819617452892E-13));
#3670=DIRECTION('',(-1.49213974509621E-14,-7.10542735760101E-16,1.));
#3671=DIRECTION('',(-1.,-4.25994733154744E-43,-1.49466025647337E-14));
#3672=DIRECTION('center_axis',(0.766044442357622,-0.642787610593888,-2.72088685450206E-16));
#3673=DIRECTION('ref_axis',(0.642787610593888,0.766044442357622,1.70096035558314E-16));
#3674=DIRECTION('',(8.15135737148052E-59,0.,-1.));
#3675=DIRECTION('',(0.642787610593888,0.766044442357622,1.70096035558314E-16));
#3676=DIRECTION('',(0.,-4.23294850376496E-16,1.));
#3677=DIRECTION('',(-0.642787610593649,-0.766044442357823,-1.02878750913115E-14));
#3678=DIRECTION('center_axis',(0.,-1.,0.));
#3679=DIRECTION('ref_axis',(1.,0.,0.));
#3680=DIRECTION('',(0.,7.09498450929106E-15,-1.));
#3681=DIRECTION('',(-1.,0.,0.));
#3682=DIRECTION('center_axis',(0.,1.,0.));
#3683=DIRECTION('ref_axis',(1.,0.,0.));
#3684=DIRECTION('center_axis',(1.,-1.89964070956351E-14,6.16794168961349E-14));
#3685=DIRECTION('ref_axis',(1.89964071064791E-14,1.,-1.75812253644381E-10));
#3686=DIRECTION('',(-1.53548169603474E-14,-1.11022302462516E-16,1.));
#3687=DIRECTION('',(-6.16794168927951E-14,1.75811365465961E-10,1.));
#3688=DIRECTION('',(-3.67524237226978E-14,1.,-1.75812586711288E-10));
#3689=DIRECTION('',(5.70464222276899E-14,0.707106781062447,-0.707106781310648));
#3690=DIRECTION('',(1.89964071064791E-14,1.,-1.75812087110927E-10));
#3691=DIRECTION('',(-3.01814456613733E-14,0.707106781310649,0.707106781062446));
#3692=DIRECTION('',(1.22508079199831E-14,1.,-1.75812586711288E-10));
#3693=DIRECTION('',(9.31295464200764E-24,1.,-1.75812586711288E-10));
#3694=DIRECTION('',(3.55271367880045E-14,-1.75823799963834E-10,-1.));
#3695=DIRECTION('',(-6.16794168961349E-14,1.91879393641888E-22,1.));
#3696=DIRECTION('',(1.89964070956351E-14,1.,8.88178419700409E-16));
#3697=DIRECTION('',(-1.49213974509621E-14,-7.10542735760101E-16,1.));
#3698=DIRECTION('center_axis',(-0.76314061634169,-0.646232465672861,-2.73546874865428E-16));
#3699=DIRECTION('ref_axis',(0.646232465672861,-0.76314061634169,-1.69451256657835E-16));
#3700=DIRECTION('',(-1.49213974509621E-14,-7.10542735760101E-16,1.));
#3701=DIRECTION('',(0.,-4.23294850376496E-16,1.));
#3702=DIRECTION('',(-0.646232465672861,0.76314061634169,1.69451256657835E-16));
#3703=DIRECTION('center_axis',(0.763140617065872,0.646232464817669,-1.53060795606808E-13));
#3704=DIRECTION('ref_axis',(0.646232464817669,-0.763140617065872,-1.30115058883956E-13));
#3705=DIRECTION('',(-0.64623246481767,0.763140617065871,-8.98117478878345E-15));
#3706=DIRECTION('center_axis',(5.25865633975111E-6,0.999999999986173,-1.05211975431942E-18));
#3707=DIRECTION('ref_axis',(-0.999999999986173,5.25865633975111E-6,0.));
#3708=DIRECTION('',(-3.55271367880045E-14,1.7580603639544E-10,1.));
#3709=DIRECTION('',(0.999999999986173,-5.25865633968554E-6,5.38954670383959E-14));
#3710=DIRECTION('',(3.53030064401599E-14,1.11011327590404E-15,-1.));
#3711=DIRECTION('',(4.08998788419195E-14,1.1100838438755E-15,-1.));
#3712=DIRECTION('',(0.999999999986173,-5.25865633968554E-6,6.37598903287506E-14));
#3713=DIRECTION('',(-6.27243326800931E-14,-1.10996907657296E-15,1.));
#3714=DIRECTION('',(0.999999999986173,-5.25865633968554E-6,5.38954670383959E-14));
#3715=DIRECTION('',(6.16794168927951E-14,-1.75811365465961E-10,-1.));
#3716=DIRECTION('',(1.53548169603474E-14,1.11022302462516E-16,-1.));
#3717=DIRECTION('center_axis',(3.78838218225895E-14,-0.707106781310648,
-0.707106781062448));
#3718=DIRECTION('ref_axis',(-1.,0.,-5.35758146254347E-14));
#3719=DIRECTION('center_axis',(-3.78838218225895E-14,0.707106781310648,
0.707106781062448));
#3720=DIRECTION('ref_axis',(1.04672830597289E-14,0.707106781062448,-0.707106781310648));
#3721=DIRECTION('',(-1.,-6.04885561640519E-16,-6.28353549830338E-14));
#3722=DIRECTION('',(1.,6.04885559906196E-16,5.29709290653161E-14));
#3723=DIRECTION('',(-4.32900000371375E-14,-0.707106781062447,0.707106781310648));
#3724=DIRECTION('center_axis',(2.35258092756419E-14,-0.707106781310864,
-0.707106781062231));
#3725=DIRECTION('ref_axis',(-1.,0.,-3.32705185492648E-14));
#3726=DIRECTION('center_axis',(-2.35258092756419E-14,0.707106781310864,
0.707106781062231));
#3727=DIRECTION('ref_axis',(1.04672830597321E-14,0.707106781062231,-0.707106781310864));
#3728=DIRECTION('',(3.69433520348796E-15,0.707106781062231,-0.707106781310864));
#3729=DIRECTION('',(1.,-1.97004105126942E-14,5.29709290688861E-14));
#3730=DIRECTION('',(-1.,-6.04885561640519E-16,-6.28353549830338E-14));
#3731=DIRECTION('center_axis',(-0.99999870143543,-0.00161156056450826,0.));
#3732=DIRECTION('ref_axis',(0.00161156056450826,-0.99999870143543,-2.22044316585774E-16));
#3733=DIRECTION('',(-0.00161156056450826,0.99999870143543,2.22044316585774E-16));
#3734=DIRECTION('',(0.,0.,-1.));
#3735=DIRECTION('',(-0.00161156056450826,0.99999870143543,8.64089911076395E-16));
#3736=DIRECTION('center_axis',(-0.767828251177126,0.64065573960925,0.));
#3737=DIRECTION('ref_axis',(-0.64065573960925,-0.767828251177126,-1.70492120682903E-16));
#3738=DIRECTION('',(0.,0.,1.));
#3739=DIRECTION('',(-0.64065573960925,-0.767828251177126,-1.70492120682903E-16));
#3740=DIRECTION('',(-0.64065573960925,-0.767828251177126,-1.02575952034866E-14));
#3741=DIRECTION('center_axis',(-3.5527136788005E-14,1.,0.));
#3742=DIRECTION('ref_axis',(1.,3.5527136788005E-14,7.88860905221011E-30));
#3743=DIRECTION('',(0.,0.,-1.));
#3744=DIRECTION('',(-1.,-3.5527136788005E-14,-7.88860905221011E-30));
#3745=DIRECTION('',(-1.,-3.23732823621401E-14,-6.853281975486E-15));
#3746=DIRECTION('center_axis',(0.,0.,-1.));
#3747=DIRECTION('ref_axis',(0.707106781186547,0.707106781186547,0.));
#3748=DIRECTION('',(0.,0.,-1.));
#3749=DIRECTION('center_axis',(0.,-2.22044604925031E-16,1.));
#3750=DIRECTION('ref_axis',(0.707106781186547,0.707106781186547,0.));
#3751=DIRECTION('center_axis',(-1.49466025647337E-14,-8.88178419700124E-16,
1.));
#3752=DIRECTION('ref_axis',(1.,-1.1842378929335E-14,1.49466025647337E-14));
#3753=DIRECTION('center_axis',(1.,-1.15223144728807E-14,0.));
#3754=DIRECTION('ref_axis',(-1.15223144728807E-14,-1.,-2.22044604925031E-16));
#3755=DIRECTION('',(0.,0.,-1.));
#3756=DIRECTION('',(1.15223144728807E-14,1.,2.22044604925031E-16));
#3757=DIRECTION('',(-1.3275249845831E-29,1.,8.88178419700122E-16));
#3758=DIRECTION('center_axis',(0.,-1.,0.));
#3759=DIRECTION('ref_axis',(-1.,0.,0.));
#3760=DIRECTION('',(0.,0.,-1.));
#3761=DIRECTION('',(1.,0.,0.));
#3762=DIRECTION('',(1.,4.15601623698781E-15,1.49466025647338E-14));
#3763=DIRECTION('center_axis',(0.766044443118968,0.642787609686552,0.));
#3764=DIRECTION('ref_axis',(-0.642787609686552,0.766044443118968,1.70096035727367E-16));
#3765=DIRECTION('',(-0.642787609686552,0.766044443118968,1.70096035727367E-16));
#3766=DIRECTION('',(0.642787609686552,-0.766044443118968,8.92710679261062E-15));
#3767=DIRECTION('center_axis',(0.,-2.22044604925031E-16,1.));
#3768=DIRECTION('ref_axis',(0.,-1.,-2.22044604925031E-16));
#3769=DIRECTION('',(0.99999870143543,0.00161156056450684,3.57838328858682E-19));
#3770=DIRECTION('',(0.,-1.,-2.22044604925031E-16));
#3771=DIRECTION('center_axis',(0.,-2.22044604925031E-16,1.));
#3772=DIRECTION('ref_axis',(-0.707106781186548,0.707106781186548,0.));
#3773=DIRECTION('',(-1.,7.105427357601E-15,1.57772181044202E-30));
#3774=DIRECTION('',(1.,0.,0.));
#3775=DIRECTION('',(1.,0.,0.));
#3776=DIRECTION('',(1.,0.,0.));
#3777=DIRECTION('',(-2.04964250700023E-14,1.,2.22044604925031E-16));
#3778=DIRECTION('',(-1.,-1.23572649697409E-14,2.47145299394818E-14));
#3779=DIRECTION('',(6.83214169000097E-15,-1.,-5.48791781249328E-14));
#3780=DIRECTION('',(1.,0.,0.));
#3781=DIRECTION('center_axis',(7.105427357601E-15,1.,0.));
#3782=DIRECTION('ref_axis',(1.,-7.105427357601E-15,-1.57772181044202E-30));
#3783=DIRECTION('',(0.,0.,-1.));
#3784=DIRECTION('',(-1.,5.87266311569848E-29,-8.10669111135641E-14));
#3785=DIRECTION('center_axis',(0.00161156056450684,-0.99999870143543,0.));
#3786=DIRECTION('ref_axis',(-0.99999870143543,-0.00161156056450684,-3.57838328858682E-19));
#3787=DIRECTION('',(0.,0.,-1.));
#3788=DIRECTION('',(0.99999870143543,0.0016115605645098,9.18363460234975E-15));
#3789=DIRECTION('center_axis',(0.,-1.,0.));
#3790=DIRECTION('ref_axis',(0.,0.,-1.));
#3791=DIRECTION('',(6.27243326806777E-14,-1.75811365465961E-10,-1.));
#3792=DIRECTION('',(-1.,-2.27340036833775E-14,-6.28353549791433E-14));
#3793=DIRECTION('',(-6.27243326806777E-14,1.75811365465961E-10,1.));
#3794=DIRECTION('',(3.55271367880045E-14,0.,-1.));
#3795=DIRECTION('',(-3.5527136785733E-14,0.,1.));
#3796=DIRECTION('center_axis',(3.55271367880045E-14,-1.7580603639544E-10,
-1.));
#3797=DIRECTION('ref_axis',(1.,-3.06672256251381E-24,3.55271367880045E-14));
#3798=DIRECTION('center_axis',(6.28353549831402E-14,-1.75812087110927E-10,
-1.));
#3799=DIRECTION('ref_axis',(1.,-3.06672256251381E-24,3.55271367880045E-14));
#3800=DIRECTION('',(3.55271367880045E-14,-1.7580603639544E-10,-1.));
#3801=DIRECTION('center_axis',(-5.29709290654225E-14,1.75812586711288E-10,
1.));
#3802=DIRECTION('ref_axis',(1.,1.41748443906901E-30,5.29709290654225E-14));
#3803=DIRECTION('',(3.55271367880045E-14,-1.7580603639544E-10,-1.));
#3804=DIRECTION('center_axis',(3.55271367880045E-14,-1.75823799963834E-10,
-1.));
#3805=DIRECTION('ref_axis',(-9.31335301676469E-24,-1.,1.75823799963834E-10));
#3806=DIRECTION('center_axis',(6.28353549831402E-14,-1.75812087110927E-10,
-1.));
#3807=DIRECTION('ref_axis',(-9.31335301676469E-24,-1.,1.75823799963834E-10));
#3808=DIRECTION('',(3.55271367880045E-14,-1.75823799963834E-10,-1.));
#3809=DIRECTION('center_axis',(-5.29709290654225E-14,1.75812586711288E-10,
1.));
#3810=DIRECTION('ref_axis',(-9.31295464200764E-24,-1.,1.75812586711288E-10));
#3811=DIRECTION('',(3.55271367880045E-14,-1.75823799963834E-10,-1.));
#3812=DIRECTION('center_axis',(0.,0.,-1.));
#3813=DIRECTION('ref_axis',(-0.707106781186548,0.707106781186548,0.));
#3814=DIRECTION('',(0.,0.,1.));
#3815=DIRECTION('center_axis',(-1.49466025647337E-14,-8.88178419700125E-16,
1.));
#3816=DIRECTION('ref_axis',(1.1842378929335E-14,1.,8.88178419700302E-16));
#3817=DIRECTION('center_axis',(-1.,0.,0.));
#3818=DIRECTION('ref_axis',(0.,1.,2.22044604925031E-16));
#3819=DIRECTION('',(3.48583695684881E-14,-1.,-8.88178419699604E-16));
#3820=DIRECTION('center_axis',(0.,1.,0.));
#3821=DIRECTION('ref_axis',(1.,0.,0.));
#3822=DIRECTION('',(0.,1.,0.));
#3823=DIRECTION('center_axis',(0.,-1.,0.));
#3824=DIRECTION('ref_axis',(1.,0.,0.));
#3825=DIRECTION('center_axis',(0.,0.,1.));
#3826=DIRECTION('ref_axis',(1.,0.,0.));
#3827=DIRECTION('',(1.,1.23572649697409E-14,-2.47145299394818E-14));
#3828=DIRECTION('',(2.04964250700023E-14,-1.,-2.22044604925031E-16));
#3829=DIRECTION('',(-1.,0.,0.));
#3830=DIRECTION('',(-6.83214169000097E-15,1.,5.48791781249328E-14));
#3831=DIRECTION('center_axis',(1.23572649697409E-14,-1.,0.));
#3832=DIRECTION('ref_axis',(1.,1.23572649697409E-14,-2.47145299394818E-14));
#3833=DIRECTION('',(0.,0.,1.));
#3834=DIRECTION('',(0.,0.,1.));
#3835=DIRECTION('center_axis',(1.,6.83214169000097E-15,0.));
#3836=DIRECTION('ref_axis',(-6.83214169000097E-15,1.,5.48791781249328E-14));
#3837=DIRECTION('',(0.,0.,1.));
#3838=DIRECTION('center_axis',(0.,1.,0.));
#3839=DIRECTION('ref_axis',(-1.,0.,0.));
#3840=DIRECTION('',(0.,0.,1.));
#3841=DIRECTION('center_axis',(-1.,-2.04964250700023E-14,0.));
#3842=DIRECTION('ref_axis',(2.04964250700023E-14,-1.,-2.22044604925031E-16));
#3843=DIRECTION('center_axis',(3.55271367880045E-14,-1.7580603639544E-10,
-1.));
#3844=DIRECTION('ref_axis',(-1.,1.42108547182679E-14,-3.55271367905029E-14));
#3845=DIRECTION('center_axis',(6.28353549831402E-14,-1.75812087110927E-10,
-1.));
#3846=DIRECTION('ref_axis',(-1.,1.42108547182679E-14,-3.55271367905029E-14));
#3847=DIRECTION('',(3.55271367880045E-14,-1.7580603639544E-10,-1.));
#3848=DIRECTION('center_axis',(-5.29709290654225E-14,1.75812586711288E-10,
1.));
#3849=DIRECTION('ref_axis',(-1.,1.42108547152012E-14,-5.29709290679209E-14));
#3850=DIRECTION('',(3.55271367880045E-14,-1.7580603639544E-10,-1.));
#3851=DIRECTION('center_axis',(6.28353549831402E-14,-1.75812087110927E-10,
-1.));
#3852=DIRECTION('ref_axis',(-1.,-1.58155417024583E-14,-6.29169757628277E-14));
#3853=DIRECTION('center_axis',(-6.28353549831402E-14,1.75812087110927E-10,
1.));
#3854=DIRECTION('ref_axis',(-1.,4.72597293826564E-29,-6.28353549831402E-14));
#3855=DIRECTION('center_axis',(6.28353549831402E-14,-1.75812087110927E-10,
-1.));
#3856=DIRECTION('ref_axis',(-1.,-1.58602516026265E-14,-6.2862665590457E-14));
#3857=DIRECTION('',(-1.5925769684916E-14,1.,-1.75812031599776E-10));
#3858=DIRECTION('',(1.,-6.79195262123624E-15,5.29709290666166E-14));
#3859=DIRECTION('center_axis',(5.29709290654225E-14,-1.75812586711288E-10,
-1.));
#3860=DIRECTION('ref_axis',(9.31295464200764E-24,1.,-1.75812586711288E-10));
#3861=DIRECTION('',(3.03025578392795E-14,-1.,1.75812586711288E-10));
#3862=DIRECTION('',(-1.,-1.5930215802122E-14,-6.28710100617497E-14));
#3863=DIRECTION('center_axis',(6.28353549831402E-14,-1.75812087110927E-10,
-1.));
#3864=DIRECTION('ref_axis',(-1.,-1.58602516026265E-14,-6.2862665590457E-14));
#3865=DIRECTION('center_axis',(-6.28353549831402E-14,1.75812087110927E-10,
1.));
#3866=DIRECTION('ref_axis',(-1.58513988441993E-14,1.,-1.75812142622078E-10));
#3867=DIRECTION('center_axis',(-1.53548169603474E-14,-1.11022302462516E-16,
1.));
#3868=DIRECTION('ref_axis',(-1.,-2.09219669034274E-14,-1.53548169603474E-14));
#3869=DIRECTION('center_axis',(1.24811720707227E-14,-1.75811365465961E-10,
-1.));
#3870=DIRECTION('ref_axis',(-1.,-2.09219669034274E-14,-1.24811720670444E-14));
#3871=DIRECTION('',(1.53548169603474E-14,1.11022302462516E-16,-1.));
#3872=DIRECTION('center_axis',(-1.0266294767139E-14,1.75811365465961E-10,
1.));
#3873=DIRECTION('ref_axis',(-1.58513988441993E-14,1.,-1.75812142622078E-10));
#3874=DIRECTION('center_axis',(-1.0266294767139E-14,1.75811365465961E-10,
1.));
#3875=DIRECTION('ref_axis',(-1.58513988441993E-14,1.,-1.75812142622078E-10));
#3876=DIRECTION('center_axis',(-1.53548169603474E-14,-1.11022302462516E-16,
1.));
#3877=DIRECTION('ref_axis',(-1.,-2.09219669034274E-14,-1.53548169603474E-14));
#3878=DIRECTION('center_axis',(1.24811720707227E-14,-1.75811365465961E-10,
-1.));
#3879=DIRECTION('ref_axis',(-1.,-2.09219669034274E-14,-1.24811720670444E-14));
#3880=DIRECTION('',(1.53548169603474E-14,1.11022302462516E-16,-1.));
#3881=DIRECTION('center_axis',(1.0266294767139E-14,-1.75811087910205E-10,
-1.));
#3882=DIRECTION('ref_axis',(-1.51478526716789E-14,1.,-1.7581110178799E-10));
#3883=DIRECTION('center_axis',(1.0266294767139E-14,-1.75811087910205E-10,
-1.));
#3884=DIRECTION('ref_axis',(-1.51478526716789E-14,1.,-1.7581110178799E-10));
#3885=DIRECTION('center_axis',(-1.53548169603474E-14,-1.11022302462516E-16,
1.));
#3886=DIRECTION('ref_axis',(-1.,-2.09219669034274E-14,-1.53548169603474E-14));
#3887=DIRECTION('center_axis',(1.24811720707227E-14,-1.75811365465961E-10,
-1.));
#3888=DIRECTION('ref_axis',(-1.,-2.09219669034274E-14,-1.24811720670444E-14));
#3889=DIRECTION('',(1.53548169603474E-14,1.11022302462516E-16,-1.));
#3890=DIRECTION('center_axis',(1.0266294767139E-14,-1.75811087910205E-10,
-1.));
#3891=DIRECTION('ref_axis',(-1.5147852671679E-14,1.,-1.75809852787087E-10));
#3892=DIRECTION('center_axis',(1.0266294767139E-14,-1.75811087910205E-10,
-1.));
#3893=DIRECTION('ref_axis',(-1.5147852671679E-14,1.,-1.75809852787087E-10));
#3894=DIRECTION('center_axis',(1.0266294767139E-14,-1.75811087910205E-10,
-1.));
#3895=DIRECTION('ref_axis',(-1.5147852671679E-14,1.,-1.75809852787087E-10));
#3896=DIRECTION('center_axis',(-1.53548169603474E-14,-1.11022302462516E-16,
1.));
#3897=DIRECTION('ref_axis',(-1.,-2.09219669034274E-14,-1.53548169603474E-14));
#3898=DIRECTION('center_axis',(1.24811720707227E-14,-1.75811365465961E-10,
-1.));
#3899=DIRECTION('ref_axis',(-1.,-2.09219669034274E-14,-1.24811720670444E-14));
#3900=DIRECTION('',(1.53548169603474E-14,1.11022302462516E-16,-1.));
#3901=DIRECTION('center_axis',(-1.0266294767139E-14,1.75811365465961E-10,
1.));
#3902=DIRECTION('ref_axis',(1.62221851305576E-14,-1.,1.75812975289347E-10));
#3903=DIRECTION('center_axis',(-1.0266294767139E-14,1.75811365465961E-10,
1.));
#3904=DIRECTION('ref_axis',(1.62221851305576E-14,-1.,1.75812975289347E-10));
#3905=DIRECTION('center_axis',(1.,1.59557499704011E-14,4.08998788419195E-14));
#3906=DIRECTION('ref_axis',(4.08668168833699E-14,-1.75812420177834E-10,
-1.));
#3907=DIRECTION('',(-1.27486482941878E-6,0.999999999999187,-1.75812586778676E-10));
#3908=DIRECTION('',(-1.48029736616687E-14,-9.86864910777917E-16,1.));
#3909=DIRECTION('',(3.32493196092492E-15,-1.,1.75812087110927E-10));
#3910=DIRECTION('center_axis',(1.,1.50302752403399E-15,6.27243326804134E-14));
#3911=DIRECTION('ref_axis',(1.50302751300625E-15,-1.,1.75812919778195E-10));
#3912=DIRECTION('',(1.48029736616687E-14,9.86864910777917E-16,-1.));
#3913=DIRECTION('',(3.03025578392795E-14,-1.,1.75812586711288E-10));
#3914=DIRECTION('',(-3.03025578392795E-14,1.,-1.75812087110927E-10));
#3915=DIRECTION('',(-2.30338595503283E-14,1.75812087110927E-10,1.));
#3916=DIRECTION('',(1.49519948848527E-14,-1.,1.75812087110927E-10));
#3917=DIRECTION('center_axis',(6.28353549831402E-14,-1.75812087110927E-10,
-1.));
#3918=DIRECTION('ref_axis',(-1.,-1.58155417024583E-14,-6.29169757628277E-14));
#3919=DIRECTION('center_axis',(-6.28353549831402E-14,1.75812087110927E-10,
1.));
#3920=DIRECTION('ref_axis',(-1.,4.72597293826564E-29,-6.28353549831402E-14));
#3921=DIRECTION('center_axis',(6.28353549831402E-14,-1.75812087110927E-10,
-1.));
#3922=DIRECTION('ref_axis',(-1.58513988441993E-14,1.,-1.75812050103493E-10));
#3923=DIRECTION('',(-1.,-1.59559122092991E-14,-2.30805182852452E-14));
#3924=DIRECTION('',(1.,-6.79195261950201E-15,6.28353549843343E-14));
#3925=DIRECTION('',(1.5925769684916E-14,-1.,1.75812031599776E-10));
#3926=DIRECTION('center_axis',(6.28353549831402E-14,-1.75812087110927E-10,
-1.));
#3927=DIRECTION('ref_axis',(-1.58513988441993E-14,1.,-1.75812050103493E-10));
#3928=DIRECTION('center_axis',(-6.28353549831402E-14,1.75812087110927E-10,
1.));
#3929=DIRECTION('ref_axis',(-1.58513988441993E-14,1.,-1.75812142622078E-10));
#3930=DIRECTION('center_axis',(7.27239160403631E-15,-1.,1.7581403000122E-10));
#3931=DIRECTION('ref_axis',(-1.,-7.27239161502691E-15,-6.25126523590745E-14));
#3932=DIRECTION('',(4.39831874624849E-10,1.7581195758486E-10,1.));
#3933=DIRECTION('',(-1.,-1.77156709240752E-14,-6.28353549800255E-14));
#3934=DIRECTION('',(6.33349553442215E-14,-1.75812420177834E-10,-1.));
#3935=DIRECTION('',(-1.,6.79195262123624E-15,-5.29709290666166E-14));
#3936=DIRECTION('center_axis',(-1.61478142898409E-14,1.,-1.75813086311649E-10));
#3937=DIRECTION('ref_axis',(-6.27937216197167E-14,1.75813183456164E-10,
1.));
#3938=DIRECTION('',(6.27798438319089E-14,-1.758131418228E-10,-1.));
#3939=DIRECTION('',(1.,1.59264972600971E-14,6.29329619167178E-14));
#3940=DIRECTION('',(-6.27243326806776E-14,1.75810976887902E-10,1.));
#3941=DIRECTION('',(1.,-1.64621532844083E-13,6.28353550120826E-14));
#3942=DIRECTION('center_axis',(-1.5925769684916E-14,1.,-1.75812031599776E-10));
#3943=DIRECTION('ref_axis',(-6.27937216197167E-14,1.75812212011017E-10,
1.));
#3944=DIRECTION('',(6.27798438319089E-14,-1.75812142622078E-10,-1.));
#3945=DIRECTION('',(-1.,1.38783615180074E-13,-6.283535500754E-14));
#3946=DIRECTION('center_axis',(6.28353549831402E-14,-1.75813086311649E-10,
-1.));
#3947=DIRECTION('ref_axis',(1.62221851305576E-14,-1.,1.75812975289347E-10));
#3948=DIRECTION('',(6.28353549831402E-14,-1.75813086311649E-10,-1.));
#3949=DIRECTION('center_axis',(6.28353549831402E-14,-1.75813086311649E-10,
-1.));
#3950=DIRECTION('ref_axis',(1.62221851305576E-14,-1.,1.75812975289347E-10));
#3951=DIRECTION('center_axis',(1.,1.6168593377352E-14,6.34573287123656E-14));
#3952=DIRECTION('ref_axis',(-6.34182220710684E-14,1.75813044678286E-10,
1.));
#3953=DIRECTION('',(-6.27243326806776E-14,1.75810976887902E-10,1.));
#3954=DIRECTION('',(-1.61478142898409E-14,1.,-1.75813086311649E-10));
#3955=DIRECTION('',(-6.27798438319089E-14,1.758131418228E-10,1.));
#3956=DIRECTION('',(1.6243890792927E-14,-1.,1.75812087110927E-10));
#3957=DIRECTION('center_axis',(-1.61478142898409E-14,1.,-1.75813086311649E-10));
#3958=DIRECTION('ref_axis',(6.27937216197167E-14,-1.75813183456164E-10,
-1.));
#3959=DIRECTION('',(5.60335806371336E-15,-1.758131418228E-10,-1.));
#3960=DIRECTION('',(-1.,-1.6153986188412E-14,-6.28720064420459E-14));
#3961=DIRECTION('',(6.27798438319089E-14,-1.758131418228E-10,-1.));
#3962=DIRECTION('',(1.,1.62438908039877E-14,6.28353549802843E-14));
#3963=DIRECTION('center_axis',(-1.,-1.6150267646387E-14,-6.2933958297014E-14));
#3964=DIRECTION('ref_axis',(-6.27937216197167E-14,1.75813183456164E-10,
1.));
#3965=DIRECTION('',(-6.27798438319089E-14,1.75812864267044E-10,1.));
#3966=DIRECTION('',(2.03378409351105E-13,1.,-1.75812087110927E-10));
#3967=DIRECTION('',(6.27798438319089E-14,-1.758131418228E-10,-1.));
#3968=DIRECTION('',(1.61478142898409E-14,-1.,1.75813086311649E-10));
#3969=DIRECTION('center_axis',(6.28353549831402E-14,-1.75813086311649E-10,
-1.));
#3970=DIRECTION('ref_axis',(1.62221851305576E-14,-1.,1.75812975289347E-10));
#3971=DIRECTION('',(6.28353549831402E-14,-1.75813086311649E-10,-1.));
#3972=DIRECTION('center_axis',(6.28353549831402E-14,-1.75813086311649E-10,
-1.));
#3973=DIRECTION('ref_axis',(1.62221851305576E-14,-1.,1.75812975289347E-10));
#3974=DIRECTION('center_axis',(-6.28353549831402E-14,1.75812087110927E-10,
1.));
#3975=DIRECTION('ref_axis',(-1.58513988441993E-14,1.,-1.75812142622078E-10));
#3976=DIRECTION('',(-6.28353549831402E-14,1.75812087110927E-10,1.));
#3977=DIRECTION('center_axis',(-6.28353549831402E-14,1.75812087110927E-10,
1.));
#3978=DIRECTION('ref_axis',(-1.58513988441993E-14,1.,-1.75812050103493E-10));
#3979=DIRECTION('',(-1.48029736616687E-14,-9.86864910777917E-16,1.));
#3980=DIRECTION('center_axis',(6.28353549831402E-14,-1.75812087110927E-10,
-1.));
#3981=DIRECTION('ref_axis',(1.,9.24612143662003E-15,6.27243326790521E-14));
#3982=DIRECTION('center_axis',(-1.,-1.5944822991062E-14,-6.34563323320694E-14));
#3983=DIRECTION('ref_axis',(-6.34182220710684E-14,1.75812142622078E-10,
1.));
#3984=DIRECTION('',(1.32514520280943E-13,-1.,1.75812087110927E-10));
#3985=DIRECTION('',(-6.27798438319089E-14,1.75812142622078E-10,1.));
#3986=DIRECTION('center_axis',(-1.5925769684916E-14,1.,-1.75812031599776E-10));
#3987=DIRECTION('ref_axis',(6.27937216197167E-14,-1.75812212011017E-10,
-1.));
#3988=DIRECTION('',(5.60335806371334E-15,-1.75812087110927E-10,-1.));
#3989=DIRECTION('',(-1.,-1.62438908039877E-14,-6.28353549802843E-14));
#3990=DIRECTION('',(-6.27243326806776E-14,1.75810976887902E-10,1.));
#3991=DIRECTION('center_axis',(1.,1.59264972600971E-14,6.29329619167178E-14));
#3992=DIRECTION('ref_axis',(-6.27937216197167E-14,1.75812212011017E-10,
1.));
#3993=DIRECTION('',(-6.27243326806776E-14,1.75810976887902E-10,1.));
#3994=DIRECTION('',(-6.27243326806776E-14,1.75810976887902E-10,1.));
#3995=DIRECTION('',(-1.62438907929269E-14,1.,-1.75812087110927E-10));
#3996=DIRECTION('center_axis',(6.28353549831402E-14,-1.75812087110927E-10,
-1.));
#3997=DIRECTION('ref_axis',(-1.,-1.58602516026265E-14,-6.2862665590457E-14));
#3998=DIRECTION('',(-1.48029736616687E-14,-9.86864910777917E-16,1.));
#3999=DIRECTION('center_axis',(6.28353549831402E-14,-1.75812087110927E-10,
-1.));
#4000=DIRECTION('ref_axis',(9.15188109519707E-13,-1.,1.75810939880466E-10));
#4001=DIRECTION('center_axis',(-6.28353549831402E-14,1.75812087110927E-10,
1.));
#4002=DIRECTION('ref_axis',(-1.58513988441993E-14,1.,-1.75812142622078E-10));
#4003=DIRECTION('',(-6.28353549831402E-14,1.75812087110927E-10,1.));
#4004=DIRECTION('center_axis',(-6.79195263054885E-15,-1.,1.7580603639544E-10));
#4005=DIRECTION('ref_axis',(-1.,6.79195262123624E-15,-5.29709290666166E-14));
#4006=DIRECTION('',(4.39837795814472E-10,-1.75806036395459E-10,-1.));
#4007=DIRECTION('',(-1.,6.79195262123624E-15,-5.29709290666166E-14));
#4008=DIRECTION('',(3.55271367880045E-14,-1.7580603639544E-10,-1.));
#4009=DIRECTION('',(-1.,-1.77156709240752E-14,-6.28353549800255E-14));
#4010=DIRECTION('center_axis',(3.55271367880045E-14,-1.7580603639544E-10,
-1.));
#4011=DIRECTION('ref_axis',(9.31272192804051E-24,1.,-1.7580603639544E-10));
#4012=DIRECTION('center_axis',(-5.29709290654225E-14,1.75812586711288E-10,
1.));
#4013=DIRECTION('ref_axis',(9.31295464200764E-24,1.,-1.75812586711288E-10));
#4014=DIRECTION('',(3.55271367880045E-14,-1.7580603639544E-10,-1.));
#4015=DIRECTION('center_axis',(-1.,-3.03025578455256E-14,-3.55271367826771E-14));
#4016=DIRECTION('ref_axis',(-3.03025578392795E-14,1.,-1.75812586711288E-10));
#4017=DIRECTION('',(-1.48029736616687E-14,-9.86864910777917E-16,1.));
#4018=DIRECTION('',(-1.49519948848526E-14,1.,-1.75812087110927E-10));
#4019=DIRECTION('',(-3.03025578392795E-14,1.,-1.75812586711288E-10));
#4020=DIRECTION('center_axis',(3.55271367880045E-14,-1.7580603639544E-10,
-1.));
#4021=DIRECTION('ref_axis',(-1.57898385631338E-14,1.,-1.7580603639544E-10));
#4022=DIRECTION('center_axis',(5.29709290654225E-14,-1.75812586711288E-10,
-1.));
#4023=DIRECTION('ref_axis',(-1.57898385631336E-14,1.,-1.75812586711288E-10));
#4024=DIRECTION('center_axis',(-0.999999999999187,-1.27486482941879E-6,
-3.53030078553756E-14));
#4025=DIRECTION('ref_axis',(-1.27486482941878E-6,0.999999999999187,-1.75812586778676E-10));
#4026=DIRECTION('',(-1.27486482941878E-6,0.999999999999187,-1.75812586778676E-10));
#4027=DIRECTION('',(-1.48029736616687E-14,-9.86864910777917E-16,1.));
#4028=DIRECTION('center_axis',(5.29709290654225E-14,-1.75812586711288E-10,
-1.));
#4029=DIRECTION('ref_axis',(1.,1.41748443906901E-30,5.29709290654225E-14));
#4030=DIRECTION('center_axis',(-5.29709290654225E-14,1.75812586711288E-10,
1.));
#4031=DIRECTION('ref_axis',(-1.,3.75248735794926E-29,-5.29709290654225E-14));
#4032=DIRECTION('center_axis',(6.28353549831402E-14,-1.75812087110927E-10,
-1.));
#4033=DIRECTION('ref_axis',(1.51691990385286E-14,-1.,1.75812073233139E-10));
#4034=DIRECTION('center_axis',(-6.28353549831402E-14,1.75812087110927E-10,
1.));
#4035=DIRECTION('ref_axis',(-1.,4.72597293826564E-29,-6.28353549831402E-14));
#4036=DIRECTION('',(1.,6.04885561640519E-16,6.28353549830338E-14));
#4037=DIRECTION('center_axis',(6.28353549831402E-14,-1.75812087110927E-10,
-1.));
#4038=DIRECTION('ref_axis',(1.51691990385286E-14,-1.,1.75812073233139E-10));
#4039=DIRECTION('center_axis',(-6.28353549831402E-14,1.75812087110927E-10,
1.));
#4040=DIRECTION('ref_axis',(-1.,4.72597293826564E-29,-6.28353549831402E-14));
#4041=DIRECTION('center_axis',(6.28353549831402E-14,-1.75812087110927E-10,
-1.));
#4042=DIRECTION('ref_axis',(1.51691990385286E-14,-1.,1.75812073233139E-10));
#4043=DIRECTION('center_axis',(-6.28353549831402E-14,1.75812087110927E-10,
1.));
#4044=DIRECTION('ref_axis',(-1.,4.72597293826564E-29,-6.28353549831402E-14));
#4045=DIRECTION('center_axis',(6.28353549831402E-14,-1.75812087110927E-10,
-1.));
#4046=DIRECTION('ref_axis',(1.,9.24612143662003E-15,6.27243326790521E-14));
#4047=DIRECTION('center_axis',(6.28353549831402E-14,-1.75812087110927E-10,
-1.));
#4048=DIRECTION('ref_axis',(1.51691990385286E-14,-1.,1.75812073233139E-10));
#4049=DIRECTION('center_axis',(-6.28353549831402E-14,1.75812087110927E-10,
1.));
#4050=DIRECTION('ref_axis',(-1.,4.72597293826564E-29,-6.28353549831402E-14));
#4051=DIRECTION('',(-3.32493196092492E-15,1.,-1.75812087110927E-10));
#4052=DIRECTION('center_axis',(6.28353549831402E-14,-1.75812087110927E-10,
-1.));
#4053=DIRECTION('ref_axis',(1.51691990385286E-14,-1.,1.75812073233139E-10));
#4054=DIRECTION('center_axis',(-6.28353549831402E-14,1.75812087110927E-10,
1.));
#4055=DIRECTION('ref_axis',(-1.,4.72597293826564E-29,-6.28353549831402E-14));
#4056=DIRECTION('center_axis',(6.28353549831402E-14,-1.75812087110927E-10,
-1.));
#4057=DIRECTION('ref_axis',(1.51691990385286E-14,-1.,1.75812073233139E-10));
#4058=DIRECTION('center_axis',(-6.28353549831402E-14,1.75812087110927E-10,
1.));
#4059=DIRECTION('ref_axis',(-1.,4.72597293826564E-29,-6.28353549831402E-14));
#4060=DIRECTION('center_axis',(6.28353549831402E-14,-1.75812087110927E-10,
-1.));
#4061=DIRECTION('ref_axis',(9.15188109519707E-13,-1.,1.75810939880466E-10));
#4062=DIRECTION('center_axis',(6.28353549831402E-14,-1.75812087110927E-10,
-1.));
#4063=DIRECTION('ref_axis',(1.51691990385286E-14,-1.,1.75812073233139E-10));
#4064=DIRECTION('center_axis',(-6.28353549831402E-14,1.75812087110927E-10,
1.));
#4065=DIRECTION('ref_axis',(-1.,4.72597293826564E-29,-6.28353549831402E-14));
#4066=DIRECTION('center_axis',(-6.28353549831402E-14,1.75812087110927E-10,
1.));
#4067=DIRECTION('ref_axis',(-1.,4.72597293826564E-29,-6.28353549831402E-14));
#4068=DIRECTION('',(1.,6.04885561640519E-16,6.28353549830338E-14));
#4069=DIRECTION('center_axis',(6.28353549831402E-14,-1.75812087110927E-10,
-1.));
#4070=DIRECTION('ref_axis',(1.51691990385286E-14,-1.,1.75812073233139E-10));
#4071=DIRECTION('center_axis',(-6.28353549831402E-14,1.75812087110927E-10,
1.));
#4072=DIRECTION('ref_axis',(-1.,4.72597293826564E-29,-6.28353549831402E-14));
#4073=DIRECTION('',(-1.49519948848526E-14,1.,-1.75812087110927E-10));
#4074=DIRECTION('center_axis',(6.28353549831402E-14,-1.75812087110927E-10,
-1.));
#4075=DIRECTION('ref_axis',(-1.,-1.51673109012876E-14,-6.27243326780111E-14));
#4076=DIRECTION('center_axis',(6.28353549831402E-14,-1.75812087110927E-10,
-1.));
#4077=DIRECTION('ref_axis',(1.51691990385286E-14,-1.,1.75812073233139E-10));
#4078=DIRECTION('center_axis',(-6.28353549831402E-14,1.75812087110927E-10,
1.));
#4079=DIRECTION('ref_axis',(-1.,4.72597293826564E-29,-6.28353549831402E-14));
#4080=DIRECTION('center_axis',(6.28353549831402E-14,-1.75812087110927E-10,
-1.));
#4081=DIRECTION('ref_axis',(-1.,-1.51673109012876E-14,-6.27243326780111E-14));
#4082=DIRECTION('',(1.,1.70773720189424E-14,6.28353549801378E-14));
#4083=DIRECTION('center_axis',(6.28353549831402E-14,-1.75812087110927E-10,
-1.));
#4084=DIRECTION('ref_axis',(1.51691990385286E-14,-1.,1.75812073233139E-10));
#4085=DIRECTION('center_axis',(-6.28353549831402E-14,1.75812087110927E-10,
1.));
#4086=DIRECTION('ref_axis',(-1.,4.72597293826564E-29,-6.28353549831402E-14));
#4087=DIRECTION('',(-1.39438043152324E-15,1.,-1.75812087110927E-10));
#4088=DIRECTION('',(1.39438043152324E-15,-1.,1.75812087110927E-10));
#4089=DIRECTION('center_axis',(6.28353549831402E-14,-1.75812087110927E-10,
-1.));
#4090=DIRECTION('ref_axis',(1.51691990385286E-14,-1.,1.75812073233139E-10));
#4091=DIRECTION('center_axis',(-6.28353549831402E-14,1.75812087110927E-10,
1.));
#4092=DIRECTION('ref_axis',(-1.,4.72597293826564E-29,-6.28353549831402E-14));
#4093=DIRECTION('',(1.,1.70773720189424E-14,6.28353549801378E-14));
#4094=DIRECTION('center_axis',(6.28353549831402E-14,-1.75812087110927E-10,
-1.));
#4095=DIRECTION('ref_axis',(-1.516731089026E-14,1.,-1.75810847361882E-10));
#4096=DIRECTION('center_axis',(6.28353549831402E-14,-1.75812087110927E-10,
-1.));
#4097=DIRECTION('ref_axis',(1.51691990385286E-14,-1.,1.75812073233139E-10));
#4098=DIRECTION('center_axis',(-6.28353549831402E-14,1.75812087110927E-10,
1.));
#4099=DIRECTION('ref_axis',(-1.,4.72597293826564E-29,-6.28353549831402E-14));
#4100=DIRECTION('center_axis',(6.28353549831402E-14,-1.75812087110927E-10,
-1.));
#4101=DIRECTION('ref_axis',(-1.516731089026E-14,1.,-1.75810847361882E-10));
#4102=DIRECTION('',(1.49519948848527E-14,-1.,1.75812087110927E-10));
#4103=DIRECTION('center_axis',(3.70283844732367E-14,0.707106781062396,-0.707106781310699));
#4104=DIRECTION('ref_axis',(-1.,0.,-5.23660435056224E-14));
#4105=DIRECTION('center_axis',(-3.70283844732367E-14,-0.707106781062396,
0.707106781310699));
#4106=DIRECTION('ref_axis',(-1.0467283056054E-14,0.707106781310699,0.707106781062396));
#4107=DIRECTION('',(-1.,-6.04885559906196E-16,-5.29709290653161E-14));
#4108=DIRECTION('',(-4.47714614357766E-14,0.707106781310699,0.707106781062396));
#4109=DIRECTION('center_axis',(-1.,-5.9207530007468E-16,-6.27243326805736E-14));
#4110=DIRECTION('ref_axis',(-5.92075289046937E-16,1.,-1.75812919778195E-10));
#4111=DIRECTION('',(1.48029736616687E-14,9.86864910777917E-16,-1.));
#4112=DIRECTION('',(-3.03025578392795E-14,1.,-1.75812586711288E-10));
#4113=DIRECTION('',(3.03025578392795E-14,-1.,1.75812087110927E-10));
#4114=DIRECTION('center_axis',(-6.28353549831402E-14,1.75813086311649E-10,
1.));
#4115=DIRECTION('ref_axis',(-1.,-1.62332022464432E-14,-6.28643262242839E-14));
#4116=DIRECTION('',(1.48029736616687E-14,9.86864910777917E-16,-1.));
#4117=DIRECTION('center_axis',(-6.28353549831402E-14,1.75813086311649E-10,
1.));
#4118=DIRECTION('ref_axis',(-1.,-1.62332022464432E-14,-6.28643262242839E-14));
#4119=DIRECTION('center_axis',(-6.28353549831402E-14,1.75813086311649E-10,
1.));
#4120=DIRECTION('ref_axis',(-1.,-1.62332022464432E-14,-6.28643262242839E-14));
#4121=DIRECTION('',(-1.48029736616687E-14,-9.86864910777917E-16,1.));
#4122=DIRECTION('center_axis',(-6.28353549831402E-14,1.75813086311649E-10,
1.));
#4123=DIRECTION('ref_axis',(-1.,-1.62332022464432E-14,-6.28643262242839E-14));
#4124=DIRECTION('center_axis',(6.28353549831402E-14,-1.75812087110927E-10,
-1.));
#4125=DIRECTION('ref_axis',(-1.,-1.58602516026265E-14,-6.2862665590457E-14));
#4126=DIRECTION('',(1.48029736616687E-14,9.86864910777917E-16,-1.));
#4127=DIRECTION('center_axis',(6.28353549831402E-14,-1.75812087110927E-10,
-1.));
#4128=DIRECTION('ref_axis',(-1.,-1.58155417024583E-14,-6.29169757628277E-14));
#4129=DIRECTION('center_axis',(-6.28353549831402E-14,1.75812087110927E-10,
1.));
#4130=DIRECTION('ref_axis',(-1.,4.72597293826564E-29,-6.28353549831402E-14));
#4131=DIRECTION('',(-1.,6.26949472556076E-15,-6.28353549842424E-14));
#4132=DIRECTION('center_axis',(2.5623105421893E-14,1.,-1.7581403000122E-10));
#4133=DIRECTION('ref_axis',(1.,-2.56231054109024E-14,6.25126523648579E-14));
#4134=DIRECTION('',(4.39861480572289E-10,1.75811957584907E-10,1.));
#4135=DIRECTION('',(1.,-6.26949472729498E-15,5.29709290665247E-14));
#4136=DIRECTION('center_axis',(5.29709290654225E-14,-1.75812586711288E-10,
-1.));
#4137=DIRECTION('ref_axis',(1.,1.41748443906901E-30,5.29709290654225E-14));
#4138=DIRECTION('center_axis',(-5.29709290654225E-14,1.75812586711288E-10,
1.));
#4139=DIRECTION('ref_axis',(-1.,3.75248735794926E-29,-5.29709290654225E-14));
#4140=DIRECTION('',(9.31295464200764E-24,1.,-1.75812586711288E-10));
#4141=DIRECTION('center_axis',(1.,1.39438044255094E-15,6.27243326804326E-14));
#4142=DIRECTION('ref_axis',(-1.39438043152323E-15,1.,-1.75812253644381E-10));
#4143=DIRECTION('',(1.48029736616687E-14,9.86864910777917E-16,-1.));
#4144=DIRECTION('center_axis',(-1.,-1.39438044255094E-15,-6.27243326804326E-14));
#4145=DIRECTION('ref_axis',(1.39438043152323E-15,-1.,1.75812253644381E-10));
#4146=DIRECTION('',(-1.48029736616687E-14,-9.86864910777917E-16,1.));
#4147=DIRECTION('',(1.29193541009382E-14,-1.,1.75812586711288E-10));
#4148=DIRECTION('center_axis',(5.29709290654225E-14,-1.75812586711288E-10,
-1.));
#4149=DIRECTION('ref_axis',(1.,1.41748444111986E-30,5.29709290654225E-14));
#4150=DIRECTION('center_axis',(-5.29709290654225E-14,1.75812586711288E-10,
1.));
#4151=DIRECTION('ref_axis',(-1.,3.75248735794926E-29,-5.29709290654225E-14));
#4152=DIRECTION('',(-1.,-6.04885559906196E-16,-5.29709290653162E-14));
#4153=DIRECTION('',(3.03025578392795E-14,-1.,1.75812586711288E-10));
#4154=DIRECTION('',(1.,-6.26949472729498E-15,5.29709290665247E-14));
#4155=DIRECTION('center_axis',(2.5623105421893E-14,1.,-1.7581403000122E-10));
#4156=DIRECTION('ref_axis',(1.,-2.56231054109024E-14,6.25126523648579E-14));
#4157=DIRECTION('',(4.3988516533015E-10,-1.75811957584908E-10,-1.));
#4158=DIRECTION('',(-1.,6.26949472556058E-15,-6.28353549842424E-14));
#4159=DIRECTION('center_axis',(6.28353549831402E-14,-1.75813086311649E-10,
-1.));
#4160=DIRECTION('ref_axis',(1.62221851305576E-14,-1.,1.75812975289347E-10));
#4161=DIRECTION('',(1.48029736616687E-14,9.86864910777917E-16,-1.));
#4162=DIRECTION('center_axis',(-6.28353549831402E-14,1.75813086311649E-10,
1.));
#4163=DIRECTION('ref_axis',(1.62221851305576E-14,-1.,1.75812975289347E-10));
#4164=DIRECTION('center_axis',(6.28353549831402E-14,-1.75813086311649E-10,
-1.));
#4165=DIRECTION('ref_axis',(1.62221851305576E-14,-1.,1.75812975289347E-10));
#4166=DIRECTION('',(-1.48029736616687E-14,-9.86864910777917E-16,1.));
#4167=DIRECTION('center_axis',(-6.28353549831402E-14,1.75813086311649E-10,
1.));
#4168=DIRECTION('ref_axis',(1.62221851305576E-14,-1.,1.75812975289347E-10));
#4169=DIRECTION('center_axis',(6.28353549831402E-14,-1.75812087110927E-10,
-1.));
#4170=DIRECTION('ref_axis',(-1.,-1.58155417024583E-14,-6.29169757628277E-14));
#4171=DIRECTION('center_axis',(-6.28353549831402E-14,1.75812087110927E-10,
1.));
#4172=DIRECTION('ref_axis',(-1.,4.72597293826564E-29,-6.28353549831402E-14));
#4173=DIRECTION('',(-3.03025578392795E-14,1.,-1.75812087110927E-10));
#4174=DIRECTION('center_axis',(-6.28353549831402E-14,1.75812087110927E-10,
1.));
#4175=DIRECTION('ref_axis',(-1.58513988441993E-14,1.,-1.75812050103493E-10));
#4176=DIRECTION('',(1.48029736616687E-14,9.86864910777917E-16,-1.));
#4177=DIRECTION('center_axis',(1.,1.50302752403399E-15,6.27243326804134E-14));
#4178=DIRECTION('ref_axis',(1.50302751300625E-15,-1.,1.75812919778195E-10));
#4179=DIRECTION('',(-1.48029736616687E-14,-9.86864910777917E-16,1.));
#4180=DIRECTION('',(4.54156019306781E-14,-0.707106781310649,-0.707106781062446));
#4181=DIRECTION('center_axis',(3.7028384473234E-14,0.707106781062446,-0.707106781310649));
#4182=DIRECTION('ref_axis',(-1.,0.,-5.23660435056223E-14));
#4183=DIRECTION('center_axis',(-3.7028384473234E-14,-0.707106781062446,
0.707106781310649));
#4184=DIRECTION('ref_axis',(-1.04672830560548E-14,0.707106781310649,0.707106781062446));
#4185=DIRECTION('center_axis',(1.48029736616687E-14,9.86864910777917E-16,
-1.));
#4186=DIRECTION('ref_axis',(-1.,-1.41742324608371E-31,-1.48029736616687E-14));
#4187=DIRECTION('',(1.48029736616687E-14,9.86864910777917E-16,-1.));
#4188=DIRECTION('center_axis',(-5.29709290654225E-14,1.75812586711288E-10,
1.));
#4189=DIRECTION('ref_axis',(-1.,3.75248735794926E-29,-5.29709290654225E-14));
#4190=DIRECTION('',(1.48029736616687E-14,9.86864910777917E-16,-1.));
#4191=DIRECTION('center_axis',(-1.49466025647337E-14,-8.88178419700125E-16,
1.));
#4192=DIRECTION('ref_axis',(-1.,-2.09219669038609E-14,-1.49466025647337E-14));
#4193=DIRECTION('center_axis',(-1.49466025647337E-14,-8.88178419700125E-16,
1.));
#4194=DIRECTION('ref_axis',(-1.,-2.09219669038609E-14,-1.49466025647337E-14));
#4195=DIRECTION('center_axis',(-1.49466025647337E-14,-8.88178419700111E-16,
1.));
#4196=DIRECTION('ref_axis',(-1.,-9.60890376268669E-45,-1.49466025647337E-14));
#4197=DIRECTION('center_axis',(-1.49466025647337E-14,-8.88178419700111E-16,
1.));
#4198=DIRECTION('ref_axis',(-1.,-9.60890376268669E-45,-1.49466025647337E-14));
#4199=DIRECTION('center_axis',(-1.49466025647337E-14,-8.88178419700111E-16,
1.));
#4200=DIRECTION('ref_axis',(-1.,-9.60890376268669E-45,-1.49466025647337E-14));
#4201=DIRECTION('center_axis',(-1.49466025647337E-14,-8.88178419700111E-16,
1.));
#4202=DIRECTION('ref_axis',(-1.,-9.60890376268669E-45,-1.49466025647337E-14));
#4203=DIRECTION('center_axis',(1.,3.32493197195261E-15,6.27243326800931E-14));
#4204=DIRECTION('ref_axis',(3.32493196092486E-15,-1.,1.75812975289347E-10));
#4205=DIRECTION('',(-5.16758353373182E-14,-1.,1.75812586711288E-10));
#4206=DIRECTION('center_axis',(5.29709290654225E-14,-1.75812586711288E-10,
-1.));
#4207=DIRECTION('ref_axis',(1.,1.41748444060894E-30,5.29709290654225E-14));
#4208=DIRECTION('center_axis',(5.29709290654225E-14,-1.75812586711288E-10,
-1.));
#4209=DIRECTION('ref_axis',(-1.,-1.97372982155587E-14,-5.29709290619524E-14));
#4210=DIRECTION('center_axis',(-6.16794168927951E-14,1.75811365465961E-10,
1.));
#4211=DIRECTION('ref_axis',(-1.,-2.42896434201077E-14,-6.16794168885247E-14));
#4212=DIRECTION('center_axis',(-1.0266294767139E-14,1.75811087910205E-10,
1.));
#4213=DIRECTION('ref_axis',(-1.,-2.42896434201077E-14,-6.16794168885247E-14));
#4214=DIRECTION('center_axis',(-1.53548169603474E-14,-1.11022302462516E-16,
1.));
#4215=DIRECTION('ref_axis',(-1.30270476177091E-14,1.,1.23358113847243E-16));
#4216=CARTESIAN_POINT('',(0.,0.,0.));
#4217=CARTESIAN_POINT('Origin',(-205.668435553709,-153.500084138507,391.561999991203));
#4218=CARTESIAN_POINT('',(-205.668435553709,-156.750084138507,391.561999991203));
#4219=CARTESIAN_POINT('Origin',(-205.668435553709,-153.500084138507,391.561999991203));
#4220=CARTESIAN_POINT('',(-206.668435553709,-156.750084138507,391.561999991203));
#4221=CARTESIAN_POINT('',(-205.668435553709,-156.750084138507,391.561999991203));
#4222=CARTESIAN_POINT('Origin',(-206.668435553709,-153.500084138507,391.561999991203));
#4223=CARTESIAN_POINT('Origin',(-206.668435553709,-153.500084138507,391.561999991203));
#4224=CARTESIAN_POINT('',(-206.668435553709,-154.750084138507,391.561999991203));
#4225=CARTESIAN_POINT('Origin',(-206.668435553709,-153.500084138507,391.561999991203));
#4226=CARTESIAN_POINT('Origin',(-205.668435553709,-153.500084138507,391.561999991203));
#4227=CARTESIAN_POINT('',(-209.130592836558,-154.750084138507,391.561999991203));
#4228=CARTESIAN_POINT('',(-205.668435553709,-154.750084138507,391.561999991203));
#4229=CARTESIAN_POINT('Ctrl Pts',(-209.130592836558,-154.750084138507,391.561999991203));
#4230=CARTESIAN_POINT('Ctrl Pts',(-209.130592836558,-154.750084138507,391.404936030751));
#4231=CARTESIAN_POINT('Ctrl Pts',(-209.127337342223,-154.718673700982,391.237473981738));
#4232=CARTESIAN_POINT('Ctrl Pts',(-209.11559345742,-154.59107458761,390.929530613991));
#4233=CARTESIAN_POINT('Ctrl Pts',(-209.107276245169,-154.494891553543,390.789040453272));
#4234=CARTESIAN_POINT('Ctrl Pts',(-209.091675324085,-154.273044042098,390.567192941828));
#4235=CARTESIAN_POINT('Ctrl Pts',(-209.083376005613,-154.132553721012,390.471009622494));
#4236=CARTESIAN_POINT('Ctrl Pts',(-209.071673085286,-153.824609816359,390.343410295993));
#4237=CARTESIAN_POINT('Ctrl Pts',(-209.068435553709,-153.6571475812,390.311999991203));
#4238=CARTESIAN_POINT('Ctrl Pts',(-209.068435553709,-153.343020695815,390.311999991203));
#4239=CARTESIAN_POINT('Ctrl Pts',(-209.071673085286,-153.175558460656,390.343410295992));
#4240=CARTESIAN_POINT('Ctrl Pts',(-209.083376005613,-152.867614556003,390.471009622494));
#4241=CARTESIAN_POINT('Ctrl Pts',(-209.091675324085,-152.727124234916,390.567192941828));
#4242=CARTESIAN_POINT('Ctrl Pts',(-209.107276245169,-152.505276723472,390.789040453272));
#4243=CARTESIAN_POINT('Ctrl Pts',(-209.11559345742,-152.409093689405,390.929530613991));
#4244=CARTESIAN_POINT('Ctrl Pts',(-209.127337342223,-152.281494576032,391.237473981738));
#4245=CARTESIAN_POINT('Ctrl Pts',(-209.130592836558,-152.250084138507,391.404936030751));
#4246=CARTESIAN_POINT('Ctrl Pts',(-209.130592836558,-152.250084138507,391.719063951656));
#4247=CARTESIAN_POINT('Ctrl Pts',(-209.127337342223,-152.281494576033,391.886526000669));
#4248=CARTESIAN_POINT('Ctrl Pts',(-209.11559345742,-152.409093689405,392.194469368416));
#4249=CARTESIAN_POINT('Ctrl Pts',(-209.107276245169,-152.505276723472,392.334959529134));
#4250=CARTESIAN_POINT('Ctrl Pts',(-209.091675324085,-152.727124234916,392.556807040579));
#4251=CARTESIAN_POINT('Ctrl Pts',(-209.083376005612,-152.867614556003,392.652990359912));
#4252=CARTESIAN_POINT('Ctrl Pts',(-209.071673085285,-153.175558460656,392.780589686414));
#4253=CARTESIAN_POINT('Ctrl Pts',(-209.068435553708,-153.343020695815,392.811999991203));
#4254=CARTESIAN_POINT('Ctrl Pts',(-209.068435553708,-153.6571475812,392.811999991203));
#4255=CARTESIAN_POINT('Ctrl Pts',(-209.071673085285,-153.824609816359,392.780589686414));
#4256=CARTESIAN_POINT('Ctrl Pts',(-209.083376005612,-154.132553721012,392.652990359912));
#4257=CARTESIAN_POINT('Ctrl Pts',(-209.091675324085,-154.273044042098,392.556807040579));
#4258=CARTESIAN_POINT('Ctrl Pts',(-209.107276245168,-154.494891553543,392.334959529134));
#4259=CARTESIAN_POINT('Ctrl Pts',(-209.11559345742,-154.59107458761,392.194469368416));
#4260=CARTESIAN_POINT('Ctrl Pts',(-209.127337342223,-154.718673700982,391.886526000669));
#4261=CARTESIAN_POINT('Ctrl Pts',(-209.130592836558,-154.750084138507,391.719063951656));
#4262=CARTESIAN_POINT('Ctrl Pts',(-209.130592836558,-154.750084138507,391.561999991203));
#4263=CARTESIAN_POINT('Origin',(-221.648977490866,-160.509606657887,335.999999991206));
#4264=CARTESIAN_POINT('',(-200.668435553719,-153.500084138508,335.999999991207));
#4265=CARTESIAN_POINT('Origin',(-221.66843555372,-153.500084138508,335.999999991206));
#4266=CARTESIAN_POINT('',(-234.26843555372,-153.500084138508,335.999999991208));
#4267=CARTESIAN_POINT('Origin',(-221.66843555372,-153.500084138508,335.999999991206));
#4268=CARTESIAN_POINT('Origin',(-240.716031082016,-172.579362559844,427.99999999121));
#4269=CARTESIAN_POINT('',(-236.263139227204,-185.574968777482,422.999999991209));
#4270=CARTESIAN_POINT('',(-228.631733056532,-179.112644129296,432.999999991207));
#4271=CARTESIAN_POINT('',(-236.263139227204,-185.574968777482,422.999999991209));
#4272=CARTESIAN_POINT('',(-234.668435553701,-171.983858251861,432.999999991208));
#4273=CARTESIAN_POINT('',(-236.900327996686,-169.348200235756,432.999999991209));
#4274=CARTESIAN_POINT('',(-237.6684355537,-173.083428743112,429.99999999121));
#4275=CARTESIAN_POINT('',(-234.668435553701,-171.983858251861,432.999999991208));
#4276=CARTESIAN_POINT('',(-237.668435553702,-183.91544412627,422.999999991209));
#4277=CARTESIAN_POINT('',(-237.668435553702,-190.496482866905,418.747119104788));
#4278=CARTESIAN_POINT('',(-244.531734167346,-175.810524883932,422.99999999121));
#4279=CARTESIAN_POINT('Origin',(-236.168435553701,-170.550084138509,431.499999991209));
#4280=CARTESIAN_POINT('',(-234.668435553702,-138.700184053125,432.999999991208));
#4281=CARTESIAN_POINT('',(-234.668435553701,-170.550084138509,432.999999991208));
#4282=CARTESIAN_POINT('',(-237.668435553701,-135.700168277115,429.99999999121));
#4283=CARTESIAN_POINT('',(-234.668435553702,-138.700184053125,432.999999991208));
#4284=CARTESIAN_POINT('',(-237.668435553701,-170.550084138509,429.99999999121));
#4285=CARTESIAN_POINT('Origin',(-221.595100618542,-133.700252801231,427.999999991206));
#4286=CARTESIAN_POINT('',(-208.668435553701,-138.70032077819,432.999999991203));
#4287=CARTESIAN_POINT('',(-221.595126911823,-138.700252801162,432.999999991206));
#4288=CARTESIAN_POINT('',(-205.668435553701,-135.700336554117,429.999999991203));
#4289=CARTESIAN_POINT('',(-208.668435553701,-138.70032077819,432.999999991203));
#4290=CARTESIAN_POINT('',(-205.668435553703,-128.70033655402,422.999999991203));
#4291=CARTESIAN_POINT('',(-205.668435553706,-116.475252511954,410.774915949306));
#4292=CARTESIAN_POINT('',(-237.668435553703,-128.700168277018,422.999999991209));
#4293=CARTESIAN_POINT('',(-221.595074325261,-128.700252801301,422.999999991206));
#4294=CARTESIAN_POINT('',(-237.668435553703,-129.97516837364,424.275000087814));
#4295=CARTESIAN_POINT('Origin',(-207.168435553701,-143.550084138508,431.499999991203));
#4296=CARTESIAN_POINT('',(-205.668435553701,-172.992908902196,429.999999991203));
#4297=CARTESIAN_POINT('',(-205.668435553701,-143.550084138508,429.999999991203));
#4298=CARTESIAN_POINT('',(-208.6684355537,-171.900998197385,432.999999991203));
#4299=CARTESIAN_POINT('',(-208.668435553701,-143.550084138508,432.999999991203));
#4300=CARTESIAN_POINT('',(-208.6684355537,-171.900998197385,432.999999991203));
#4301=CARTESIAN_POINT('Origin',(-210.687043012616,-182.085300006112,427.999999991208));
#4302=CARTESIAN_POINT('',(-212.898977504189,-192.5,422.999999991214));
#4303=CARTESIAN_POINT('',(-205.668435553702,-183.88297567484,422.999999991212));
#4304=CARTESIAN_POINT('',(-206.856820800832,-185.299238059078,422.999999991212));
#4305=CARTESIAN_POINT('',(-205.668435553701,-174.702077702091,428.901367462217));
#4306=CARTESIAN_POINT('',(-217.562054078515,-182.5,432.999999991205));
#4307=CARTESIAN_POINT('',(-214.517265224399,-178.871361953146,432.999999991204));
#4308=CARTESIAN_POINT('',(-217.562054078515,-182.5,432.999999991205));
#4309=CARTESIAN_POINT('Origin',(-226.033706522271,-187.5,427.999999991207));
#4310=CARTESIAN_POINT('',(-230.398977490864,-192.500000000001,422.999999991208));
#4311=CARTESIAN_POINT('',(-226.033706522272,-192.5,422.999999991207));
#4312=CARTESIAN_POINT('',(-225.76329794829,-182.5,432.999999991207));
#4313=CARTESIAN_POINT('',(-226.03370652227,-182.5,432.999999991207));
#4314=CARTESIAN_POINT('',(-225.76329794829,-182.5,432.999999991207));
#4315=CARTESIAN_POINT('Origin',(-235.558327346958,-178.670132415427,427.999999991204));
#4316=CARTESIAN_POINT('',(-231.742624265245,-175.43897008706,432.999999991208));
#4317=CARTESIAN_POINT('',(-239.374030428671,-181.901294743794,422.9999999912));
#4318=CARTESIAN_POINT('Origin',(-221.6684355537,-160.600084138509,432.999999991206));
#4319=CARTESIAN_POINT('',(-234.2684355537,-153.500084138508,432.999999991208));
#4320=CARTESIAN_POINT('Origin',(-221.6684355537,-153.500084138508,432.999999991206));
#4321=CARTESIAN_POINT('Origin',(-237.668435553713,-180.500084138508,366.299999991209));
#4322=CARTESIAN_POINT('',(-237.668435553705,-128.700168277018,413.100002094681));
#4323=CARTESIAN_POINT('',(-237.668435553716,-128.700168277018,358.654795546821));
#4324=CARTESIAN_POINT('',(-237.668435553711,-128.700168277018,383.999999991209));
#4325=CARTESIAN_POINT('',(-237.668435553716,-128.700168277018,358.654795546821));
#4326=CARTESIAN_POINT('',(-237.668435553717,-128.700168277018,350.799999991209));
#4327=CARTESIAN_POINT('',(-237.668435553716,-128.700168277018,358.654795546821));
#4328=CARTESIAN_POINT('',(-237.668435553716,-183.91544412627,350.799999991209));
#4329=CARTESIAN_POINT('',(-237.668435553716,-178.500000000003,350.799999991209));
#4330=CARTESIAN_POINT('',(-237.668435553711,-183.91544412627,375.799999991209));
#4331=CARTESIAN_POINT('Origin',(-221.521880847087,-128.7002531862,351.00959110243));
#4332=CARTESIAN_POINT('',(-205.668437657177,-128.700336554009,413.099999991203));
#4333=CARTESIAN_POINT('',(-205.668435553716,-128.70033655402,358.654795546815));
#4334=CARTESIAN_POINT('',(-206.868437657177,-128.700330243622,414.299999991203));
#4335=CARTESIAN_POINT('',(-194.709196232729,-128.700394184894,402.140758566752));
#4336=CARTESIAN_POINT('',(-236.468437657177,-128.700174587394,414.299999991209));
#4337=CARTESIAN_POINT('',(-228.995159252126,-128.700213886797,414.299999991207));
#4338=CARTESIAN_POINT('',(-249.154400676577,-128.700107876274,401.614036971813));
#4339=CARTESIAN_POINT('Origin',(-221.66843555372,-153.500084138508,335.999999991206));
#4340=CARTESIAN_POINT('',(-234.26843555372,-153.500084138508,335.999999991208));
#4341=CARTESIAN_POINT('Origin',(-205.668435553714,-126.500084138507,366.299999991203));
#4342=CARTESIAN_POINT('',(-205.668435553716,-183.88297567484,350.799999991203));
#4343=CARTESIAN_POINT('',(-205.668435553711,-183.88297567484,375.799999991203));
#4344=CARTESIAN_POINT('',(-205.668435553717,-128.70033655402,350.799999991203));
#4345=CARTESIAN_POINT('',(-205.668435553717,-140.000126207759,350.799999991203));
#4346=CARTESIAN_POINT('',(-205.668437657182,-128.700336554009,383.999999991202));
#4347=CARTESIAN_POINT('',(-205.668435553716,-128.70033655402,358.654795546815));
#4348=CARTESIAN_POINT('',(-205.668435553716,-128.70033655402,358.654795546815));
#4349=CARTESIAN_POINT('Origin',(-242.068435553717,-167.000084138509,346.39999999121));
#4350=CARTESIAN_POINT('',(-243.405098826093,-128.700138109877,345.063336718836));
#4351=CARTESIAN_POINT('',(-235.779348747644,-128.700178211076,352.689086797282));
#4352=CARTESIAN_POINT('',(-246.468435553719,-132.010786757629,341.999999991211));
#4353=CARTESIAN_POINT('Origin',(-242.078546693041,-133.000168277015,346.389888851887));
#4354=CARTESIAN_POINT('',(-246.468435553718,-173.523460133212,341.999999991211));
#4355=CARTESIAN_POINT('',(-246.468435553718,-167.000084138509,341.999999991211));
#4356=CARTESIAN_POINT('',(-239.967877849577,-181.200015997686,348.500557695349));
#4357=CARTESIAN_POINT('Origin',(-201.268435553718,-140.000126207759,346.399999991202));
#4358=CARTESIAN_POINT('',(-199.931576719747,-128.70036672219,345.06314115723));
#4359=CARTESIAN_POINT('',(-207.484179799522,-128.700327005645,352.615744237008));
#4360=CARTESIAN_POINT('',(-196.868435553718,-173.395544085238,341.999999991201));
#4361=CARTESIAN_POINT('',(-204.338480001649,-182.297996371485,349.470044439134));
#4362=CARTESIAN_POINT('',(-196.868435553719,-132.010955034617,341.999999991201));
#4363=CARTESIAN_POINT('',(-196.868435553718,-178.500000000003,341.999999991201));
#4364=CARTESIAN_POINT('Origin',(-201.258324414389,-133.000336554033,346.389888851872));
#4365=CARTESIAN_POINT('Origin',(-242.12349112338,-153.500084138509,341.99999999121));
#4366=CARTESIAN_POINT('',(-246.57854669304,-173.393429088065,341.999999991211));
#4367=CARTESIAN_POINT('',(-250.553657646275,-168.699191656629,341.999999991212));
#4368=CARTESIAN_POINT('',(-246.578546693042,-133.000168277015,341.999999991211));
#4369=CARTESIAN_POINT('Origin',(-242.078546693042,-133.000168277015,341.99999999121));
#4370=CARTESIAN_POINT('',(-246.57854669304,-178.500000000003,341.999999991211));
#4371=CARTESIAN_POINT('Origin',(-201.213379984053,-153.50016827701,341.999999991202));
#4372=CARTESIAN_POINT('',(-196.866660860367,-173.393429088067,341.999999991201));
#4373=CARTESIAN_POINT('',(-200.883039630173,-178.179962904689,341.999999991202));
#4374=CARTESIAN_POINT('',(-196.758324414386,-173.393429088067,341.999999991201));
#4375=CARTESIAN_POINT('',(-199.04002042221,-173.393429088067,341.999999991201));
#4376=CARTESIAN_POINT('',(-196.75832441439,-133.000336554033,341.999999991201));
#4377=CARTESIAN_POINT('',(-196.758324414388,-178.500000000003,341.999999991201));
#4378=CARTESIAN_POINT('Origin',(-201.25832441439,-133.000336554033,341.999999991202));
#4379=CARTESIAN_POINT('Origin',(-237.668435553713,-180.500084138508,414.299999991209));
#4380=CARTESIAN_POINT('',(-237.668431346795,-127.500168277023,383.999999991209));
#4381=CARTESIAN_POINT('',(-237.66843555372,-120.200084138507,384.00013419758));
#4382=CARTESIAN_POINT('',(-237.66843555372,-126.500084138508,383.999999991209));
#4383=CARTESIAN_POINT('',(-237.66843555372,-128.300168277012,383.999999991209));
#4384=CARTESIAN_POINT('',(-237.66843555372,-126.500084138508,383.999999991209));
#4385=CARTESIAN_POINT('',(-237.668435553715,-128.300168277012,413.099999991209));
#4386=CARTESIAN_POINT('',(-237.668435553716,-128.300168277012,406.654795546821));
#4387=CARTESIAN_POINT('',(-237.66843134679,-127.500168277023,413.099999991209));
#4388=CARTESIAN_POINT('',(-237.668435553714,-167.000084138508,413.099999991209));
#4389=CARTESIAN_POINT('',(-237.668435553715,-120.900084138507,413.099999991209));
#4390=CARTESIAN_POINT('',(-237.668435553714,-167.000084138508,413.099999991209));
#4391=CARTESIAN_POINT('',(-237.668435553718,-120.900084138507,396.237007717624));
#4392=CARTESIAN_POINT('',(-237.668435553714,-120.900084138507,414.299999991209));
#4393=CARTESIAN_POINT('',(-237.668435553717,-119.400084138507,396.196538596087));
#4394=CARTESIAN_POINT('Origin',(-237.668435553718,-120.200084138507,394.363508318105));
#4395=CARTESIAN_POINT('',(-237.66843555372,-119.400084138507,384.166969713226));
#4396=CARTESIAN_POINT('',(-237.668435553714,-119.400084138507,414.299999991209));
#4397=CARTESIAN_POINT('',(-237.66843555372,-120.176915020209,384.000134197722));
#4398=CARTESIAN_POINT('Origin',(-237.668435553719,-120.200084138507,385.999999991209));
#4399=CARTESIAN_POINT('Ctrl Pts',(-237.66843555372,-120.200084138507,384.00013419758));
#4400=CARTESIAN_POINT('Ctrl Pts',(-237.66843555372,-120.198716664136,384.000118355598));
#4401=CARTESIAN_POINT('Ctrl Pts',(-237.66843555372,-120.197279534532,384.000104545222));
#4402=CARTESIAN_POINT('Ctrl Pts',(-237.66843555372,-120.193751406361,384.000078785764));
#4403=CARTESIAN_POINT('Ctrl Pts',(-237.66843555372,-120.191591117689,384.000067094465));
#4404=CARTESIAN_POINT('Ctrl Pts',(-237.66843555372,-120.185408041026,384.000067094465));
#4405=CARTESIAN_POINT('Ctrl Pts',(-237.66843555372,-120.183247752355,384.000078785764));
#4406=CARTESIAN_POINT('Ctrl Pts',(-237.66843555372,-120.179719863337,384.000104543476));
#4407=CARTESIAN_POINT('Ctrl Pts',(-237.66843555372,-120.178282921951,384.000118351491));
#4408=CARTESIAN_POINT('Ctrl Pts',(-237.66843555372,-120.176915020209,384.000134197722));
#4409=CARTESIAN_POINT('Origin',(-237.068435553713,-167.000084138508,413.699999991209));
#4410=CARTESIAN_POINT('',(-236.468431346789,-127.500174587411,414.299999991209));
#4411=CARTESIAN_POINT('',(-236.468435553714,-120.682476745535,414.299999991208));
#4412=CARTESIAN_POINT('',(-236.468435553713,-167.000084138508,414.299999991209));
#4413=CARTESIAN_POINT('',(-236.468474307002,-120.691280442021,414.299961237921));
#4414=CARTESIAN_POINT('Origin',(-237.468435553715,-120.682476745535,413.299999991208));
#4415=CARTESIAN_POINT('',(-236.761328772528,-119.992977357321,414.007106772395));
#4416=CARTESIAN_POINT('Origin',(-237.468435553715,-120.700084138507,413.299999991208));
#4417=CARTESIAN_POINT('',(-244.751768887047,-127.983417471834,406.016666657879));
#4418=CARTESIAN_POINT('',(-236.468435553714,-128.3001745874,414.299999991209));
#4419=CARTESIAN_POINT('',(-236.854347695895,-128.30017255802,413.914087849028));
#4420=CARTESIAN_POINT('',(-236.468435553713,-167.000084138508,414.299999991209));
#4421=CARTESIAN_POINT('Origin',(-221.668435553714,-153.500084138508,414.299999991206));
#4422=CARTESIAN_POINT('',(-206.868435553715,-120.682476745535,414.299999991202));
#4423=CARTESIAN_POINT('',(-206.868431346789,-127.500330243636,414.299999991203));
#4424=CARTESIAN_POINT('',(-206.868435553714,-140.000084138507,414.299999991203));
#4425=CARTESIAN_POINT('',(-208.668435553714,-120.682476745535,414.299999991203));
#4426=CARTESIAN_POINT('',(-208.668435553714,-120.682476745535,414.299999991203));
#4427=CARTESIAN_POINT('',(-208.668435553714,-126.291392639576,414.299999991203));
#4428=CARTESIAN_POINT('',(-208.668435553714,-129.200084138507,414.299999991203));
#4429=CARTESIAN_POINT('',(-234.668435553714,-126.291392639576,414.299999991208));
#4430=CARTESIAN_POINT('',(-221.668435553714,-126.291392639576,414.299999991205));
#4431=CARTESIAN_POINT('',(-234.668435553714,-120.682476745535,414.299999991208));
#4432=CARTESIAN_POINT('',(-234.668435553714,-129.200084138507,414.299999991208));
#4433=CARTESIAN_POINT('',(-234.668435553714,-120.682476745535,414.299999991208));
#4434=CARTESIAN_POINT('',(-236.468435553714,-128.3001745874,414.299999991209));
#4435=CARTESIAN_POINT('',(-206.868435553714,-128.300330243627,414.299999991203));
#4436=CARTESIAN_POINT('',(-206.868435553714,-128.300330243627,414.299999991203));
#4437=CARTESIAN_POINT('',(-206.868435553714,-140.000084138507,414.299999991203));
#4438=CARTESIAN_POINT('Origin',(-205.668435553715,-128.300336554015,413.099999991203));
#4439=CARTESIAN_POINT('',(-205.668435553715,-128.300336554015,413.099999991203));
#4440=CARTESIAN_POINT('',(-205.668436605446,-128.50033655401,413.099999991203));
#4441=CARTESIAN_POINT('',(-206.409178747859,-128.300332658701,413.840743185347));
#4442=CARTESIAN_POINT('Origin',(-205.66843555372,-128.300336554015,383.999999991202));
#4443=CARTESIAN_POINT('',(-205.66843555372,-128.300336554015,383.999999991202));
#4444=CARTESIAN_POINT('',(-205.668436605451,-128.50033655401,383.999999991202));
#4445=CARTESIAN_POINT('',(-205.668435553716,-128.300336554015,406.654795546815));
#4446=CARTESIAN_POINT('Origin',(-221.66843555372,-153.500084138508,383.999999991206));
#4447=CARTESIAN_POINT('',(-234.66843555372,-120.200084138507,384.000134197579));
#4448=CARTESIAN_POINT('',(-234.66843555372,-120.200084138507,384.000134197579));
#4449=CARTESIAN_POINT('',(-234.66843555372,-126.500084138507,383.999999991208));
#4450=CARTESIAN_POINT('',(-234.66843555372,-120.200084138507,383.999999991208));
#4451=CARTESIAN_POINT('',(-208.66843555372,-126.500084138506,383.999999991203));
#4452=CARTESIAN_POINT('',(-205.66843555372,-126.500084138507,383.999999991203));
#4453=CARTESIAN_POINT('',(-208.66843555372,-120.200084138506,383.999999995705));
#4454=CARTESIAN_POINT('',(-208.66843555372,-120.200084138506,383.999999991203));
#4455=CARTESIAN_POINT('',(-205.66843555372,-120.200084138506,383.999999995704));
#4456=CARTESIAN_POINT('',(-208.66843555372,-120.200084138506,383.999999991203));
#4457=CARTESIAN_POINT('',(-205.668431346795,-127.500336554024,383.999999991202));
#4458=CARTESIAN_POINT('',(-205.66843555372,-120.200084138506,383.999999991202));
#4459=CARTESIAN_POINT('',(-205.66843555372,-120.200084138506,383.999999991202));
#4460=CARTESIAN_POINT('',(-213.595159252131,-128.700294870105,383.999999991204));
#4461=CARTESIAN_POINT('',(-237.668436605452,-128.500168277009,383.999999991209));
#4462=CARTESIAN_POINT('Origin',(-237.668435553715,-128.300168277012,413.099999991209));
#4463=CARTESIAN_POINT('',(-237.668435553715,-128.300168277012,413.099999991209));
#4464=CARTESIAN_POINT('Origin',(-236.468435553714,-128.3001745874,414.299999991209));
#4465=CARTESIAN_POINT('Origin',(-205.668435553714,-126.500084138507,414.299999991203));
#4466=CARTESIAN_POINT('',(-205.66843555372,-120.176915020208,384.000134197716));
#4467=CARTESIAN_POINT('Ctrl Pts',(-205.66843555372,-120.200084138506,384.000134197573));
#4468=CARTESIAN_POINT('Ctrl Pts',(-205.66843555372,-120.198716664136,384.000118355591));
#4469=CARTESIAN_POINT('Ctrl Pts',(-205.66843555372,-120.197279534532,384.000104545216));
#4470=CARTESIAN_POINT('Ctrl Pts',(-205.66843555372,-120.193751406361,384.000078785757));
#4471=CARTESIAN_POINT('Ctrl Pts',(-205.66843555372,-120.191591117689,384.000067094459));
#4472=CARTESIAN_POINT('Ctrl Pts',(-205.66843555372,-120.185408041026,384.000067094459));
#4473=CARTESIAN_POINT('Ctrl Pts',(-205.66843555372,-120.183247752354,384.000078785757));
#4474=CARTESIAN_POINT('Ctrl Pts',(-205.66843555372,-120.179719863336,384.000104543469));
#4475=CARTESIAN_POINT('Ctrl Pts',(-205.66843555372,-120.178282921951,384.000118351485));
#4476=CARTESIAN_POINT('Ctrl Pts',(-205.66843555372,-120.176915020208,384.000134197716));
#4477=CARTESIAN_POINT('',(-205.66843555372,-119.400084138506,384.16696971322));
#4478=CARTESIAN_POINT('Origin',(-205.668435553719,-120.200084138506,385.999999991202));
#4479=CARTESIAN_POINT('',(-205.668435553719,-119.400084138506,394.363508318098));
#4480=CARTESIAN_POINT('',(-205.668435553715,-119.400084138507,414.299999991202));
#4481=CARTESIAN_POINT('',(-205.668435553718,-120.900084138506,394.750806652719));
#4482=CARTESIAN_POINT('Origin',(-205.668435553719,-120.200084138506,394.363508318098));
#4483=CARTESIAN_POINT('',(-205.668435553715,-120.900084138507,413.099999991203));
#4484=CARTESIAN_POINT('',(-205.668435553715,-120.900084138507,414.299999991202));
#4485=CARTESIAN_POINT('',(-205.66843134679,-127.500336554024,413.099999991203));
#4486=CARTESIAN_POINT('',(-205.668435553714,-140.000084138507,413.099999991203));
#4487=CARTESIAN_POINT('',(-205.668435553714,-140.000084138507,413.099999991203));
#4488=CARTESIAN_POINT('Origin',(-237.068435553714,-120.300084138507,414.299999991209));
#4489=CARTESIAN_POINT('',(-236.468435553714,-119.700084138507,413.299999991208));
#4490=CARTESIAN_POINT('Origin',(-237.468435553715,-120.700084138507,413.299999991208));
#4491=CARTESIAN_POINT('',(-236.468435553717,-119.700084138507,396.299999991208));
#4492=CARTESIAN_POINT('',(-236.468435553714,-119.700084138507,414.299999991209));
#4493=CARTESIAN_POINT('Origin',(-236.968435553718,-120.200084138507,394.363508318105));
#4494=CARTESIAN_POINT('Origin',(-223.093435553714,-120.700084138507,413.299999991206));
#4495=CARTESIAN_POINT('',(-234.668435553714,-120.691280442021,414.299961237921));
#4496=CARTESIAN_POINT('',(-234.668435553714,-120.691280442021,414.299961237921));
#4497=CARTESIAN_POINT('',(-208.668435553714,-120.691280442021,414.299961237916));
#4498=CARTESIAN_POINT('',(-221.668435553714,-120.691280442021,414.299961237919));
#4499=CARTESIAN_POINT('',(-206.868396800427,-120.691280442021,414.299961237916));
#4500=CARTESIAN_POINT('',(-208.668435553714,-120.691280442021,414.299961237916));
#4501=CARTESIAN_POINT('',(-206.575542334901,-119.99297735732,414.007106772389));
#4502=CARTESIAN_POINT('Origin',(-205.868435553714,-120.700084138507,413.299999991202));
#4503=CARTESIAN_POINT('',(-206.868435553714,-119.700084138507,413.299999991202));
#4504=CARTESIAN_POINT('Origin',(-205.868435553715,-120.700084138507,413.299999991202));
#4505=CARTESIAN_POINT('',(-221.668435553714,-119.700084138507,413.299999991205));
#4506=CARTESIAN_POINT('Origin',(-206.268435553714,-140.000084138507,413.699999991203));
#4507=CARTESIAN_POINT('',(-203.085102220381,-123.483417471843,410.516666657868));
#4508=CARTESIAN_POINT('Origin',(-205.868435553714,-120.682476745534,413.299999991202));
#4509=CARTESIAN_POINT('Origin',(-208.668435553714,-120.682476745535,413.299999991203));
#4510=CARTESIAN_POINT('Origin',(-208.668435553714,-120.682476745535,413.299999991203));
#4511=CARTESIAN_POINT('Origin',(-214.918435553714,-119.700084138507,414.299999991204));
#4512=CARTESIAN_POINT('',(-206.868435553717,-119.700084138507,396.299999991202));
#4513=CARTESIAN_POINT('',(-206.868435553714,-119.700084138507,414.299999991203));
#4514=CARTESIAN_POINT('',(-221.668435553717,-119.700084138507,396.299999991205));
#4515=CARTESIAN_POINT('Origin',(-234.668435553714,-120.682476745535,413.299999991208));
#4516=CARTESIAN_POINT('Origin',(-234.668435553714,-120.682476745535,413.299999991208));
#4517=CARTESIAN_POINT('Origin',(-237.068435553714,-118.800084138507,414.299999991209));
#4518=CARTESIAN_POINT('',(-236.468435553718,-118.200084138507,394.363508318105));
#4519=CARTESIAN_POINT('Origin',(-238.468435553719,-120.200084138507,394.363508318105));
#4520=CARTESIAN_POINT('',(-236.468435553719,-118.200084138507,385.999999991208));
#4521=CARTESIAN_POINT('',(-236.468435553714,-118.200084138507,414.299999991209));
#4522=CARTESIAN_POINT('Origin',(-238.468435553721,-120.200084138507,385.999999991209));
#4523=CARTESIAN_POINT('Origin',(-231.268435553714,-118.200084138507,414.299999991207));
#4524=CARTESIAN_POINT('',(-206.868435553718,-118.200084138507,394.363508318099));
#4525=CARTESIAN_POINT('',(-214.918435553718,-118.200084138507,394.3635083181));
#4526=CARTESIAN_POINT('',(-206.868435553719,-118.200084138506,385.999999991202));
#4527=CARTESIAN_POINT('',(-206.868435553714,-118.200084138507,414.299999991203));
#4528=CARTESIAN_POINT('',(-221.668435553719,-118.200084138507,385.999999991205));
#4529=CARTESIAN_POINT('Origin',(-214.918435553718,-120.200084138507,394.3635083181));
#4530=CARTESIAN_POINT('Origin',(-206.868435553718,-120.200084138506,394.363508318099));
#4531=CARTESIAN_POINT('',(-229.568435553718,-118.222712145178,394.663508318103));
#4532=CARTESIAN_POINT('',(-229.268435553718,-118.222712145178,394.663508318103));
#4533=CARTESIAN_POINT('Ctrl Pts',(-229.568435553718,-118.222712145178,394.663508318103));
#4534=CARTESIAN_POINT('Ctrl Pts',(-229.562233622208,-118.221771209705,394.657306386594));
#4535=CARTESIAN_POINT('Ctrl Pts',(-229.555975388917,-118.220881542494,394.651245171989));
#4536=CARTESIAN_POINT('Ctrl Pts',(-229.529955255306,-118.217436774861,394.627044730194));
#4537=CARTESIAN_POINT('Ctrl Pts',(-229.50997440931,-118.215369086263,394.610630089718));
#4538=CARTESIAN_POINT('Ctrl Pts',(-229.478119651019,-118.213124076464,394.591610209476));
#4539=CARTESIAN_POINT('Ctrl Pts',(-229.467199895532,-118.212521250718,394.586242192769));
#4540=CARTESIAN_POINT('Ctrl Pts',(-229.44406121646,-118.211658977998,394.578403407585));
#4541=CARTESIAN_POINT('Ctrl Pts',(-229.431839224317,-118.211398141843,394.575941852818));
#4542=CARTESIAN_POINT('Ctrl Pts',(-229.418435553718,-118.211398141843,394.575941852818));
#4543=CARTESIAN_POINT('Ctrl Pts',(-229.405031883119,-118.211398141843,394.575941852818));
#4544=CARTESIAN_POINT('Ctrl Pts',(-229.392809890975,-118.211658977998,394.578403407584));
#4545=CARTESIAN_POINT('Ctrl Pts',(-229.369671211903,-118.212521250718,394.586242192769));
#4546=CARTESIAN_POINT('Ctrl Pts',(-229.358751456417,-118.213124076464,394.591610209476));
#4547=CARTESIAN_POINT('Ctrl Pts',(-229.326896698125,-118.215369086263,394.610630089718));
#4548=CARTESIAN_POINT('Ctrl Pts',(-229.306915852129,-118.217436774861,394.627044730194));
#4549=CARTESIAN_POINT('Ctrl Pts',(-229.280895718518,-118.220881542494,394.651245171989));
#4550=CARTESIAN_POINT('Ctrl Pts',(-229.274637485227,-118.221771209705,394.657306386594));
#4551=CARTESIAN_POINT('Ctrl Pts',(-229.268435553718,-118.222712145178,394.663508318103));
#4552=CARTESIAN_POINT('',(-221.668435553718,-118.222712145178,394.663508318101));
#4553=CARTESIAN_POINT('',(-213.768435553718,-118.222712145178,394.6635083181));
#4554=CARTESIAN_POINT('',(-214.068435553718,-118.222712145178,394.6635083181));
#4555=CARTESIAN_POINT('',(-221.668435553718,-118.222712145178,394.663508318101));
#4556=CARTESIAN_POINT('Ctrl Pts',(-214.068435553718,-118.222712145178,394.6635083181));
#4557=CARTESIAN_POINT('Ctrl Pts',(-214.062233622208,-118.221771209705,394.657306386591));
#4558=CARTESIAN_POINT('Ctrl Pts',(-214.055975388917,-118.220881542494,394.651245171986));
#4559=CARTESIAN_POINT('Ctrl Pts',(-214.029955255306,-118.217436774861,394.627044730191));
#4560=CARTESIAN_POINT('Ctrl Pts',(-214.00997440931,-118.215369086262,394.610630089715));
#4561=CARTESIAN_POINT('Ctrl Pts',(-213.978119651019,-118.213124076464,394.591610209473));
#4562=CARTESIAN_POINT('Ctrl Pts',(-213.967199895532,-118.212521250718,394.586242192766));
#4563=CARTESIAN_POINT('Ctrl Pts',(-213.94406121646,-118.211658977997,394.578403407581));
#4564=CARTESIAN_POINT('Ctrl Pts',(-213.931839224317,-118.211398141842,394.575941852815));
#4565=CARTESIAN_POINT('Ctrl Pts',(-213.905031883119,-118.211398141842,394.575941852815));
#4566=CARTESIAN_POINT('Ctrl Pts',(-213.892809890975,-118.211658977997,394.578403407581));
#4567=CARTESIAN_POINT('Ctrl Pts',(-213.869671211903,-118.212521250718,394.586242192766));
#4568=CARTESIAN_POINT('Ctrl Pts',(-213.858751456417,-118.213124076464,394.591610209473));
#4569=CARTESIAN_POINT('Ctrl Pts',(-213.826896698125,-118.215369086262,394.610630089715));
#4570=CARTESIAN_POINT('Ctrl Pts',(-213.806915852129,-118.217436774861,394.627044730191));
#4571=CARTESIAN_POINT('Ctrl Pts',(-213.780895718518,-118.220881542494,394.651245171986));
#4572=CARTESIAN_POINT('Ctrl Pts',(-213.774637485227,-118.221771209705,394.657306386591));
#4573=CARTESIAN_POINT('Ctrl Pts',(-213.768435553718,-118.222712145178,394.6635083181));
#4574=CARTESIAN_POINT('Origin',(-206.268435553714,-118.800084138507,414.299999991202));
#4575=CARTESIAN_POINT('Origin',(-204.868435553721,-120.200084138506,385.999999991202));
#4576=CARTESIAN_POINT('',(-206.868435553718,-118.200084138507,394.363508318099));
#4577=CARTESIAN_POINT('Origin',(-206.268435553718,-120.200084138506,394.363508318099));
#4578=CARTESIAN_POINT('Ctrl Pts',(-205.668435553718,-120.900084138507,394.750806652718));
#4579=CARTESIAN_POINT('Ctrl Pts',(-205.868435553717,-120.700084138508,395.52540332196));
#4580=CARTESIAN_POINT('Ctrl Pts',(-206.868435553718,-119.700084138506,396.299999991203));
#4581=CARTESIAN_POINT('Origin',(-206.268435553714,-120.300084138507,414.299999991202));
#4582=CARTESIAN_POINT('Origin',(-234.668435553717,-131.167189721311,399.149999991208));
#4583=CARTESIAN_POINT('',(-234.66843555372,-121.188347274514,384.982614688027));
#4584=CARTESIAN_POINT('Ctrl Pts',(-234.66843555372,-120.200084138507,384.000134197579));
#4585=CARTESIAN_POINT('Ctrl Pts',(-234.66843555372,-120.20034879012,384.000137263528));
#4586=CARTESIAN_POINT('Ctrl Pts',(-234.66843555372,-120.200610832791,384.00014040557));
#4587=CARTESIAN_POINT('Ctrl Pts',(-234.66843555372,-120.204079984285,384.000183313253));
#4588=CARTESIAN_POINT('Ctrl Pts',(-234.66843555372,-120.206922037824,384.000232656355));
#4589=CARTESIAN_POINT('Ctrl Pts',(-234.66843555372,-120.215510084043,384.000415633102));
#4590=CARTESIAN_POINT('Ctrl Pts',(-234.66843555372,-120.221044016081,384.000580012182));
#4591=CARTESIAN_POINT('Ctrl Pts',(-234.66843555372,-120.237888917536,384.001226219085));
#4592=CARTESIAN_POINT('Ctrl Pts',(-234.66843555372,-120.249708000718,384.001869093514));
#4593=CARTESIAN_POINT('Ctrl Pts',(-234.66843555372,-120.285825173742,384.004521709686));
#4594=CARTESIAN_POINT('Ctrl Pts',(-234.66843555372,-120.312530905623,384.007407421806));
#4595=CARTESIAN_POINT('Ctrl Pts',(-234.66843555372,-120.394123323118,384.019890081022));
#4596=CARTESIAN_POINT('Ctrl Pts',(-234.66843555372,-120.456357474894,384.034383100244));
#4597=CARTESIAN_POINT('Ctrl Pts',(-234.66843555372,-120.64194570817,384.099199447171));
#4598=CARTESIAN_POINT('Ctrl Pts',(-234.66843555372,-120.778391191369,384.176620653502));
#4599=CARTESIAN_POINT('Ctrl Pts',(-234.66843555372,-120.972640992297,384.369402766443));
#4600=CARTESIAN_POINT('Ctrl Pts',(-234.66843555372,-121.049196323553,384.473839689132));
#4601=CARTESIAN_POINT('Ctrl Pts',(-234.66843555372,-121.129953175466,384.65641942721));
#4602=CARTESIAN_POINT('Ctrl Pts',(-234.66843555372,-121.151395417878,384.721547224054));
#4603=CARTESIAN_POINT('Ctrl Pts',(-234.66843555372,-121.179639000446,384.85225118134));
#4604=CARTESIAN_POINT('Ctrl Pts',(-234.66843555372,-121.187201514263,384.917593260392));
#4605=CARTESIAN_POINT('Ctrl Pts',(-234.66843555372,-121.188347274514,384.982614688027));
#4606=CARTESIAN_POINT('',(-234.668435553714,-121.682324440691,413.282547584771));
#4607=CARTESIAN_POINT('',(-234.668435553714,-121.682324440691,413.282547584771));
#4608=CARTESIAN_POINT('Origin',(-234.668435553714,-120.682476745535,413.299999991208));
#4609=CARTESIAN_POINT('',(-234.668435553714,-125.295197941485,413.21284424846));
#4610=CARTESIAN_POINT('Origin',(-234.668435553714,-126.291392639587,413.299999991208));
#4611=CARTESIAN_POINT('',(-234.668435553717,-126.500084138507,399.440931997655));
#4612=CARTESIAN_POINT('',(-234.66843555372,-127.771127119268,384.91284424846));
#4613=CARTESIAN_POINT('',(-234.668435553715,-126.500084138508,406.724999991208));
#4614=CARTESIAN_POINT('Ctrl Pts',(-234.66843555372,-120.200084138507,384.000134197579));
#4615=CARTESIAN_POINT('Ctrl Pts',(-237.66843555372,-120.200084138507,384.00013419758));
#4616=CARTESIAN_POINT('Ctrl Pts',(-234.66843555372,-120.198716664136,384.000118355597));
#4617=CARTESIAN_POINT('Ctrl Pts',(-237.66843555372,-120.198716664136,384.000118355598));
#4618=CARTESIAN_POINT('Ctrl Pts',(-234.66843555372,-120.197279534532,384.000104545221));
#4619=CARTESIAN_POINT('Ctrl Pts',(-237.66843555372,-120.197279534532,384.000104545222));
#4620=CARTESIAN_POINT('Ctrl Pts',(-234.66843555372,-120.193751406361,384.000078785763));
#4621=CARTESIAN_POINT('Ctrl Pts',(-237.66843555372,-120.193751406361,384.000078785764));
#4622=CARTESIAN_POINT('Ctrl Pts',(-234.66843555372,-120.191591117689,384.000067094465));
#4623=CARTESIAN_POINT('Ctrl Pts',(-237.66843555372,-120.191591117689,384.000067094465));
#4624=CARTESIAN_POINT('Ctrl Pts',(-234.66843555372,-120.185408041026,384.000067094465));
#4625=CARTESIAN_POINT('Ctrl Pts',(-237.66843555372,-120.185408041026,384.000067094465));
#4626=CARTESIAN_POINT('Ctrl Pts',(-234.66843555372,-120.183247752355,384.000078785763));
#4627=CARTESIAN_POINT('Ctrl Pts',(-237.66843555372,-120.183247752355,384.000078785764));
#4628=CARTESIAN_POINT('Ctrl Pts',(-234.66843555372,-120.179719863337,384.000104543475));
#4629=CARTESIAN_POINT('Ctrl Pts',(-237.66843555372,-120.179719863337,384.000104543476));
#4630=CARTESIAN_POINT('Ctrl Pts',(-234.66843555372,-120.178282921951,384.00011835149));
#4631=CARTESIAN_POINT('Ctrl Pts',(-237.66843555372,-120.178282921951,384.000118351491));
#4632=CARTESIAN_POINT('Ctrl Pts',(-234.66843555372,-120.176915020209,384.000134197722));
#4633=CARTESIAN_POINT('Ctrl Pts',(-237.66843555372,-120.176915020209,384.000134197722));
#4634=CARTESIAN_POINT('',(-234.66843555372,-120.176915020209,384.000134197722));
#4635=CARTESIAN_POINT('Ctrl Pts',(-234.66843555372,-120.176915020209,384.000134197722));
#4636=CARTESIAN_POINT('Ctrl Pts',(-234.66843555372,-120.178282921951,384.00011835149));
#4637=CARTESIAN_POINT('Ctrl Pts',(-234.66843555372,-120.179719863337,384.000104543475));
#4638=CARTESIAN_POINT('Ctrl Pts',(-234.66843555372,-120.183247752355,384.000078785763));
#4639=CARTESIAN_POINT('Ctrl Pts',(-234.66843555372,-120.185408041026,384.000067094465));
#4640=CARTESIAN_POINT('Ctrl Pts',(-234.66843555372,-120.191591117689,384.000067094465));
#4641=CARTESIAN_POINT('Ctrl Pts',(-234.66843555372,-120.193751406361,384.000078785763));
#4642=CARTESIAN_POINT('Ctrl Pts',(-234.66843555372,-120.197279534532,384.000104545221));
#4643=CARTESIAN_POINT('Ctrl Pts',(-234.66843555372,-120.198716664136,384.000118355597));
#4644=CARTESIAN_POINT('Ctrl Pts',(-234.66843555372,-120.200084138507,384.000134197579));
#4645=CARTESIAN_POINT('',(-234.66843555372,-120.176915020209,384.000134197722));
#4646=CARTESIAN_POINT('Ctrl Pts',(-208.66843555372,-120.200084138506,384.000134197574));
#4647=CARTESIAN_POINT('Ctrl Pts',(-205.66843555372,-120.200084138506,384.000134197573));
#4648=CARTESIAN_POINT('Ctrl Pts',(-208.66843555372,-120.198716664136,384.000118355592));
#4649=CARTESIAN_POINT('Ctrl Pts',(-205.66843555372,-120.198716664136,384.000118355591));
#4650=CARTESIAN_POINT('Ctrl Pts',(-208.66843555372,-120.197279534532,384.000104545216));
#4651=CARTESIAN_POINT('Ctrl Pts',(-205.66843555372,-120.197279534532,384.000104545216));
#4652=CARTESIAN_POINT('Ctrl Pts',(-208.66843555372,-120.193751406361,384.000078785758));
#4653=CARTESIAN_POINT('Ctrl Pts',(-205.66843555372,-120.193751406361,384.000078785757));
#4654=CARTESIAN_POINT('Ctrl Pts',(-208.66843555372,-120.191591117689,384.000067094459));
#4655=CARTESIAN_POINT('Ctrl Pts',(-205.66843555372,-120.191591117689,384.000067094459));
#4656=CARTESIAN_POINT('Ctrl Pts',(-208.66843555372,-120.185408041026,384.000067094459));
#4657=CARTESIAN_POINT('Ctrl Pts',(-205.66843555372,-120.185408041026,384.000067094459));
#4658=CARTESIAN_POINT('Ctrl Pts',(-208.66843555372,-120.183247752354,384.000078785758));
#4659=CARTESIAN_POINT('Ctrl Pts',(-205.66843555372,-120.183247752354,384.000078785757));
#4660=CARTESIAN_POINT('Ctrl Pts',(-208.66843555372,-120.179719863336,384.00010454347));
#4661=CARTESIAN_POINT('Ctrl Pts',(-205.66843555372,-120.179719863336,384.000104543469));
#4662=CARTESIAN_POINT('Ctrl Pts',(-208.66843555372,-120.178282921951,384.000118351485));
#4663=CARTESIAN_POINT('Ctrl Pts',(-205.66843555372,-120.178282921951,384.000118351485));
#4664=CARTESIAN_POINT('Ctrl Pts',(-208.66843555372,-120.176915020208,384.000134197716));
#4665=CARTESIAN_POINT('Ctrl Pts',(-205.66843555372,-120.176915020208,384.000134197716));
#4666=CARTESIAN_POINT('',(-208.66843555372,-120.176915020208,384.000134197716));
#4667=CARTESIAN_POINT('Ctrl Pts',(-208.66843555372,-120.200084138506,384.000134197574));
#4668=CARTESIAN_POINT('Ctrl Pts',(-208.66843555372,-120.198716664136,384.000118355592));
#4669=CARTESIAN_POINT('Ctrl Pts',(-208.66843555372,-120.197279534532,384.000104545216));
#4670=CARTESIAN_POINT('Ctrl Pts',(-208.66843555372,-120.193751406361,384.000078785758));
#4671=CARTESIAN_POINT('Ctrl Pts',(-208.66843555372,-120.191591117689,384.000067094459));
#4672=CARTESIAN_POINT('Ctrl Pts',(-208.66843555372,-120.185408041026,384.000067094459));
#4673=CARTESIAN_POINT('Ctrl Pts',(-208.66843555372,-120.183247752354,384.000078785758));
#4674=CARTESIAN_POINT('Ctrl Pts',(-208.66843555372,-120.179719863336,384.00010454347));
#4675=CARTESIAN_POINT('Ctrl Pts',(-208.66843555372,-120.178282921951,384.000118351485));
#4676=CARTESIAN_POINT('Ctrl Pts',(-208.66843555372,-120.176915020208,384.000134197716));
#4677=CARTESIAN_POINT('',(-208.66843555372,-120.176915020208,384.000134197716));
#4678=CARTESIAN_POINT('Origin',(-208.668435553717,-131.167189721311,399.149999991203));
#4679=CARTESIAN_POINT('',(-208.668435553717,-126.500084138507,399.440931997649));
#4680=CARTESIAN_POINT('',(-208.668435553715,-126.500084138507,406.724999991203));
#4681=CARTESIAN_POINT('',(-208.668435553714,-125.295197941484,413.212844248455));
#4682=CARTESIAN_POINT('',(-208.66843555372,-127.771127119268,384.912844248455));
#4683=CARTESIAN_POINT('Origin',(-208.668435553714,-126.291392639587,413.299999991203));
#4684=CARTESIAN_POINT('',(-208.668435553714,-121.682324440691,413.282547584765));
#4685=CARTESIAN_POINT('Origin',(-208.668435553714,-120.682476745535,413.299999991203));
#4686=CARTESIAN_POINT('',(-208.66843555372,-121.188347274514,384.982614688022));
#4687=CARTESIAN_POINT('',(-208.668435553714,-121.682324440691,413.282547584765));
#4688=CARTESIAN_POINT('Ctrl Pts',(-208.66843555372,-121.188347274514,384.982614688022));
#4689=CARTESIAN_POINT('Ctrl Pts',(-208.66843555372,-121.187201514262,384.917593260387));
#4690=CARTESIAN_POINT('Ctrl Pts',(-208.66843555372,-121.179639000446,384.852251181334));
#4691=CARTESIAN_POINT('Ctrl Pts',(-208.66843555372,-121.151395417877,384.721547224049));
#4692=CARTESIAN_POINT('Ctrl Pts',(-208.66843555372,-121.129953175465,384.656419427205));
#4693=CARTESIAN_POINT('Ctrl Pts',(-208.66843555372,-121.049196323553,384.473839689127));
#4694=CARTESIAN_POINT('Ctrl Pts',(-208.66843555372,-120.972640992296,384.369402766437));
#4695=CARTESIAN_POINT('Ctrl Pts',(-208.66843555372,-120.778391191368,384.176620653497));
#4696=CARTESIAN_POINT('Ctrl Pts',(-208.66843555372,-120.64194570817,384.099199447166));
#4697=CARTESIAN_POINT('Ctrl Pts',(-208.66843555372,-120.456357474894,384.034383100239));
#4698=CARTESIAN_POINT('Ctrl Pts',(-208.66843555372,-120.394123323118,384.019890081016));
#4699=CARTESIAN_POINT('Ctrl Pts',(-208.66843555372,-120.312530905622,384.007407421801));
#4700=CARTESIAN_POINT('Ctrl Pts',(-208.66843555372,-120.285825173742,384.00452170968));
#4701=CARTESIAN_POINT('Ctrl Pts',(-208.66843555372,-120.249708000718,384.001869093509));
#4702=CARTESIAN_POINT('Ctrl Pts',(-208.66843555372,-120.237888917535,384.00122621908));
#4703=CARTESIAN_POINT('Ctrl Pts',(-208.66843555372,-120.22104401608,384.000580012176));
#4704=CARTESIAN_POINT('Ctrl Pts',(-208.66843555372,-120.215510084042,384.000415633097));
#4705=CARTESIAN_POINT('Ctrl Pts',(-208.66843555372,-120.206922037824,384.00023265635));
#4706=CARTESIAN_POINT('Ctrl Pts',(-208.66843555372,-120.204079984285,384.000183313248));
#4707=CARTESIAN_POINT('Ctrl Pts',(-208.66843555372,-120.200610832791,384.000140405565));
#4708=CARTESIAN_POINT('Ctrl Pts',(-208.66843555372,-120.20034879012,384.000137263522));
#4709=CARTESIAN_POINT('Ctrl Pts',(-208.66843555372,-120.200084138506,384.000134197574));
#4710=CARTESIAN_POINT('Origin',(-228.168435553714,-125.200084138507,414.299999991207));
#4711=CARTESIAN_POINT('',(-232.918435553716,-126.500084138508,399.440931997606));
#4712=CARTESIAN_POINT('',(-221.668435553714,-125.295197941484,413.212844248458));
#4713=CARTESIAN_POINT('Origin',(-229.718435553714,-126.291392639576,413.299999991207));
#4714=CARTESIAN_POINT('Origin',(-221.668435553718,-118.222712145178,394.663508318101));
#4715=CARTESIAN_POINT('Origin',(-213.918435553717,-119.211398141842,395.54502127519));
#4716=CARTESIAN_POINT('Origin',(-221.668435553718,-118.222712145178,394.663508318101));
#4717=CARTESIAN_POINT('Origin',(-229.418435553718,-119.211398141843,395.545021275194));
#4718=CARTESIAN_POINT('Ctrl Pts',(-237.66843555372,-120.176915020209,384.000134197722));
#4719=CARTESIAN_POINT('Ctrl Pts',(-205.66843555372,-120.176915020208,384.000134197716));
#4720=CARTESIAN_POINT('Ctrl Pts',(-237.66843555372,-120.178282921951,384.000118351491));
#4721=CARTESIAN_POINT('Ctrl Pts',(-205.66843555372,-120.178282921951,384.000118351485));
#4722=CARTESIAN_POINT('Ctrl Pts',(-237.66843555372,-120.179719863337,384.000104543476));
#4723=CARTESIAN_POINT('Ctrl Pts',(-205.66843555372,-120.179719863336,384.000104543469));
#4724=CARTESIAN_POINT('Ctrl Pts',(-237.66843555372,-120.183247752355,384.000078785764));
#4725=CARTESIAN_POINT('Ctrl Pts',(-205.66843555372,-120.183247752354,384.000078785757));
#4726=CARTESIAN_POINT('Ctrl Pts',(-237.66843555372,-120.185408041026,384.000067094465));
#4727=CARTESIAN_POINT('Ctrl Pts',(-205.66843555372,-120.185408041026,384.000067094459));
#4728=CARTESIAN_POINT('Ctrl Pts',(-237.66843555372,-120.191591117689,384.000067094465));
#4729=CARTESIAN_POINT('Ctrl Pts',(-205.66843555372,-120.191591117689,384.000067094459));
#4730=CARTESIAN_POINT('Ctrl Pts',(-237.66843555372,-120.193751406361,384.000078785764));
#4731=CARTESIAN_POINT('Ctrl Pts',(-205.66843555372,-120.193751406361,384.000078785757));
#4732=CARTESIAN_POINT('Ctrl Pts',(-237.66843555372,-120.197590817604,384.000106817952));
#4733=CARTESIAN_POINT('Ctrl Pts',(-205.66843555372,-120.197590817603,384.000106817946));
#4734=CARTESIAN_POINT('Ctrl Pts',(-237.66843555372,-120.199266512765,384.000123778549));
#4735=CARTESIAN_POINT('Ctrl Pts',(-205.66843555372,-120.199266512764,384.000123778542));
#4736=CARTESIAN_POINT('Ctrl Pts',(-237.66843555372,-120.204079984285,384.000183313254));
#4737=CARTESIAN_POINT('Ctrl Pts',(-205.66843555372,-120.204079984285,384.000183313247));
#4738=CARTESIAN_POINT('Ctrl Pts',(-237.66843555372,-120.206922037824,384.000232656355));
#4739=CARTESIAN_POINT('Ctrl Pts',(-205.66843555372,-120.206922037824,384.000232656349));
#4740=CARTESIAN_POINT('Ctrl Pts',(-237.66843555372,-120.215510084043,384.000415633102));
#4741=CARTESIAN_POINT('Ctrl Pts',(-205.66843555372,-120.215510084042,384.000415633096));
#4742=CARTESIAN_POINT('Ctrl Pts',(-237.66843555372,-120.221044016081,384.000580012182));
#4743=CARTESIAN_POINT('Ctrl Pts',(-205.66843555372,-120.22104401608,384.000580012176));
#4744=CARTESIAN_POINT('Ctrl Pts',(-237.66843555372,-120.237888917536,384.001226219086));
#4745=CARTESIAN_POINT('Ctrl Pts',(-205.66843555372,-120.237888917535,384.001226219079));
#4746=CARTESIAN_POINT('Ctrl Pts',(-237.66843555372,-120.249708000718,384.001869093514));
#4747=CARTESIAN_POINT('Ctrl Pts',(-205.66843555372,-120.249708000718,384.001869093508));
#4748=CARTESIAN_POINT('Ctrl Pts',(-237.66843555372,-120.285825173743,384.004521709686));
#4749=CARTESIAN_POINT('Ctrl Pts',(-205.66843555372,-120.285825173742,384.00452170968));
#4750=CARTESIAN_POINT('Ctrl Pts',(-237.66843555372,-120.312530905623,384.007407421807));
#4751=CARTESIAN_POINT('Ctrl Pts',(-205.66843555372,-120.312530905622,384.0074074218));
#4752=CARTESIAN_POINT('Ctrl Pts',(-237.66843555372,-120.394123323118,384.019890081022));
#4753=CARTESIAN_POINT('Ctrl Pts',(-205.66843555372,-120.394123323118,384.019890081016));
#4754=CARTESIAN_POINT('Ctrl Pts',(-237.66843555372,-120.456357474894,384.034383100245));
#4755=CARTESIAN_POINT('Ctrl Pts',(-205.66843555372,-120.456357474894,384.034383100239));
#4756=CARTESIAN_POINT('Ctrl Pts',(-237.66843555372,-120.64194570817,384.099199447172));
#4757=CARTESIAN_POINT('Ctrl Pts',(-205.66843555372,-120.64194570817,384.099199447166));
#4758=CARTESIAN_POINT('Ctrl Pts',(-237.66843555372,-120.778391191369,384.176620653503));
#4759=CARTESIAN_POINT('Ctrl Pts',(-205.66843555372,-120.778391191368,384.176620653497));
#4760=CARTESIAN_POINT('Ctrl Pts',(-237.66843555372,-120.972640992297,384.369402766443));
#4761=CARTESIAN_POINT('Ctrl Pts',(-205.66843555372,-120.972640992296,384.369402766437));
#4762=CARTESIAN_POINT('Ctrl Pts',(-237.66843555372,-121.049196323553,384.473839689133));
#4763=CARTESIAN_POINT('Ctrl Pts',(-205.66843555372,-121.049196323553,384.473839689127));
#4764=CARTESIAN_POINT('Ctrl Pts',(-237.66843555372,-121.129953175466,384.656419427211));
#4765=CARTESIAN_POINT('Ctrl Pts',(-205.66843555372,-121.129953175465,384.656419427204));
#4766=CARTESIAN_POINT('Ctrl Pts',(-237.66843555372,-121.151395417878,384.721547224054));
#4767=CARTESIAN_POINT('Ctrl Pts',(-205.66843555372,-121.151395417877,384.721547224048));
#4768=CARTESIAN_POINT('Ctrl Pts',(-237.66843555372,-121.179639000446,384.85225118134));
#4769=CARTESIAN_POINT('Ctrl Pts',(-205.66843555372,-121.179639000446,384.852251181334));
#4770=CARTESIAN_POINT('Ctrl Pts',(-237.66843555372,-121.187201514263,384.917593260393));
#4771=CARTESIAN_POINT('Ctrl Pts',(-205.66843555372,-121.187201514262,384.917593260387));
#4772=CARTESIAN_POINT('Ctrl Pts',(-237.66843555372,-121.188347274514,384.982614688028));
#4773=CARTESIAN_POINT('Ctrl Pts',(-205.66843555372,-121.188347274514,384.982614688022));
#4774=CARTESIAN_POINT('',(-221.66843555372,-121.188347274514,384.982614688025));
#4775=CARTESIAN_POINT('',(-221.66843555372,-120.176915020208,384.000134197719));
#4776=CARTESIAN_POINT('Origin',(-229.418435553714,-119.211398141843,414.399999991207));
#4777=CARTESIAN_POINT('Origin',(-213.918435553714,-119.211398141842,414.399999991204));
#4778=CARTESIAN_POINT('Origin',(-223.218435553714,-120.682476745535,413.299999991206));
#4779=CARTESIAN_POINT('',(-221.668435553714,-121.682324440691,413.282547584768));
#4780=CARTESIAN_POINT('Origin',(-215.168435553714,-121.700084138507,414.299999991204));
#4781=CARTESIAN_POINT('Origin',(-226.46843555372,-120.200084138507,385.999999991206));
#4782=CARTESIAN_POINT('Origin',(-237.668435553714,-126.500084138508,414.299999991209));
#4783=CARTESIAN_POINT('Origin',(-201.258324414387,-133.000336554036,317.999999991999));
#4784=CARTESIAN_POINT('',(-196.758324414391,-133.000336554036,267.999999991998));
#4785=CARTESIAN_POINT('',(-196.758324414387,-133.000336554036,267.999999991999));
#4786=CARTESIAN_POINT('',(-199.931576719758,-128.700366722189,267.999999991242));
#4787=CARTESIAN_POINT('Origin',(-201.258324414391,-133.000336554036,267.999999991998));
#4788=CARTESIAN_POINT('',(-199.931576719755,-128.70036672219,317.999999991999));
#4789=CARTESIAN_POINT('Origin',(-196.758324414392,-188.5,308.999999999999));
#4790=CARTESIAN_POINT('',(-196.758324414387,-173.393429088067,285.999999991207));
#4791=CARTESIAN_POINT('',(-196.758324414387,-173.393429088067,285.999999991207));
#4792=CARTESIAN_POINT('',(-196.758324414392,-188.5,285.999999991207));
#4793=CARTESIAN_POINT('',(-196.758324414393,-174.504803328943,285.999999991201));
#4794=CARTESIAN_POINT('',(-196.758324414392,-188.5,258.999999999999));
#4795=CARTESIAN_POINT('',(-196.758324414392,-188.5,285.999999991207));
#4796=CARTESIAN_POINT('',(-196.758324414393,-178.500000001582,259.));
#4797=CARTESIAN_POINT('',(-196.758324414394,-156.009475055022,258.999999999999));
#4798=CARTESIAN_POINT('',(-196.758324414393,-165.50008414009,258.999999997715));
#4799=CARTESIAN_POINT('',(-196.758324414393,-159.50008414009,258.99999999666));
#4800=CARTESIAN_POINT('',(-196.75832441439,-159.500084139038,264.999999996659));
#4801=CARTESIAN_POINT('',(-196.758324414393,-169.750063106253,254.750021033045));
#4802=CARTESIAN_POINT('',(-196.75832441439,-147.500084139038,264.999999994549));
#4803=CARTESIAN_POINT('',(-196.75832441439,-133.75025238664,264.999999992132));
#4804=CARTESIAN_POINT('',(-196.758324414393,-141.50008414009,258.999999993495));
#4805=CARTESIAN_POINT('',(-196.758324414394,-154.750063102298,272.249978960362));
#4806=CARTESIAN_POINT('',(-196.758324414394,-133.000336555615,258.999999992001));
#4807=CARTESIAN_POINT('',(-196.758324414394,-133.000336555615,258.999999992001));
#4808=CARTESIAN_POINT('',(-196.758324414394,-133.000336555439,259.999999992001));
#4809=CARTESIAN_POINT('Origin',(-196.866660860359,-173.393429088067,385.299999991201));
#4810=CARTESIAN_POINT('',(-196.866660860368,-173.393429088067,285.999999991207));
#4811=CARTESIAN_POINT('',(-196.866660860368,-173.393429088067,285.999999991207));
#4812=CARTESIAN_POINT('',(-209.26754820704,-173.393429088067,285.999999991207));
#4813=CARTESIAN_POINT('Origin',(-212.898977504189,-192.5,308.999999999999));
#4814=CARTESIAN_POINT('',(-212.898977504189,-192.5,258.999999999999));
#4815=CARTESIAN_POINT('',(-212.898977504189,-192.5,342.33051947922));
#4816=CARTESIAN_POINT('',(-207.054121855136,-185.534372298802,258.999999999999));
#4817=CARTESIAN_POINT('',(-212.898977504189,-192.5,258.999999999999));
#4818=CARTESIAN_POINT('',(-207.054121855141,-185.534372298796,285.999999991207));
#4819=CARTESIAN_POINT('',(-207.054121855136,-185.534372298802,258.999999999999));
#4820=CARTESIAN_POINT('',(-205.108787038512,-183.216012547863,285.999999991207));
#4821=CARTESIAN_POINT('Origin',(-230.398977490864,-192.5,308.999999999999));
#4822=CARTESIAN_POINT('',(-230.398977490864,-192.5,258.999999999999));
#4823=CARTESIAN_POINT('',(-230.398977490864,-192.5,278.007359317201));
#4824=CARTESIAN_POINT('',(-212.898977490864,-192.5,258.999999999999));
#4825=CARTESIAN_POINT('',(-225.323977490864,-192.5,265.249999999999));
#4826=CARTESIAN_POINT('Origin',(-221.648977490864,-192.5,265.249999999999));
#4827=CARTESIAN_POINT('Origin',(-246.578546693043,-174.00000000141,309.999999999206));
#4828=CARTESIAN_POINT('',(-246.578546693043,-133.000168277018,267.999999991997));
#4829=CARTESIAN_POINT('',(-246.57854669304,-133.000168277019,317.999999991998));
#4830=CARTESIAN_POINT('',(-246.578546693046,-133.000168278597,258.999999991998));
#4831=CARTESIAN_POINT('',(-246.578546693043,-133.000168278425,259.999999991997));
#4832=CARTESIAN_POINT('',(-246.578546693045,-141.500084140089,258.999999993493));
#4833=CARTESIAN_POINT('',(-246.578546693045,-147.500084140089,258.999999994547));
#4834=CARTESIAN_POINT('',(-246.578546693042,-147.500084139038,264.999999994546));
#4835=CARTESIAN_POINT('',(-246.578546693043,-151.375063103733,268.874978960602));
#4836=CARTESIAN_POINT('',(-246.578546693043,-159.500084139038,264.999999996656));
#4837=CARTESIAN_POINT('',(-246.578546693043,-154.250084109624,264.999999995733));
#4838=CARTESIAN_POINT('',(-246.578546693045,-165.500084140089,258.999999997712));
#4839=CARTESIAN_POINT('',(-246.578546693042,-165.875063105529,258.625021032404));
#4840=CARTESIAN_POINT('',(-246.578546693045,-174.000000001582,258.999999999206));
#4841=CARTESIAN_POINT('',(-246.578546693046,-174.000000001582,258.999999999206));
#4842=CARTESIAN_POINT('',(-246.578546693046,-178.500000001582,258.999999999998));
#4843=CARTESIAN_POINT('',(-246.578546693046,-174.0001682786,258.999999999207));
#4844=CARTESIAN_POINT('',(-246.578546693046,-178.500000001406,259.999999999998));
#4845=CARTESIAN_POINT('',(-246.578546693046,-178.500000001406,259.999999999998));
#4846=CARTESIAN_POINT('',(-246.57854669304,-178.50000000498,285.999999991207));
#4847=CARTESIAN_POINT('',(-246.578546693043,-178.500000001582,259.499999999602));
#4848=CARTESIAN_POINT('',(-246.578546693039,-173.393429088067,285.999999991207));
#4849=CARTESIAN_POINT('',(-246.578546693044,-181.141382758425,285.999999991207));
#4850=CARTESIAN_POINT('',(-246.578546693039,-173.393429088067,285.999999991207));
#4851=CARTESIAN_POINT('Origin',(-236.263139227198,-185.574968777476,308.999999999999));
#4852=CARTESIAN_POINT('',(-236.263139227203,-185.574968777482,285.999999991207));
#4853=CARTESIAN_POINT('',(-236.263139227202,-185.574968777482,285.999999991207));
#4854=CARTESIAN_POINT('',(-236.263139227198,-185.574968777476,258.999999999999));
#4855=CARTESIAN_POINT('',(-236.263139227198,-185.574968777476,258.999999999999));
#4856=CARTESIAN_POINT('',(-230.398977490864,-192.5,258.999999999999));
#4857=CARTESIAN_POINT('Origin',(-246.57854669303,-173.393429088067,385.299999991211));
#4858=CARTESIAN_POINT('',(-246.282474326351,-173.743063098909,285.999999991207));
#4859=CARTESIAN_POINT('Origin',(-221.521880847087,-128.7002531862,351.00959110243));
#4860=CARTESIAN_POINT('',(-199.931576719754,-128.700366722189,258.999999991245));
#4861=CARTESIAN_POINT('',(-199.93157672431,-128.700366722189,259.999999991245));
#4862=CARTESIAN_POINT('',(-215.668442310357,-128.700283967421,258.999999991244));
#4863=CARTESIAN_POINT('',(-203.072455652363,-128.700350205387,258.999999991245));
#4864=CARTESIAN_POINT('',(-215.668442310357,-128.700283967466,259.999999991244));
#4865=CARTESIAN_POINT('',(-215.668442310357,-128.700283967421,272.999999991691));
#4866=CARTESIAN_POINT('',(-215.668435553718,-128.700283967457,264.999999991243));
#4867=CARTESIAN_POINT('',(-215.668435553717,-128.700283967457,274.249999991735));
#4868=CARTESIAN_POINT('',(-227.668435553717,-128.700220863581,264.999999991242));
#4869=CARTESIAN_POINT('',(-210.799990886853,-128.700309568934,264.999999991243));
#4870=CARTESIAN_POINT('',(-227.66843555372,-128.700220863581,258.999999991243));
#4871=CARTESIAN_POINT('',(-227.668435553718,-128.700220863581,275.499999991163));
#4872=CARTESIAN_POINT('',(-243.405098826079,-128.700138109877,258.999999991242));
#4873=CARTESIAN_POINT('',(-218.527509468934,-128.70026893257,258.999999991244));
#4874=CARTESIAN_POINT('',(-243.405098826083,-128.700138109877,267.99999999124));
#4875=CARTESIAN_POINT('',(-243.405098821523,-128.700138109877,259.999999991242));
#4876=CARTESIAN_POINT('',(-243.405098826079,-128.700138109877,317.999999991998));
#4877=CARTESIAN_POINT('Origin',(-239.145963338549,-144.500084139564,261.99999999402));
#4878=CARTESIAN_POINT('',(-241.168435553718,-145.705855504444,263.205771359324));
#4879=CARTESIAN_POINT('',(-241.793047351375,-147.500084139038,264.999999994546));
#4880=CARTESIAN_POINT('Origin',(-221.668435553719,-153.500084138508,270.999999996124));
#4881=CARTESIAN_POINT('',(-231.395963338548,-147.500084139038,264.999999994547));
#4882=CARTESIAN_POINT('',(-241.168435553725,-141.500084140089,258.999999993493));
#4883=CARTESIAN_POINT('',(-239.145963338549,-141.500084140089,258.999999993493));
#4884=CARTESIAN_POINT('',(-241.168435553718,-142.625105174519,260.125021028318));
#4885=CARTESIAN_POINT('Origin',(-201.485853952111,-144.500084139563,261.999999994022));
#4886=CARTESIAN_POINT('',(-201.543823756062,-147.500084139038,264.999999994549));
#4887=CARTESIAN_POINT('',(-202.168435553725,-145.705855504432,263.205771359315));
#4888=CARTESIAN_POINT('Origin',(-221.668435553719,-153.500084138508,270.999999996131));
#4889=CARTESIAN_POINT('',(-202.168435553725,-141.50008414009,258.999999993495));
#4890=CARTESIAN_POINT('',(-202.168435553725,-144.750084139519,262.249999994066));
#4891=CARTESIAN_POINT('',(-201.485853952111,-141.50008414009,258.999999993495));
#4892=CARTESIAN_POINT('',(-208.895963338548,-147.500084139038,264.999999994548));
#4893=CARTESIAN_POINT('Origin',(-246.563999592182,-187.52670510593,258.999999999999));
#4894=CARTESIAN_POINT('',(-246.562431066476,-188.5,258.999999999999));
#4895=CARTESIAN_POINT('',(-246.607483999364,-160.543945864765,258.999999999999));
#4896=CARTESIAN_POINT('',(-246.562431066476,-188.5,285.999999991207));
#4897=CARTESIAN_POINT('',(-246.562431066476,-188.5,272.499999999999));
#4898=CARTESIAN_POINT('',(-246.563358045926,-187.924794657461,285.999999991207));
#4899=CARTESIAN_POINT('Origin',(-238.732290236877,-188.534255309132,258.999999999999));
#4900=CARTESIAN_POINT('',(-242.045658824549,-192.505339701086,258.999999999999));
#4901=CARTESIAN_POINT('',(-242.045658824549,-192.505339701086,285.999999991207));
#4902=CARTESIAN_POINT('',(-242.045658824549,-192.505339701086,272.499999999999));
#4903=CARTESIAN_POINT('',(-221.447483168821,-167.818350709426,258.999999999999));
#4904=CARTESIAN_POINT('',(-235.168592262136,-184.263150229613,285.999999991207));
#4905=CARTESIAN_POINT('Origin',(-197.660902892824,-188.5,285.999999999999));
#4906=CARTESIAN_POINT('',(-195.660902892825,-188.5,285.999999991207));
#4907=CARTESIAN_POINT('',(-195.660902892824,-188.5,258.999999999999));
#4908=CARTESIAN_POINT('',(-195.660902892825,-188.5,285.999999991207));
#4909=CARTESIAN_POINT('',(-209.654940191844,-188.500000000001,258.999999999999));
#4910=CARTESIAN_POINT('',(-195.660902892825,-188.5,285.999999991207));
#4911=CARTESIAN_POINT('Origin',(-195.660902892824,-191.5,285.999999999999));
#4912=CARTESIAN_POINT('',(-192.660902892825,-191.5,285.999999991207));
#4913=CARTESIAN_POINT('',(-192.660902892824,-191.5,258.999999999999));
#4914=CARTESIAN_POINT('',(-192.660902892824,-191.5,285.999999999999));
#4915=CARTESIAN_POINT('Origin',(-195.660902892824,-191.5,258.999999999999));
#4916=CARTESIAN_POINT('Origin',(-195.660902892825,-191.5,285.999999991207));
#4917=CARTESIAN_POINT('Origin',(-192.660902892824,-188.5,285.999999999999));
#4918=CARTESIAN_POINT('',(-192.660902892825,-192.5,285.999999991207));
#4919=CARTESIAN_POINT('',(-192.660902892824,-192.5,258.999999999999));
#4920=CARTESIAN_POINT('',(-192.660902892824,-192.5,285.999999999999));
#4921=CARTESIAN_POINT('',(-192.660902892824,-188.192296296336,258.999999999999));
#4922=CARTESIAN_POINT('',(-192.660902892825,-192.5,285.999999991207));
#4923=CARTESIAN_POINT('Origin',(-192.660902892824,-192.5,285.999999999999));
#4924=CARTESIAN_POINT('',(-201.209266220143,-192.5,285.999999991207));
#4925=CARTESIAN_POINT('',(-201.209266220142,-192.5,258.999999999999));
#4926=CARTESIAN_POINT('',(-201.209266220142,-192.5,272.499999999999));
#4927=CARTESIAN_POINT('',(-207.154940191844,-192.5,258.999999999999));
#4928=CARTESIAN_POINT('',(-201.209266220143,-192.5,285.999999991207));
#4929=CARTESIAN_POINT('Origin',(-201.209266220142,-192.5,258.999999999999));
#4930=CARTESIAN_POINT('',(-201.209266220142,-192.5,258.999999999999));
#4931=CARTESIAN_POINT('',(-215.037739062501,-176.019867810028,285.999999991207));
#4932=CARTESIAN_POINT('Origin',(-220.442545825927,-133.518950108464,258.999999999999));
#4933=CARTESIAN_POINT('',(-250.637052088904,-192.519185269644,258.999999999999));
#4934=CARTESIAN_POINT('',(-230.186937048186,-192.486228627908,258.999999999999));
#4935=CARTESIAN_POINT('',(-250.637052088904,-191.5,258.999999999999));
#4936=CARTESIAN_POINT('',(-250.637052088904,-190.201888931157,258.999999999999));
#4937=CARTESIAN_POINT('',(-247.637052088904,-188.5,258.999999999999));
#4938=CARTESIAN_POINT('Origin',(-247.637052088904,-191.5,258.999999999999));
#4939=CARTESIAN_POINT('',(-236.143014789884,-188.5,258.999999999999));
#4940=CARTESIAN_POINT('',(-227.66843555372,-178.500000001583,258.999999999999));
#4941=CARTESIAN_POINT('',(-221.045761658395,-178.5,258.999999999999));
#4942=CARTESIAN_POINT('',(-215.66843555372,-178.500000001583,258.999999999999));
#4943=CARTESIAN_POINT('',(-221.045761658395,-178.5,258.999999999999));
#4944=CARTESIAN_POINT('',(-221.045761658395,-178.5,258.999999999999));
#4945=CARTESIAN_POINT('',(-215.898977490864,-189.3,258.999999999999));
#4946=CARTESIAN_POINT('',(-215.898977490864,-184.1,258.999999999999));
#4947=CARTESIAN_POINT('',(-215.898977490864,-184.1,258.999999999999));
#4948=CARTESIAN_POINT('',(-227.398977490864,-184.1,258.999999999999));
#4949=CARTESIAN_POINT('',(-227.398977490864,-184.1,258.999999999999));
#4950=CARTESIAN_POINT('',(-227.398977490864,-189.3,258.999999999999));
#4951=CARTESIAN_POINT('',(-227.398977490864,-189.3,258.999999999999));
#4952=CARTESIAN_POINT('',(-215.898977490864,-189.3,258.999999999999));
#4953=CARTESIAN_POINT('Origin',(-250.637052088904,-188.5,285.999999999999));
#4954=CARTESIAN_POINT('',(-247.637052088904,-188.5,285.999999991207));
#4955=CARTESIAN_POINT('',(-247.637052088904,-188.5,285.999999999999));
#4956=CARTESIAN_POINT('',(-246.562431066476,-188.5,285.999999991207));
#4957=CARTESIAN_POINT('Origin',(-238.732290236877,-192.5,285.999999999999));
#4958=CARTESIAN_POINT('',(-250.637052088904,-192.519185269644,285.999999991207));
#4959=CARTESIAN_POINT('',(-250.637052088904,-192.519185269644,285.999999999999));
#4960=CARTESIAN_POINT('',(-250.637052088904,-192.519185269644,285.999999991207));
#4961=CARTESIAN_POINT('Origin',(-221.648977490864,-178.5,273.004685741018));
#4962=CARTESIAN_POINT('',(-227.668435553717,-178.500000000531,264.999999999997));
#4963=CARTESIAN_POINT('',(-227.668435553717,-178.50000000141,259.999999999998));
#4964=CARTESIAN_POINT('',(-227.668435553717,-178.50000000141,259.999999999998));
#4965=CARTESIAN_POINT('',(-215.668435553717,-178.500000000531,264.999999999998));
#4966=CARTESIAN_POINT('',(-211.443921921201,-178.500000000531,264.999999999998));
#4967=CARTESIAN_POINT('',(-215.668435553717,-178.50000000141,259.999999999999));
#4968=CARTESIAN_POINT('',(-215.668435553717,-178.50000000141,259.999999999999));
#4969=CARTESIAN_POINT('',(-215.66843555372,-178.5,266.502342870509));
#4970=CARTESIAN_POINT('',(-227.66843555372,-178.5,266.502342870025));
#4971=CARTESIAN_POINT('Origin',(-204.668435553724,-170.500168278426,259.999999998593));
#4972=CARTESIAN_POINT('',(-202.168435553724,-170.500168278426,259.999999998594));
#4973=CARTESIAN_POINT('',(-204.668435553724,-173.000168278427,259.999999999033));
#4974=CARTESIAN_POINT('Origin',(-204.668435553724,-170.500168278426,259.999999998592));
#4975=CARTESIAN_POINT('',(-202.168435553724,-170.500168278602,258.999999998594));
#4976=CARTESIAN_POINT('',(-202.168435553724,-170.500168278426,259.999999998594));
#4977=CARTESIAN_POINT('',(-204.668435553724,-173.000168278602,258.999999999033));
#4978=CARTESIAN_POINT('Origin',(-204.668435553724,-170.500168278602,258.999999998593));
#4979=CARTESIAN_POINT('',(-204.668435553724,-173.000168278427,259.999999999033));
#4980=CARTESIAN_POINT('Origin',(-238.668435553724,-170.500168278426,259.999999998592));
#4981=CARTESIAN_POINT('',(-238.668435553724,-173.000168278426,259.999999999031));
#4982=CARTESIAN_POINT('',(-241.168435553724,-170.500168278426,259.999999998591));
#4983=CARTESIAN_POINT('Origin',(-238.668435553724,-170.500168278426,259.999999998591));
#4984=CARTESIAN_POINT('',(-238.668435553724,-173.000168278602,258.999999999031));
#4985=CARTESIAN_POINT('',(-238.668435553724,-173.000168278426,259.999999999031));
#4986=CARTESIAN_POINT('',(-241.168435553724,-170.500168278602,258.999999998591));
#4987=CARTESIAN_POINT('Origin',(-238.668435553724,-170.500168278602,258.999999998592));
#4988=CARTESIAN_POINT('',(-241.168435553724,-170.500168278426,259.999999998591));
#4989=CARTESIAN_POINT('Origin',(-247.637052088904,-191.5,285.999999999999));
#4990=CARTESIAN_POINT('',(-250.637052088904,-191.5,285.999999991207));
#4991=CARTESIAN_POINT('',(-250.637052088904,-191.5,285.999999999999));
#4992=CARTESIAN_POINT('Origin',(-247.637052088904,-191.5,285.999999991207));
#4993=CARTESIAN_POINT('Origin',(-250.637052088904,-192.519185269644,285.999999999999));
#4994=CARTESIAN_POINT('',(-250.637052088904,-191.5,285.999999991207));
#4995=CARTESIAN_POINT('Origin',(-221.648977490864,-192.5,265.249999999999));
#4996=CARTESIAN_POINT('',(-225.323977490864,-189.3,265.249999999999));
#4997=CARTESIAN_POINT('',(-225.323977490864,-192.5,265.249999999999));
#4998=CARTESIAN_POINT('Origin',(-221.648977490864,-189.3,265.249999999999));
#4999=CARTESIAN_POINT('Origin',(-221.648977490864,-187.874999957849,270.999999999999));
#5000=CARTESIAN_POINT('',(-227.398977490864,-184.1,270.999999999999));
#5001=CARTESIAN_POINT('',(-215.898977490864,-184.1,270.999999999999));
#5002=CARTESIAN_POINT('',(-227.398977490864,-184.1,270.999999999999));
#5003=CARTESIAN_POINT('',(-215.898977490864,-189.3,270.999999999999));
#5004=CARTESIAN_POINT('',(-215.898977490864,-184.1,270.999999999999));
#5005=CARTESIAN_POINT('',(-227.398977490864,-189.3,270.999999999999));
#5006=CARTESIAN_POINT('',(-215.898977490864,-189.3,270.999999999999));
#5007=CARTESIAN_POINT('',(-227.398977490864,-189.3,270.999999999999));
#5008=CARTESIAN_POINT('Origin',(-227.398977490864,-184.1,258.999999999999));
#5009=CARTESIAN_POINT('',(-215.898977490864,-184.1,258.999999999999));
#5010=CARTESIAN_POINT('',(-227.398977490864,-184.1,258.999999999999));
#5011=CARTESIAN_POINT('Origin',(-227.398977490864,-189.3,258.999999999999));
#5012=CARTESIAN_POINT('',(-227.398977490864,-189.3,258.999999999999));
#5013=CARTESIAN_POINT('Origin',(-215.898977490864,-189.3,258.999999999999));
#5014=CARTESIAN_POINT('',(-215.898977490864,-189.3,258.999999999999));
#5015=CARTESIAN_POINT('Origin',(-215.898977490864,-184.1,258.999999999999));
#5016=CARTESIAN_POINT('Origin',(-238.668435553725,-136.500168278426,259.999999992614));
#5017=CARTESIAN_POINT('',(-241.168435553725,-136.500168278426,259.999999992614));
#5018=CARTESIAN_POINT('',(-238.668435553725,-134.000168278426,259.999999992174));
#5019=CARTESIAN_POINT('Origin',(-238.668435553725,-136.500168278426,259.999999992613));
#5020=CARTESIAN_POINT('',(-241.168435553725,-136.500168278602,258.999999992614));
#5021=CARTESIAN_POINT('',(-241.168435553725,-136.500168278426,259.999999992614));
#5022=CARTESIAN_POINT('',(-238.668435553725,-134.000168278602,258.999999992174));
#5023=CARTESIAN_POINT('Origin',(-238.668435553725,-136.500168278602,258.999999992614));
#5024=CARTESIAN_POINT('',(-238.668435553725,-134.000168278426,259.999999992174));
#5025=CARTESIAN_POINT('Origin',(-202.168435553716,-134.000168219596,259.999999992175));
#5026=CARTESIAN_POINT('',(-205.959137600802,-139.56387382772,259.999999993153));
#5027=CARTESIAN_POINT('',(-207.732146385899,-137.790856142488,259.999999992841));
#5028=CARTESIAN_POINT('Origin',(-221.668435553719,-153.500084138508,259.999999995602));
#5029=CARTESIAN_POINT('',(-207.918435553716,-136.750168219596,259.999999992659));
#5030=CARTESIAN_POINT('Origin',(-204.918435553716,-136.750168219596,259.999999992658));
#5031=CARTESIAN_POINT('',(-207.918435553717,-134.000168219596,259.999999992175));
#5032=CARTESIAN_POINT('',(-207.918435553717,-134.361475849896,259.999999992239));
#5033=CARTESIAN_POINT('',(-204.668435553725,-134.000168278426,259.999999992176));
#5034=CARTESIAN_POINT('',(-238.668435553725,-134.000168278426,259.999999992174));
#5035=CARTESIAN_POINT('',(-202.168435553725,-136.500168278426,259.999999992616));
#5036=CARTESIAN_POINT('Origin',(-204.668435553725,-136.500168278426,259.999999992616));
#5037=CARTESIAN_POINT('',(-202.168435553716,-139.750168219596,259.999999993186));
#5038=CARTESIAN_POINT('',(-202.168435553725,-136.500168278426,259.999999992616));
#5039=CARTESIAN_POINT('',(-204.918435553714,-139.750168219596,259.999999993186));
#5040=CARTESIAN_POINT('',(-202.220648718113,-139.750168219596,259.999999993186));
#5041=CARTESIAN_POINT('Origin',(-204.918435553716,-136.750168219596,259.999999992658));
#5042=CARTESIAN_POINT('',(-204.918435553716,-137.750168219596,259.999999992833));
#5043=CARTESIAN_POINT('Origin',(-204.918435553716,-136.750168219596,259.999999992658));
#5044=CARTESIAN_POINT('Origin',(-238.418435553713,-136.75016821819,267.999999992657));
#5045=CARTESIAN_POINT('',(-237.418435553713,-136.75016821819,285.999999992657));
#5046=CARTESIAN_POINT('Origin',(-238.418435553713,-136.75016821819,285.999999992657));
#5047=CARTESIAN_POINT('',(-237.418435553713,-136.75016821819,267.999999992657));
#5048=CARTESIAN_POINT('',(-237.418435553713,-136.75016821819,267.999999992657));
#5049=CARTESIAN_POINT('',(-238.418435553717,-137.75016821819,267.999999992831));
#5050=CARTESIAN_POINT('Origin',(-238.418435553717,-136.75016821819,267.999999992655));
#5051=CARTESIAN_POINT('Origin',(-238.418435553717,-136.75016821819,267.999999992655));
#5052=CARTESIAN_POINT('Origin',(-204.918435553712,-136.750168218189,267.999999992658));
#5053=CARTESIAN_POINT('',(-203.918435553713,-136.750168218189,285.999999992658));
#5054=CARTESIAN_POINT('Origin',(-204.918435553713,-136.750168218189,285.999999992658));
#5055=CARTESIAN_POINT('',(-203.918435553712,-136.750168218189,267.999999992658));
#5056=CARTESIAN_POINT('',(-203.918435553712,-136.750168218189,267.999999992658));
#5057=CARTESIAN_POINT('',(-204.918435553716,-137.750168218189,267.999999992833));
#5058=CARTESIAN_POINT('Origin',(-204.918435553716,-136.750168218189,267.999999992658));
#5059=CARTESIAN_POINT('Origin',(-204.918435553716,-136.750168218189,267.999999992658));
#5060=CARTESIAN_POINT('Origin',(-204.918435553711,-170.25016827702,267.999999998547));
#5061=CARTESIAN_POINT('',(-203.918435553711,-170.25016827702,285.999999998547));
#5062=CARTESIAN_POINT('Origin',(-204.918435553711,-170.25016827702,285.999999998547));
#5063=CARTESIAN_POINT('',(-203.918435553711,-170.25016827702,267.999999998547));
#5064=CARTESIAN_POINT('',(-203.918435553711,-170.25016827702,267.999999998547));
#5065=CARTESIAN_POINT('',(-204.918435553715,-171.25016827702,267.999999998723));
#5066=CARTESIAN_POINT('Origin',(-204.918435553715,-170.25016827702,267.999999998547));
#5067=CARTESIAN_POINT('',(-204.918435553716,-169.25016827702,267.999999998371));
#5068=CARTESIAN_POINT('Origin',(-204.918435553715,-170.25016827702,267.999999998547));
#5069=CARTESIAN_POINT('Origin',(-204.918435553715,-170.25016827702,267.999999998547));
#5070=CARTESIAN_POINT('Origin',(-238.418435553712,-170.250168277021,267.999999998547));
#5071=CARTESIAN_POINT('',(-237.418435553712,-170.250168277021,285.999999998547));
#5072=CARTESIAN_POINT('Origin',(-238.418435553712,-170.250168277021,285.999999998547));
#5073=CARTESIAN_POINT('',(-237.418435553712,-170.250168277021,267.999999998547));
#5074=CARTESIAN_POINT('',(-237.418435553712,-170.250168277021,267.999999998547));
#5075=CARTESIAN_POINT('',(-238.418435553716,-169.250168277021,267.999999998369));
#5076=CARTESIAN_POINT('Origin',(-238.418435553716,-170.250168277021,267.999999998545));
#5077=CARTESIAN_POINT('Origin',(-238.418435553716,-170.250168277021,267.999999998545));
#5078=CARTESIAN_POINT('Origin',(-215.668435553716,-134.500168219156,262.499999992262));
#5079=CARTESIAN_POINT('',(-215.668436350123,-133.375472341011,259.999999992066));
#5080=CARTESIAN_POINT('',(-215.668435553721,-134.000168278422,259.999999992176));
#5081=CARTESIAN_POINT('',(-215.668435553718,-133.375472341009,264.999999992065));
#5082=CARTESIAN_POINT('',(-215.668435553717,-133.37547234101,285.999999991207));
#5083=CARTESIAN_POINT('',(-215.668435553718,-134.250168248131,264.999999992218));
#5084=CARTESIAN_POINT('Origin',(-241.168435553718,-134.000168277546,264.999999992174));
#5085=CARTESIAN_POINT('',(-241.168435553716,-145.705855504439,264.999999994231));
#5086=CARTESIAN_POINT('',(-241.168435553719,-145.705855504447,285.999999991207));
#5087=CARTESIAN_POINT('',(-241.168435553724,-170.500168278602,258.999999998591));
#5088=CARTESIAN_POINT('',(-241.168435553716,-139.750168219596,259.999999993183));
#5089=CARTESIAN_POINT('',(-241.168435553725,-135.250168249012,259.999999992393));
#5090=CARTESIAN_POINT('',(-241.168435553716,-139.750168218717,264.999999993184));
#5091=CARTESIAN_POINT('',(-241.168435553716,-139.750168218827,264.374999993184));
#5092=CARTESIAN_POINT('',(-241.168435553716,-146.625168233425,264.999999994392));
#5093=CARTESIAN_POINT('Origin',(-202.168435553716,-134.000168219596,259.999999992175));
#5094=CARTESIAN_POINT('',(-235.60472472153,-137.79085614248,259.99999999284));
#5095=CARTESIAN_POINT('',(-237.377733506639,-139.563873827724,259.999999993151));
#5096=CARTESIAN_POINT('Origin',(-221.668435553719,-153.500084138508,259.999999995602));
#5097=CARTESIAN_POINT('',(-238.418435553716,-139.750168219596,259.999999993184));
#5098=CARTESIAN_POINT('Origin',(-238.418435553716,-136.750168219596,259.999999992657));
#5099=CARTESIAN_POINT('',(-240.168435553716,-139.750168219596,259.999999993183));
#5100=CARTESIAN_POINT('',(-235.418435553716,-134.000168219596,259.999999992173));
#5101=CARTESIAN_POINT('',(-214.918435553718,-134.000168278426,259.999999992174));
#5102=CARTESIAN_POINT('',(-235.418435553716,-136.750168219596,259.999999992657));
#5103=CARTESIAN_POINT('',(-235.418435553716,-135.250168219596,259.999999992393));
#5104=CARTESIAN_POINT('Origin',(-238.418435553716,-136.750168219596,259.999999992657));
#5105=CARTESIAN_POINT('',(-238.418435553716,-137.750168219596,259.999999992832));
#5106=CARTESIAN_POINT('Origin',(-238.418435553716,-136.750168219596,259.999999992657));
#5107=CARTESIAN_POINT('Origin',(-227.668435553717,-134.000168277546,264.999999992175));
#5108=CARTESIAN_POINT('',(-229.462874690476,-134.000168278602,258.999999992175));
#5109=CARTESIAN_POINT('',(-229.462874540659,-134.000168218717,264.999999992174));
#5110=CARTESIAN_POINT('',(-229.462874689154,-134.000168278073,261.999999992174));
#5111=CARTESIAN_POINT('',(-235.418435553717,-134.000168218717,264.999999992173));
#5112=CARTESIAN_POINT('',(-214.793435553716,-134.000168218717,264.999999992174));
#5113=CARTESIAN_POINT('',(-235.418435553717,-134.00016821953,260.374999992173));
#5114=CARTESIAN_POINT('',(-238.668435553725,-134.000168278602,258.999999992174));
#5115=CARTESIAN_POINT('Origin',(-239.918435553716,-167.250168278295,260.749999998019));
#5116=CARTESIAN_POINT('',(-238.418435553716,-167.250168277549,264.999999998019));
#5117=CARTESIAN_POINT('',(-238.418435553716,-167.250168278427,259.999999998019));
#5118=CARTESIAN_POINT('',(-238.418435553716,-167.250168278295,260.749999998018));
#5119=CARTESIAN_POINT('',(-241.168435553716,-167.250168278427,259.999999998018));
#5120=CARTESIAN_POINT('',(-241.129457604821,-167.250168278427,259.999999998018));
#5121=CARTESIAN_POINT('',(-241.168435553715,-167.250168277548,264.999999998019));
#5122=CARTESIAN_POINT('',(-241.168435553715,-167.250168278163,261.499999998019));
#5123=CARTESIAN_POINT('',(-231.418435553717,-167.25016827755,264.999999998019));
#5124=CARTESIAN_POINT('Origin',(-239.918435553717,-139.750168219464,260.749999993184));
#5125=CARTESIAN_POINT('',(-238.418435553716,-139.750168218718,264.999999993184));
#5126=CARTESIAN_POINT('',(-238.418435553716,-139.750168219464,260.749999993184));
#5127=CARTESIAN_POINT('',(-230.043435553715,-139.750168218719,264.999999993184));
#5128=CARTESIAN_POINT('Origin',(-238.418435553716,-170.250168277988,262.499999998546));
#5129=CARTESIAN_POINT('',(-238.418435553716,-169.250168278427,259.99999999837));
#5130=CARTESIAN_POINT('',(-238.418435553716,-169.250168277988,262.49999999837));
#5131=CARTESIAN_POINT('Origin',(-238.418435553716,-170.250168278427,259.999999998546));
#5132=CARTESIAN_POINT('Origin',(-235.418435553716,-171.750168278295,260.74999999881));
#5133=CARTESIAN_POINT('',(-235.418435553716,-173.000168278427,259.99999999903));
#5134=CARTESIAN_POINT('',(-235.418435553716,-173.000168277549,264.99999999903));
#5135=CARTESIAN_POINT('',(-235.418435553716,-173.000168278164,261.49999999903));
#5136=CARTESIAN_POINT('',(-235.418435553716,-170.250168278427,259.999999998547));
#5137=CARTESIAN_POINT('',(-235.418435553716,-171.750168278427,259.99999999881));
#5138=CARTESIAN_POINT('',(-235.418435553716,-170.250168277549,264.999999998546));
#5139=CARTESIAN_POINT('',(-235.418435553716,-170.250168278295,260.749999998546));
#5140=CARTESIAN_POINT('',(-235.418435553716,-161.875168262841,264.999999997074));
#5141=CARTESIAN_POINT('Origin',(-202.220648718113,-167.250168278295,260.74999999802));
#5142=CARTESIAN_POINT('',(-202.168435553716,-167.250168277548,264.999999998021));
#5143=CARTESIAN_POINT('',(-202.168435553716,-167.250168278427,259.999999998021));
#5144=CARTESIAN_POINT('',(-202.168435553716,-167.250168278361,260.374999998021));
#5145=CARTESIAN_POINT('',(-204.918435553713,-167.250168278427,259.999999998021));
#5146=CARTESIAN_POINT('',(-202.220648718113,-167.250168278427,259.999999998021));
#5147=CARTESIAN_POINT('',(-204.918435553713,-167.250168277548,264.999999998021));
#5148=CARTESIAN_POINT('',(-204.918435553716,-167.250168278295,260.74999999802));
#5149=CARTESIAN_POINT('',(-213.293435553714,-167.250168277548,264.99999999802));
#5150=CARTESIAN_POINT('Origin',(-207.918435553716,-172.638860647995,260.749999998968));
#5151=CARTESIAN_POINT('',(-207.918435553716,-173.000168278427,259.999999999032));
#5152=CARTESIAN_POINT('',(-207.918435553716,-173.000168277548,264.999999999032));
#5153=CARTESIAN_POINT('',(-207.918435553716,-173.000168278361,260.374999999032));
#5154=CARTESIAN_POINT('',(-207.918435553716,-170.250168277548,264.999999998548));
#5155=CARTESIAN_POINT('',(-207.918435553714,-163.250168262842,264.999999997317));
#5156=CARTESIAN_POINT('',(-207.918435553716,-170.250168278427,259.999999998548));
#5157=CARTESIAN_POINT('',(-207.918435553716,-170.250168278295,260.749999998548));
#5158=CARTESIAN_POINT('',(-207.918435553716,-172.638860648127,259.999999998968));
#5159=CARTESIAN_POINT('Origin',(-204.918435553716,-170.250168277987,262.499999998548));
#5160=CARTESIAN_POINT('',(-204.918435553715,-169.250168278427,259.999999998371));
#5161=CARTESIAN_POINT('',(-204.918435553716,-169.250168277987,262.499999998372));
#5162=CARTESIAN_POINT('Origin',(-204.918435553716,-170.250168278427,259.999999998547));
#5163=CARTESIAN_POINT('Origin',(-238.418435553716,-136.750168219157,262.499999992656));
#5164=CARTESIAN_POINT('',(-238.418435553716,-137.750168219157,262.499999992832));
#5165=CARTESIAN_POINT('Origin',(-238.418435553716,-136.750168219464,260.749999992656));
#5166=CARTESIAN_POINT('',(-237.377733505479,-139.563873826416,264.999999993151));
#5167=CARTESIAN_POINT('',(-237.377733500603,-139.563873820919,285.999999991207));
#5168=CARTESIAN_POINT('Origin',(-238.418435553716,-136.750168218717,264.999999992656));
#5169=CARTESIAN_POINT('Origin',(-235.418435553717,-135.250168219464,260.749999992393));
#5170=CARTESIAN_POINT('',(-235.418435553716,-136.750168218717,264.999999992657));
#5171=CARTESIAN_POINT('',(-235.418435553715,-143.750168233426,264.999999993887));
#5172=CARTESIAN_POINT('',(-235.418435553717,-136.750168219464,260.749999992657));
#5173=CARTESIAN_POINT('Origin',(-202.220648718114,-139.750168219464,260.749999993186));
#5174=CARTESIAN_POINT('',(-202.168435553716,-139.750168218717,264.999999993186));
#5175=CARTESIAN_POINT('',(-202.168435553716,-139.75016821953,260.374999993186));
#5176=CARTESIAN_POINT('',(-204.918435553713,-139.750168218717,264.999999993186));
#5177=CARTESIAN_POINT('',(-211.918435553716,-139.750168218717,264.999999993186));
#5178=CARTESIAN_POINT('',(-204.918435553713,-139.750168219332,261.499999993186));
#5179=CARTESIAN_POINT('Origin',(-207.918435553717,-134.361475849764,260.749999992238));
#5180=CARTESIAN_POINT('',(-207.918435553717,-134.000168218717,264.999999992175));
#5181=CARTESIAN_POINT('',(-207.918435553717,-134.000168219332,261.499999992175));
#5182=CARTESIAN_POINT('',(-207.918435553716,-136.750168218717,264.999999992658));
#5183=CARTESIAN_POINT('',(-207.918435553716,-136.750168219332,261.499999992658));
#5184=CARTESIAN_POINT('',(-207.918435553717,-145.125168233425,264.999999994131));
#5185=CARTESIAN_POINT('Origin',(-204.918435553716,-136.750168219464,260.749999992658));
#5186=CARTESIAN_POINT('',(-207.732146385416,-137.790856142917,264.999999992841));
#5187=CARTESIAN_POINT('',(-207.732146383385,-137.790856144718,285.999999991207));
#5188=CARTESIAN_POINT('Origin',(-204.918435553716,-136.750168218717,264.999999992659));
#5189=CARTESIAN_POINT('Origin',(-204.918435553716,-136.750168219156,262.499999992658));
#5190=CARTESIAN_POINT('',(-204.918435553716,-137.750168219156,262.499999992834));
#5191=CARTESIAN_POINT('Origin',(-204.668435553725,-134.000168278426,259.999999992176));
#5192=CARTESIAN_POINT('',(-213.87399656678,-134.000168218717,264.999999992175));
#5193=CARTESIAN_POINT('',(-213.873996416961,-134.000168278602,258.999999992176));
#5194=CARTESIAN_POINT('',(-213.87399641828,-134.000168278075,261.999999992175));
#5195=CARTESIAN_POINT('',(-204.668435553725,-134.000168278602,258.999999992176));
#5196=CARTESIAN_POINT('',(-238.668435553725,-134.000168278602,258.999999992174));
#5197=CARTESIAN_POINT('',(-204.668435553725,-134.000168278426,259.999999992176));
#5198=CARTESIAN_POINT('',(-214.793435553716,-134.000168218717,264.999999992174));
#5199=CARTESIAN_POINT('Origin',(-204.668435553725,-136.500168278426,259.999999992616));
#5200=CARTESIAN_POINT('',(-202.168435553725,-136.500168278602,258.999999992616));
#5201=CARTESIAN_POINT('Origin',(-204.668435553725,-136.500168278602,258.999999992616));
#5202=CARTESIAN_POINT('',(-202.168435553725,-136.500168278426,259.999999992616));
#5203=CARTESIAN_POINT('Origin',(-202.168435553725,-147.500084139914,259.99999999455));
#5204=CARTESIAN_POINT('',(-202.168435553716,-145.705855504453,264.999999994233));
#5205=CARTESIAN_POINT('',(-202.168435553725,-145.705855504431,285.999999991207));
#5206=CARTESIAN_POINT('',(-202.168435553716,-160.37516826284,264.999999996812));
#5207=CARTESIAN_POINT('',(-202.168435553725,-136.500168278602,258.999999992616));
#5208=CARTESIAN_POINT('Origin',(-201.258324414394,-133.000336555439,259.999999992001));
#5209=CARTESIAN_POINT('Origin',(-201.258324414393,-133.000336555615,258.999999992001));
#5210=CARTESIAN_POINT('Origin',(-215.668435553721,-134.000168278422,259.999999992176));
#5211=CARTESIAN_POINT('',(-215.668436350124,-133.375472103567,258.999999992066));
#5212=CARTESIAN_POINT('',(-215.668435553721,-134.000168278598,258.999999992176));
#5213=CARTESIAN_POINT('',(-215.668436350125,-133.375472103567,285.999999991207));
#5214=CARTESIAN_POINT('Origin',(-206.213383489828,-138.000210347828,258.999999992879));
#5215=CARTESIAN_POINT('Origin',(-221.668435553719,-153.500084138508,258.999999995604));
#5216=CARTESIAN_POINT('Origin',(-221.668435553717,-134.500168218717,264.999999992262));
#5217=CARTESIAN_POINT('',(-241.793047351059,-159.500084139038,264.999999996656));
#5218=CARTESIAN_POINT('Origin',(-221.668435553719,-153.500084138508,264.999999995602));
#5219=CARTESIAN_POINT('',(-234.351018908211,-159.500084139038,264.999999996656));
#5220=CARTESIAN_POINT('Origin',(-221.668435553717,-134.500168218717,264.999999992262));
#5221=CARTESIAN_POINT('Origin',(-221.668435553719,-153.500084138508,264.999999995602));
#5222=CARTESIAN_POINT('Origin',(-221.668435553717,-134.500168218717,264.999999992262));
#5223=CARTESIAN_POINT('',(-235.604724722014,-137.79085614291,264.99999999284));
#5224=CARTESIAN_POINT('Origin',(-221.668435553719,-153.500084138508,264.999999995602));
#5225=CARTESIAN_POINT('Origin',(-238.418435553716,-136.750168218717,264.999999992656));
#5226=CARTESIAN_POINT('Origin',(-221.668435553717,-134.500168218717,264.999999992262));
#5227=CARTESIAN_POINT('',(-227.668435553717,-133.375472341009,264.999999992064));
#5228=CARTESIAN_POINT('Origin',(-221.668435553719,-153.500084138508,264.999999995602));
#5229=CARTESIAN_POINT('',(-227.668435553717,-131.250168248131,264.99999999169));
#5230=CARTESIAN_POINT('Origin',(-221.668435553717,-134.500168218717,264.999999992262));
#5231=CARTESIAN_POINT('Origin',(-221.668435553719,-153.500084138508,264.999999995602));
#5232=CARTESIAN_POINT('Origin',(-221.668435553717,-134.500168218717,264.999999992262));
#5233=CARTESIAN_POINT('',(-205.959137601962,-139.563873826412,264.999999993153));
#5234=CARTESIAN_POINT('Origin',(-221.668435553719,-153.500084138508,264.999999995602));
#5235=CARTESIAN_POINT('Origin',(-204.918435553716,-136.750168218717,264.999999992659));
#5236=CARTESIAN_POINT('Origin',(-221.668435553717,-134.500168218717,264.999999992262));
#5237=CARTESIAN_POINT('',(-201.543823756378,-159.500084139038,264.999999996659));
#5238=CARTESIAN_POINT('',(-200.668435553718,-153.500084138508,264.999999995604));
#5239=CARTESIAN_POINT('Origin',(-221.668435553719,-153.500084138508,264.999999995602));
#5240=CARTESIAN_POINT('Origin',(-221.668435553719,-153.500084138508,264.999999995602));
#5241=CARTESIAN_POINT('',(-211.895963338548,-159.500084139038,264.999999996658));
#5242=CARTESIAN_POINT('Origin',(-221.668435553717,-134.500168218717,264.999999992262));
#5243=CARTESIAN_POINT('',(-205.959359733106,-167.436544839211,264.999999998054));
#5244=CARTESIAN_POINT('',(-202.168435553716,-161.294312772562,264.999999996974));
#5245=CARTESIAN_POINT('Origin',(-221.668435553719,-153.500084138508,264.999999995602));
#5246=CARTESIAN_POINT('',(-202.168435553716,-160.37516826284,264.999999996812));
#5247=CARTESIAN_POINT('Origin',(-204.918435553716,-170.250168277548,264.999999998548));
#5248=CARTESIAN_POINT('Origin',(-221.668435553717,-134.500168218717,264.999999992262));
#5249=CARTESIAN_POINT('',(-213.874417426311,-173.000168277548,264.999999999031));
#5250=CARTESIAN_POINT('',(-207.732053763233,-169.20922996474,264.999999998365));
#5251=CARTESIAN_POINT('Origin',(-221.668435553719,-153.500084138508,264.999999995602));
#5252=CARTESIAN_POINT('Origin',(-204.918435553716,-170.250168277548,264.999999998548));
#5253=CARTESIAN_POINT('',(-228.543435553716,-173.000168277548,264.99999999903));
#5254=CARTESIAN_POINT('Origin',(-221.668435553717,-134.500168218717,264.999999992262));
#5255=CARTESIAN_POINT('',(-227.668435553717,-173.624695936007,264.99999999914));
#5256=CARTESIAN_POINT('',(-215.668435553717,-173.624695936006,264.999999999141));
#5257=CARTESIAN_POINT('Origin',(-221.668435553719,-153.500084138508,264.999999995602));
#5258=CARTESIAN_POINT('',(-215.668435553717,-171.125021035158,264.999999998701));
#5259=CARTESIAN_POINT('',(-227.668435553717,-168.125105173666,264.999999998173));
#5260=CARTESIAN_POINT('Origin',(-221.668435553717,-134.500168218717,264.999999992262));
#5261=CARTESIAN_POINT('',(-235.604817344196,-169.209229964748,264.999999998363));
#5262=CARTESIAN_POINT('',(-229.462453681125,-173.000168277548,264.99999999903));
#5263=CARTESIAN_POINT('Origin',(-221.668435553719,-153.500084138508,264.999999995602));
#5264=CARTESIAN_POINT('',(-228.543435553716,-173.000168277548,264.99999999903));
#5265=CARTESIAN_POINT('Origin',(-238.418435553716,-170.250168277549,264.999999998546));
#5266=CARTESIAN_POINT('Origin',(-221.668435553717,-134.500168218717,264.999999992262));
#5267=CARTESIAN_POINT('',(-241.168435553715,-161.294312772577,264.999999996971));
#5268=CARTESIAN_POINT('',(-237.377511374334,-167.436544839208,264.999999998052));
#5269=CARTESIAN_POINT('Origin',(-221.668435553719,-153.500084138508,264.999999995602));
#5270=CARTESIAN_POINT('Origin',(-238.418435553716,-170.250168277549,264.999999998546));
#5271=CARTESIAN_POINT('',(-241.168435553716,-146.625168233425,264.999999994392));
#5272=CARTESIAN_POINT('Origin',(-204.190907768886,-162.500084139564,261.999999997187));
#5273=CARTESIAN_POINT('',(-202.168435553717,-161.294312772564,263.205771363764));
#5274=CARTESIAN_POINT('Origin',(-221.668435553719,-153.500084138508,270.999999995082));
#5275=CARTESIAN_POINT('',(-202.168435553724,-165.50008414009,258.999999997714));
#5276=CARTESIAN_POINT('',(-204.190907768886,-165.50008414009,258.999999997714));
#5277=CARTESIAN_POINT('',(-202.168435553717,-164.375105189227,260.124978948182));
#5278=CARTESIAN_POINT('Origin',(-202.168435553717,-173.000168336377,264.999999999033));
#5279=CARTESIAN_POINT('',(-202.168435553718,-161.294312772567,285.999999991207));
#5280=CARTESIAN_POINT('',(-202.168435553725,-136.500168278602,258.999999992616));
#5281=CARTESIAN_POINT('',(-202.168435553724,-152.250168249011,259.999999995384));
#5282=CARTESIAN_POINT('Origin',(-204.918435553716,-170.250168278295,260.749999998548));
#5283=CARTESIAN_POINT('',(-207.732053762749,-169.209229964311,259.999999998365));
#5284=CARTESIAN_POINT('',(-207.732053765269,-169.209229966546,285.999999991207));
#5285=CARTESIAN_POINT('Origin',(-204.918435553715,-170.250168278427,259.999999998548));
#5286=CARTESIAN_POINT('Origin',(-204.918435553716,-170.250168278295,260.749999998548));
#5287=CARTESIAN_POINT('',(-205.959359734266,-167.436544840519,259.999999998053));
#5288=CARTESIAN_POINT('',(-205.959359728229,-167.436544833713,285.999999991207));
#5289=CARTESIAN_POINT('Origin',(-204.918435553715,-170.250168278427,259.999999998548));
#5290=CARTESIAN_POINT('Origin',(-204.918435553716,-136.750168219464,260.749999992658));
#5291=CARTESIAN_POINT('',(-205.959137606837,-139.563873820917,285.999999991207));
#5292=CARTESIAN_POINT('Origin',(-202.168435553716,-134.000168219596,259.999999992175));
#5293=CARTESIAN_POINT('Origin',(-221.668435553719,-153.500084138508,259.999999995602));
#5294=CARTESIAN_POINT('',(-208.918435553718,-173.000168278427,259.999999999031));
#5295=CARTESIAN_POINT('Origin',(-241.168435553718,-173.000168336377,264.999999999031));
#5296=CARTESIAN_POINT('',(-213.874417428949,-173.000168278602,258.999999999032));
#5297=CARTESIAN_POINT('',(-213.874417574817,-173.000168336905,261.999999999032));
#5298=CARTESIAN_POINT('',(-204.668435553724,-173.000168278602,258.999999999033));
#5299=CARTESIAN_POINT('Origin',(-206.213379984056,-169.000042070836,258.99999999833));
#5300=CARTESIAN_POINT('',(-215.66843555372,-173.624695936006,258.999999999142));
#5301=CARTESIAN_POINT('Origin',(-221.668435553719,-153.500084138508,258.999999995604));
#5302=CARTESIAN_POINT('',(-215.66843555372,-178.500000001583,258.999999999999));
#5303=CARTESIAN_POINT('Origin',(-215.668435553717,-179.00000000141,260.000000000087));
#5304=CARTESIAN_POINT('',(-215.668435553718,-173.624695936006,285.999999991207));
#5305=CARTESIAN_POINT('Origin',(-227.668435553717,-173.000168278427,259.999999999031));
#5306=CARTESIAN_POINT('',(-227.66843555372,-173.624695936006,258.999999999142));
#5307=CARTESIAN_POINT('',(-227.668435553718,-173.624695936006,285.999999991207));
#5308=CARTESIAN_POINT('',(-227.66843555372,-173.0001682786,258.999999999032));
#5309=CARTESIAN_POINT('Origin',(-237.123491123383,-169.000042070836,258.999999998328));
#5310=CARTESIAN_POINT('',(-229.462453678489,-173.000168278602,258.999999999032));
#5311=CARTESIAN_POINT('Origin',(-221.668435553719,-153.500084138508,258.999999995604));
#5312=CARTESIAN_POINT('',(-241.168435553724,-165.500084140089,258.999999997712));
#5313=CARTESIAN_POINT('',(-242.101018908213,-165.500084140089,258.999999997712));
#5314=CARTESIAN_POINT('',(-241.168435553724,-170.500168278602,258.999999998591));
#5315=CARTESIAN_POINT('',(-204.668435553724,-173.000168278602,258.999999999033));
#5316=CARTESIAN_POINT('Origin',(-241.168435553718,-173.000168336377,264.999999999031));
#5317=CARTESIAN_POINT('',(-229.462453532621,-173.000168336904,261.999999999031));
#5318=CARTESIAN_POINT('',(-220.41843555372,-173.000168278426,259.999999999031));
#5319=CARTESIAN_POINT('Origin',(-238.418435553716,-170.250168278295,260.749999998546));
#5320=CARTESIAN_POINT('',(-237.377511373174,-167.436544840516,259.999999998052));
#5321=CARTESIAN_POINT('',(-237.37751137921,-167.436544833712,285.999999991207));
#5322=CARTESIAN_POINT('Origin',(-238.418435553716,-170.250168278427,259.999999998546));
#5323=CARTESIAN_POINT('Origin',(-238.418435553716,-170.250168278295,260.749999998546));
#5324=CARTESIAN_POINT('',(-235.604817344679,-169.209229964319,259.999999998363));
#5325=CARTESIAN_POINT('',(-235.604817342164,-169.20922996655,285.999999991207));
#5326=CARTESIAN_POINT('Origin',(-238.418435553716,-170.250168278427,259.999999998546));
#5327=CARTESIAN_POINT('Origin',(-202.168435553716,-134.000168219596,259.999999992175));
#5328=CARTESIAN_POINT('Origin',(-221.668435553719,-153.500084138508,259.999999995602));
#5329=CARTESIAN_POINT('',(-241.168435553725,-146.750126179755,259.999999994414));
#5330=CARTESIAN_POINT('Origin',(-238.418435553716,-136.750168219464,260.749999992656));
#5331=CARTESIAN_POINT('',(-235.604724724049,-137.790856144715,285.999999991207));
#5332=CARTESIAN_POINT('Origin',(-241.168435553718,-134.000168277546,264.999999992174));
#5333=CARTESIAN_POINT('',(-241.168435553718,-161.294312772571,263.205771363754));
#5334=CARTESIAN_POINT('',(-241.168435553719,-161.294312772568,285.999999991207));
#5335=CARTESIAN_POINT('',(-241.168435553718,-154.625105172811,269.874978961173));
#5336=CARTESIAN_POINT('Origin',(-242.101018908213,-162.500084139564,261.999999997185));
#5337=CARTESIAN_POINT('Origin',(-221.668435553719,-153.500084138508,270.999999995083));
#5338=CARTESIAN_POINT('Origin',(-221.668435553719,-153.500084138508,285.999999991207));
#5339=CARTESIAN_POINT('',(-200.668435553719,-153.500084138508,285.999999991207));
#5340=CARTESIAN_POINT('',(-227.66843555372,-133.37547234101,258.999999992065));
#5341=CARTESIAN_POINT('Origin',(-221.668435553719,-153.500084138508,258.999999995604));
#5342=CARTESIAN_POINT('',(-227.668435553719,-133.375472341009,285.999999991207));
#5343=CARTESIAN_POINT('Origin',(-221.668435553713,-153.500084138511,285.999999991207));
#5344=CARTESIAN_POINT('Origin',(-221.668435553713,-153.500084138511,285.999999991207));
#5345=CARTESIAN_POINT('Origin',(-221.668435553713,-160.600069054938,285.999999991207));
#5346=CARTESIAN_POINT('Origin',(-221.668435553713,-160.600069054938,285.999999991207));
#5347=CARTESIAN_POINT('Origin',(-221.668435553713,-160.600069054938,285.999999991207));
#5348=CARTESIAN_POINT('Origin',(-221.668435553713,-160.600069054938,285.999999991207));
#5349=CARTESIAN_POINT('Origin',(-227.668435553717,-128.000168277546,264.99999999112));
#5350=CARTESIAN_POINT('',(-227.66843555372,-128.500168278597,258.999999991208));
#5351=CARTESIAN_POINT('Origin',(-237.123491123383,-138.000126209343,258.999999992878));
#5352=CARTESIAN_POINT('Origin',(-242.078546693046,-133.000168278597,258.999999991998));
#5353=CARTESIAN_POINT('Origin',(-242.078546693043,-133.000168278425,259.999999991998));
#5354=CARTESIAN_POINT('Origin',(-242.078546693043,-133.000168277018,267.999999991996));
#5355=CARTESIAN_POINT('Origin',(-242.07854669304,-133.000168277018,317.999999991998));
#5356=UNCERTAINTY_MEASURE_WITH_UNIT(LENGTH_MEASURE(0.01),#5360,
'DISTANCE_ACCURACY_VALUE',
'Maximum model space distance between geometric entities at asserted c
onnectivities');
#5357=UNCERTAINTY_MEASURE_WITH_UNIT(LENGTH_MEASURE(0.01),#5360,
'DISTANCE_ACCURACY_VALUE',
'Maximum model space distance between geometric entities at asserted c
onnectivities');
#5358=(
GEOMETRIC_REPRESENTATION_CONTEXT(3)
GLOBAL_UNCERTAINTY_ASSIGNED_CONTEXT((#5356))
GLOBAL_UNIT_ASSIGNED_CONTEXT((#5360,#5362,#5363))
REPRESENTATION_CONTEXT('','3D')
);
#5359=(
GEOMETRIC_REPRESENTATION_CONTEXT(3)
GLOBAL_UNCERTAINTY_ASSIGNED_CONTEXT((#5357))
GLOBAL_UNIT_ASSIGNED_CONTEXT((#5360,#5362,#5363))
REPRESENTATION_CONTEXT('','3D')
);
#5360=(
LENGTH_UNIT()
NAMED_UNIT(*)
SI_UNIT(.MILLI.,.METRE.)
);
#5361=(
LENGTH_UNIT()
NAMED_UNIT(*)
SI_UNIT($,.METRE.)
);
#5362=(
NAMED_UNIT(*)
PLANE_ANGLE_UNIT()
SI_UNIT($,.RADIAN.)
);
#5363=(
NAMED_UNIT(*)
SI_UNIT($,.STERADIAN.)
SOLID_ANGLE_UNIT()
);
#5364=SHAPE_DEFINITION_REPRESENTATION(#5365,#5366);
#5365=PRODUCT_DEFINITION_SHAPE('',$,#5368);
#5366=SHAPE_REPRESENTATION('',(#3092),#5358);
#5367=PRODUCT_DEFINITION_CONTEXT('part definition',#5372,'design');
#5368=PRODUCT_DEFINITION('Benchtop Spectrometer Frame Rev 1',
'Benchtop Spectrometer Frame Rev 1',#5369,#5367);
#5369=PRODUCT_DEFINITION_FORMATION('',$,#5374);
#5370=PRODUCT_RELATED_PRODUCT_CATEGORY(
'Benchtop Spectrometer Frame Rev 1','Benchtop Spectrometer Frame Rev 1',
(#5374));
#5371=APPLICATION_PROTOCOL_DEFINITION('international standard',
'automotive_design',2009,#5372);
#5372=APPLICATION_CONTEXT(
'Core Data for Automotive Mechanical Design Process');
#5373=PRODUCT_CONTEXT('part definition',#5372,'mechanical');
#5374=PRODUCT('Benchtop Spectrometer Frame Rev 1',
'Benchtop Spectrometer Frame Rev 1',$,(#5373));
#5375=PRESENTATION_STYLE_ASSIGNMENT((#5377));
#5376=PRESENTATION_STYLE_ASSIGNMENT((#5378));
#5377=SURFACE_STYLE_USAGE(.BOTH.,#5379);
#5378=SURFACE_STYLE_USAGE(.BOTH.,#5380);
#5379=SURFACE_SIDE_STYLE('',(#5381));
#5380=SURFACE_SIDE_STYLE('',(#5382));
#5381=SURFACE_STYLE_FILL_AREA(#5383);
#5382=SURFACE_STYLE_FILL_AREA(#5384);
#5383=FILL_AREA_STYLE('Plate',(#5385));
#5384=FILL_AREA_STYLE('Paint - Enamel Glossy (Green)',(#5386));
#5385=FILL_AREA_STYLE_COLOUR('Plate',#5387);
#5386=FILL_AREA_STYLE_COLOUR('Paint - Enamel Glossy (Green)',#5388);
#5387=COLOUR_RGB('Plate',0.6,0.6,0.6);
#5388=COLOUR_RGB('Paint - Enamel Glossy (Green)',0.266666666666667,0.588235294117647,
0.282352941176471);
ENDSEC;
END-ISO-10303-21;
